season,player_id,player_name,team,date,opponent,is_home,is_win,game_pk,game_type,position,innings,putouts,assists,errors,throwing_errors,chances,fielding_pct,double_plays,triple_plays,range_factor_per_game,range_factor_per_9
2025,674265,Kevin Abel,Peoria Javelinas,2025-10-22,Glendale Desert Dogs,True,True,825643,R,P,1.0,0,0,0,0,0,.000,0,0,0.00,0.00
2025,674265,Kevin Abel,Peoria Javelinas,2025-10-28,Salt River Rafters,True,True,825639,R,P,2.0,0,0,0,0,0,.000,0,0,0.00,0.00
2025,674265,Kevin Abel,Peoria Javelinas,2025-11-02,Scottsdale Scorpions,False,False,825610,R,P,1.0,0,0,0,0,0,.000,0,0,0.00,0.00
2025,674265,Kevin Abel,Peoria Javelinas,2025-11-12,Glendale Desert Dogs,True,True,825573,D,P,1.0,0,0,0,0,0,.000,0,0,0.00,0.00
2025,674265,Kevin Abel,Peoria Javelinas,2025-11-14,Surprise Saguaros,False,False,825572,W,P,1.0,0,0,0,0,0,.000,0,0,0.00,0.00
2025,701771,Billy Amick,Peoria Javelinas,2025-10-06,Scottsdale Scorpions,False,True,825618,R,3B,9.0,1,0,0,0,1,1.000,1,0,1.00,1.00
2025,701771,Billy Amick,Peoria Javelinas,2025-10-09,Surprise Saguaros,True,False,825652,R,1B,9.0,7,0,0,0,7,1.000,1,0,7.00,7.00
2025,701771,Billy Amick,Peoria Javelinas,2025-10-15,Glendale Desert Dogs,True,False,825648,R,1B,9.0,11,0,0,0,11,1.000,0,0,11.00,11.00
2025,701771,Billy Amick,Peoria Javelinas,2025-10-17,Salt River Rafters,False,True,825632,R,1B,9.0,5,1,0,0,6,1.000,1,0,6.00,6.00
2025,701771,Billy Amick,Peoria Javelinas,2025-10-18,Salt River Rafters,True,False,825644,R,3B,7.0,1,1,0,0,2,1.000,1,0,2.00,2.57
2025,701771,Billy Amick,Peoria Javelinas,2025-10-21,Scottsdale Scorpions,True,True,825616,R,3B,7.0,0,2,0,0,2,1.000,0,0,2.00,2.57
2025,701771,Billy Amick,Peoria Javelinas,2025-10-22,Glendale Desert Dogs,True,True,825643,R,1B,9.0,11,0,0,0,11,1.000,2,0,11.00,11.00
2025,701771,Billy Amick,Peoria Javelinas,2025-10-26,Surprise Saguaros,False,False,825584,R,1B,8.0,9,0,0,0,9,1.000,1,0,9.00,10.13
2025,701771,Billy Amick,Peoria Javelinas,2025-10-30,Surprise Saguaros,True,False,825642,R,1B,9.0,10,0,0,0,10,1.000,1,0,10.00,10.00
2025,701771,Billy Amick,Peoria Javelinas,2025-11-06,Glendale Desert Dogs,True,False,825641,R,DH,0.0,0,0,0,0,0,1.000,0,0,0.00,-.--
2025,701771,Billy Amick,Peoria Javelinas,2025-11-11,Mesa Solar Sox,False,False,825592,R,1B,6.0,4,0,0,0,4,1.000,2,0,4.00,6.00
2025,803175,Ethan Anderson,Peoria Javelinas,2025-10-08,Mesa Solar Sox,False,True,825606,R,C,10.0,11,1,0,0,12,1.000,0,0,12.00,10.80
2025,803175,Ethan Anderson,Peoria Javelinas,2025-10-10,Salt River Rafters,True,True,825651,R,DH,0.0,0,0,0,0,0,1.000,0,0,0.00,-.--
2025,803175,Ethan Anderson,Peoria Javelinas,2025-10-15,Glendale Desert Dogs,True,False,825648,R,DH,0.0,0,0,0,0,0,1.000,0,0,0.00,-.--
2025,803175,Ethan Anderson,Peoria Javelinas,2025-10-16,Mesa Solar Sox,False,True,825603,R,C,9.0,11,1,0,0,12,1.000,0,0,12.00,12.00
2025,803175,Ethan Anderson,Peoria Javelinas,2025-10-18,Salt River Rafters,True,False,825644,R,DH,0.0,0,0,0,0,0,1.000,0,0,0.00,-.--
2025,803175,Ethan Anderson,Peoria Javelinas,2025-10-19,Mesa Solar Sox,True,False,825645,R,1B,9.0,11,0,0,0,11,1.000,1,0,11.00,11.00
2025,803175,Ethan Anderson,Peoria Javelinas,2025-10-21,Scottsdale Scorpions,True,False,825646,R,DH,0.0,0,0,0,0,0,1.000,0,0,0.00,-.--
2025,803175,Ethan Anderson,Peoria Javelinas,2025-10-21,Scottsdale Scorpions,True,True,825616,R,1B,7.0,4,0,0,0,4,1.000,1,0,4.00,5.14
2025,803175,Ethan Anderson,Peoria Javelinas,2025-10-22,Glendale Desert Dogs,True,True,825643,R,C,9.0,5,2,0,0,7,1.000,0,0,7.00,7.00
2025,803175,Ethan Anderson,Peoria Javelinas,2025-10-25,Glendale Desert Dogs,False,True,825662,R,C,8.0,3,2,0,0,5,1.000,0,0,5.00,5.63
2025,803175,Ethan Anderson,Peoria Javelinas,2025-10-25,Glendale Desert Dogs,False,True,825662,R,DH,0.0,0,0,0,0,0,1.000,0,0,0.00,-.--
2025,803175,Ethan Anderson,Peoria Javelinas,2025-10-28,Salt River Rafters,True,True,825639,R,DH,0.0,0,0,0,0,0,1.000,0,0,0.00,-.--
2025,803175,Ethan Anderson,Peoria Javelinas,2025-10-29,Salt River Rafters,False,True,825628,R,C,7.0,6,0,0,0,6,1.000,0,0,6.00,7.71
2025,803175,Ethan Anderson,Peoria Javelinas,2025-10-31,Glendale Desert Dogs,False,False,825659,R,C,6.0,7,0,1,1,8,.985,0,0,7.00,10.50
2025,803175,Ethan Anderson,Peoria Javelinas,2025-11-01,Surprise Saguaros,False,False,825578,R,RF,8.0,1,0,0,0,1,.985,0,0,1.00,1.13
2025,803175,Ethan Anderson,Peoria Javelinas,2025-11-04,Glendale Desert Dogs,False,False,825657,R,C,8.0,10,1,0,0,11,.987,0,0,11.00,12.38
2025,803175,Ethan Anderson,Peoria Javelinas,2025-11-05,Salt River Rafters,False,False,825625,R,1B,8.0,10,1,0,0,11,.989,2,0,11.00,12.38
2025,803175,Ethan Anderson,Peoria Javelinas,2025-11-06,Glendale Desert Dogs,True,False,825641,R,C,7.0,7,0,0,0,7,.989,0,0,7.00,9.00
2025,803175,Ethan Anderson,Peoria Javelinas,2025-11-10,Surprise Saguaros,False,True,825575,R,1B,7.0,5,0,0,0,5,.990,0,0,5.00,6.43
2025,803175,Ethan Anderson,Peoria Javelinas,2025-11-11,Mesa Solar Sox,False,False,825592,R,C,6.0,6,0,0,0,6,.991,0,0,6.00,9.00
2025,803175,Ethan Anderson,Peoria Javelinas,2025-11-12,Glendale Desert Dogs,True,True,825573,D,1B,9.0,11,2,0,0,13,1.000,0,0,13.00,13.00
2025,803175,Ethan Anderson,Peoria Javelinas,2025-11-13,Scottsdale Scorpions,False,True,825571,L,1B,9.0,6,1,0,0,7,1.000,1,0,7.00,7.00
2025,803175,Ethan Anderson,Peoria Javelinas,2025-11-14,Surprise Saguaros,False,False,825572,W,1B,8.0,9,1,0,0,10,1.000,0,0,10.00,11.25
2025,699114,Leo Balcazar,Peoria Javelinas,2025-10-06,Scottsdale Scorpions,False,True,825618,R,2B,9.0,0,0,0,0,0,.000,0,0,0.00,0.00
2025,699114,Leo Balcazar,Peoria Javelinas,2025-10-09,Surprise Saguaros,True,False,825652,R,3B,9.0,0,2,0,0,2,1.000,0,0,2.00,2.00
2025,699114,Leo Balcazar,Peoria Javelinas,2025-10-10,Salt River Rafters,True,True,825651,R,3B,9.0,0,3,0,0,3,1.000,0,0,3.00,3.00
2025,699114,Leo Balcazar,Peoria Javelinas,2025-10-14,Scottsdale Scorpions,True,False,825649,R,3B,9.0,0,7,0,0,7,1.000,0,0,7.00,7.00
2025,699114,Leo Balcazar,Peoria Javelinas,2025-10-16,Mesa Solar Sox,False,True,825603,R,3B,9.0,0,3,0,0,3,1.000,0,0,3.00,3.00
2025,699114,Leo Balcazar,Peoria Javelinas,2025-10-17,Salt River Rafters,False,True,825632,R,2B,9.0,2,2,0,0,4,1.000,1,0,4.00,4.00
2025,699114,Leo Balcazar,Peoria Javelinas,2025-10-18,Salt River Rafters,True,False,825644,R,SS,7.0,2,3,0,0,5,1.000,1,0,5.00,6.43
2025,699114,Leo Balcazar,Peoria Javelinas,2025-10-19,Mesa Solar Sox,True,False,825645,R,3B,9.0,0,0,0,0,0,1.000,0,0,0.00,0.00
2025,699114,Leo Balcazar,Peoria Javelinas,2025-10-21,Scottsdale Scorpions,True,False,825646,R,3B,7.0,0,1,1,1,2,.962,0,0,1.00,1.29
2025,699114,Leo Balcazar,Peoria Javelinas,2025-10-21,Scottsdale Scorpions,True,True,825616,R,2B,7.0,0,2,0,0,2,.964,1,0,2.00,2.57
2025,699114,Leo Balcazar,Peoria Javelinas,2025-10-22,Glendale Desert Dogs,True,True,825643,R,SS,9.0,3,5,0,0,8,.972,1,0,8.00,8.00
2025,699114,Leo Balcazar,Peoria Javelinas,2025-10-23,Scottsdale Scorpions,True,False,825638,R,3B,7.0,0,0,0,0,0,.972,0,0,0.00,0.00
2025,699114,Leo Balcazar,Peoria Javelinas,2025-10-25,Glendale Desert Dogs,False,True,825662,R,SS,9.0,1,7,0,0,8,.977,1,0,8.00,8.00
2025,699114,Leo Balcazar,Peoria Javelinas,2025-10-28,Salt River Rafters,True,True,825639,R,SS,9.0,1,6,0,0,7,.980,1,0,7.00,7.00
2025,699114,Leo Balcazar,Peoria Javelinas,2025-10-29,Salt River Rafters,False,True,825628,R,3B,7.0,0,1,0,0,1,.981,0,0,1.00,1.29
2025,699114,Leo Balcazar,Peoria Javelinas,2025-10-30,Surprise Saguaros,True,False,825642,R,3B,9.0,0,2,0,0,2,.981,0,0,2.00,2.00
2025,699114,Leo Balcazar,Peoria Javelinas,2025-10-31,Glendale Desert Dogs,False,False,825659,R,SS,6.0,0,3,0,0,3,.982,0,0,3.00,4.50
2025,699114,Leo Balcazar,Peoria Javelinas,2025-11-01,Surprise Saguaros,False,False,825578,R,3B,8.0,1,0,1,0,2,.966,0,0,1.00,1.13
2025,699114,Leo Balcazar,Peoria Javelinas,2025-11-02,Scottsdale Scorpions,False,False,825610,R,SS,8.0,1,2,0,0,3,.968,0,0,3.00,3.38
2025,699114,Leo Balcazar,Peoria Javelinas,2025-11-04,Glendale Desert Dogs,False,False,825657,R,3B,8.0,1,0,0,0,1,.968,0,0,1.00,1.13
2025,699114,Leo Balcazar,Peoria Javelinas,2025-11-05,Salt River Rafters,False,False,825625,R,SS,8.0,0,6,0,0,6,.971,1,0,6.00,6.75
2025,699114,Leo Balcazar,Peoria Javelinas,2025-11-07,Mesa Solar Sox,True,True,825640,R,SS,9.0,0,3,0,0,3,.972,1,0,3.00,3.00
2025,699114,Leo Balcazar,Peoria Javelinas,2025-11-10,Surprise Saguaros,False,True,825575,R,SS,7.0,1,2,0,0,3,.973,0,0,3.00,3.86
2025,699114,Leo Balcazar,Peoria Javelinas,2025-11-11,Mesa Solar Sox,False,False,825592,R,SS,6.0,1,1,0,0,2,.974,0,0,2.00,3.00
2025,699114,Leo Balcazar,Peoria Javelinas,2025-11-12,Glendale Desert Dogs,True,True,825573,D,SS,9.0,0,3,1,0,4,.750,0,0,3.00,3.00
2025,699114,Leo Balcazar,Peoria Javelinas,2025-11-13,Scottsdale Scorpions,False,True,825571,L,SS,9.0,1,1,1,0,3,.667,1,0,2.00,2.00
2025,699114,Leo Balcazar,Peoria Javelinas,2025-11-14,Surprise Saguaros,False,False,825572,W,SS,8.0,2,0,0,0,2,1.000,0,0,2.00,2.25
2025,691629,Miguelangel Boadas,Peoria Javelinas,2025-10-10,Salt River Rafters,True,True,825651,R,P,3.0,0,1,0,0,1,1.000,0,0,1.00,3.00
2025,691629,Miguelangel Boadas,Peoria Javelinas,2025-10-18,Salt River Rafters,True,False,825644,R,P,3.0,0,0,0,0,0,1.000,0,0,0.00,0.00
2025,691629,Miguelangel Boadas,Peoria Javelinas,2025-10-25,Glendale Desert Dogs,False,True,825662,R,P,4.0,0,1,0,0,1,1.000,0,0,1.00,2.25
2025,691629,Miguelangel Boadas,Peoria Javelinas,2025-11-01,Surprise Saguaros,False,False,825578,R,P,1.2,0,0,0,0,0,1.000,0,0,0.00,0.00
2025,691629,Miguelangel Boadas,Peoria Javelinas,2025-11-14,Surprise Saguaros,False,False,825572,W,P,3.0,0,0,0,0,0,.000,0,0,0.00,0.00
2025,690961,Enrique Bradfield Jr.,Peoria Javelinas,2025-10-06,Scottsdale Scorpions,False,True,825618,R,CF,9.0,3,1,0,0,4,1.000,0,0,4.00,4.00
2025,690961,Enrique Bradfield Jr.,Peoria Javelinas,2025-10-08,Mesa Solar Sox,False,True,825606,R,DH,0.0,0,0,0,0,0,1.000,0,0,0.00,-.--
2025,690961,Enrique Bradfield Jr.,Peoria Javelinas,2025-10-09,Surprise Saguaros,True,False,825652,R,CF,9.0,4,0,0,0,4,1.000,0,0,4.00,4.00
2025,690961,Enrique Bradfield Jr.,Peoria Javelinas,2025-10-14,Scottsdale Scorpions,True,False,825649,R,CF,9.0,0,0,0,0,0,1.000,0,0,0.00,0.00
2025,690961,Enrique Bradfield Jr.,Peoria Javelinas,2025-10-16,Mesa Solar Sox,False,True,825603,R,CF,9.0,4,0,0,0,4,1.000,0,0,4.00,4.00
2025,690961,Enrique Bradfield Jr.,Peoria Javelinas,2025-10-18,Salt River Rafters,True,False,825644,R,CF,7.0,1,0,0,0,1,1.000,0,0,1.00,1.29
2025,690961,Enrique Bradfield Jr.,Peoria Javelinas,2025-10-19,Mesa Solar Sox,True,False,825645,R,CF,9.0,0,0,0,0,0,1.000,0,0,0.00,0.00
2025,690961,Enrique Bradfield Jr.,Peoria Javelinas,2025-10-21,Scottsdale Scorpions,True,False,825646,R,CF,7.0,3,0,0,0,3,1.000,0,0,3.00,3.86
2025,690961,Enrique Bradfield Jr.,Peoria Javelinas,2025-10-22,Glendale Desert Dogs,True,True,825643,R,CF,9.0,3,0,0,0,3,1.000,0,0,3.00,3.00
2025,690961,Enrique Bradfield Jr.,Peoria Javelinas,2025-10-25,Glendale Desert Dogs,False,True,825662,R,CF,9.0,6,0,0,0,6,1.000,0,0,6.00,6.00
2025,690961,Enrique Bradfield Jr.,Peoria Javelinas,2025-10-26,Surprise Saguaros,False,False,825584,R,CF,8.0,1,0,0,0,1,1.000,0,0,1.00,1.13
2025,690961,Enrique Bradfield Jr.,Peoria Javelinas,2025-10-28,Salt River Rafters,True,True,825639,R,CF,9.0,0,0,0,0,0,1.000,0,0,0.00,0.00
2025,690961,Enrique Bradfield Jr.,Peoria Javelinas,2025-10-29,Salt River Rafters,False,True,825628,R,CF,7.0,1,0,0,0,1,1.000,0,0,1.00,1.29
2025,690961,Enrique Bradfield Jr.,Peoria Javelinas,2025-10-31,Glendale Desert Dogs,False,False,825659,R,CF,6.0,0,0,0,0,0,1.000,0,0,0.00,0.00
2025,690961,Enrique Bradfield Jr.,Peoria Javelinas,2025-11-01,Surprise Saguaros,False,False,825578,R,CF,8.0,1,0,0,0,1,1.000,0,0,1.00,1.13
2025,690961,Enrique Bradfield Jr.,Peoria Javelinas,2025-11-04,Glendale Desert Dogs,False,False,825657,R,CF,8.0,3,0,1,0,4,.969,0,0,3.00,3.38
2025,690961,Enrique Bradfield Jr.,Peoria Javelinas,2025-11-05,Salt River Rafters,False,False,825625,R,CF,8.0,1,0,0,0,1,.970,0,0,1.00,1.13
2025,690961,Enrique Bradfield Jr.,Peoria Javelinas,2025-11-06,Glendale Desert Dogs,True,False,825641,R,CF,7.0,2,0,0,0,2,.971,0,0,2.00,2.57
2025,690961,Enrique Bradfield Jr.,Peoria Javelinas,2025-11-07,Mesa Solar Sox,True,True,825640,R,CF,9.0,4,0,0,0,4,.974,0,0,4.00,4.00
2025,690961,Enrique Bradfield Jr.,Peoria Javelinas,2025-11-10,Surprise Saguaros,False,True,825575,R,CF,7.0,0,0,0,0,0,.974,0,0,0.00,0.00
2025,690961,Enrique Bradfield Jr.,Peoria Javelinas,2025-11-12,Glendale Desert Dogs,True,True,825573,D,CF,9.0,1,0,1,1,2,.500,0,0,1.00,1.00
2025,690961,Enrique Bradfield Jr.,Peoria Javelinas,2025-11-13,Scottsdale Scorpions,False,True,825571,L,CF,9.0,3,0,0,0,3,1.000,0,0,3.00,3.00
2025,690961,Enrique Bradfield Jr.,Peoria Javelinas,2025-11-14,Surprise Saguaros,False,False,825572,W,CF,8.0,2,0,0,0,2,1.000,0,0,2.00,2.25
2025,804663,Tyler Cleveland,Peoria Javelinas,2025-10-08,Mesa Solar Sox,False,True,825606,R,P,1.0,0,0,0,0,0,.000,0,0,0.00,0.00
2025,804663,Tyler Cleveland,Peoria Javelinas,2025-10-15,Glendale Desert Dogs,True,False,825648,R,P,1.0,0,0,0,0,0,.000,0,0,0.00,0.00
2025,804663,Tyler Cleveland,Peoria Javelinas,2025-10-21,Scottsdale Scorpions,True,False,825646,R,P,1.1,0,1,0,0,1,1.000,0,0,1.00,9.00
2025,804663,Tyler Cleveland,Peoria Javelinas,2025-10-28,Salt River Rafters,True,True,825639,R,P,1.0,0,0,0,0,0,1.000,0,0,0.00,0.00
2025,804663,Tyler Cleveland,Peoria Javelinas,2025-11-04,Glendale Desert Dogs,False,False,825657,R,P,1.1,0,0,0,0,0,1.000,0,0,0.00,0.00
2025,804663,Tyler Cleveland,Peoria Javelinas,2025-11-07,Mesa Solar Sox,True,True,825640,R,P,1.0,0,0,0,0,0,1.000,0,0,0.00,0.00
2025,804663,Tyler Cleveland,Peoria Javelinas,2025-11-13,Scottsdale Scorpions,False,True,825571,L,P,1.0,1,0,0,0,1,1.000,0,0,1.00,9.00
2025,702253,Cam Collier,Peoria Javelinas,2025-10-06,Scottsdale Scorpions,False,True,825618,R,1B,9.0,9,2,0,0,11,1.000,1,0,11.00,11.00
2025,702253,Cam Collier,Peoria Javelinas,2025-10-08,Mesa Solar Sox,False,True,825606,R,1B,10.0,13,1,0,0,14,1.000,2,0,14.00,12.60
2025,702253,Cam Collier,Peoria Javelinas,2025-10-10,Salt River Rafters,True,True,825651,R,1B,9.0,9,0,0,0,9,1.000,0,0,9.00,9.00
2025,702253,Cam Collier,Peoria Javelinas,2025-10-14,Scottsdale Scorpions,True,False,825649,R,1B,9.0,12,0,1,0,13,.979,0,0,12.00,12.00
2025,702253,Cam Collier,Peoria Javelinas,2025-10-16,Mesa Solar Sox,False,True,825603,R,1B,9.0,7,1,0,0,8,.982,0,0,8.00,8.00
2025,702253,Cam Collier,Peoria Javelinas,2025-10-17,Salt River Rafters,False,True,825632,R,3B,9.0,3,2,0,0,5,.983,1,0,5.00,5.00
2025,702253,Cam Collier,Peoria Javelinas,2025-10-18,Salt River Rafters,True,False,825644,R,1B,7.0,8,0,0,0,8,.985,2,0,8.00,10.29
2025,702253,Cam Collier,Peoria Javelinas,2025-10-21,Scottsdale Scorpions,True,False,825646,R,1B,7.0,3,0,0,0,3,.986,0,0,3.00,3.86
2025,702253,Cam Collier,Peoria Javelinas,2025-10-21,Scottsdale Scorpions,True,True,825616,R,DH,0.0,0,0,0,0,0,.986,0,0,0.00,-.--
2025,702253,Cam Collier,Peoria Javelinas,2025-10-23,Scottsdale Scorpions,True,False,825638,R,1B,7.0,5,0,0,0,5,.987,0,0,5.00,6.43
2025,702253,Cam Collier,Peoria Javelinas,2025-10-25,Glendale Desert Dogs,False,True,825662,R,1B,9.0,9,1,0,0,10,.988,1,0,10.00,10.00
2025,702253,Cam Collier,Peoria Javelinas,2025-10-26,Surprise Saguaros,False,False,825584,R,3B,8.0,1,1,0,0,2,.989,1,0,2.00,2.25
2025,702253,Cam Collier,Peoria Javelinas,2025-10-28,Salt River Rafters,True,True,825639,R,1B,9.0,11,0,0,0,11,.990,1,0,11.00,11.00
2025,702253,Cam Collier,Peoria Javelinas,2025-10-29,Salt River Rafters,False,True,825628,R,1B,7.0,8,0,0,0,8,.991,2,0,8.00,10.29
2025,702253,Cam Collier,Peoria Javelinas,2025-10-31,Glendale Desert Dogs,False,False,825659,R,1B,6.0,8,0,0,0,8,.991,0,0,8.00,12.00
2025,702253,Cam Collier,Peoria Javelinas,2025-11-01,Surprise Saguaros,False,False,825578,R,1B,8.0,6,2,0,0,8,.992,1,0,8.00,9.00
2025,702253,Cam Collier,Peoria Javelinas,2025-11-02,Scottsdale Scorpions,False,False,825610,R,1B,8.0,11,2,0,0,13,.993,1,0,13.00,14.63
2025,702253,Cam Collier,Peoria Javelinas,2025-11-04,Glendale Desert Dogs,False,False,825657,R,1B,8.0,6,2,1,0,9,.986,0,0,8.00,9.00
2025,702253,Cam Collier,Peoria Javelinas,2025-11-05,Salt River Rafters,False,False,825625,R,3B,8.0,1,2,1,1,4,.980,1,0,3.00,3.38
2025,702253,Cam Collier,Peoria Javelinas,2025-11-06,Glendale Desert Dogs,True,False,825641,R,3B,7.0,0,2,0,0,2,.980,0,0,2.00,2.57
2025,702253,Cam Collier,Peoria Javelinas,2025-11-07,Mesa Solar Sox,True,True,825640,R,1B,9.0,8,3,0,0,11,.981,1,0,11.00,11.00
2025,702253,Cam Collier,Peoria Javelinas,2025-11-11,Mesa Solar Sox,False,False,825592,R,DH,0.0,0,0,0,0,0,.981,0,0,0.00,-.--
2025,702253,Cam Collier,Peoria Javelinas,2025-11-12,Glendale Desert Dogs,True,True,825573,D,DH,0.0,0,0,0,0,0,.000,0,0,0.00,-.--
2025,702253,Cam Collier,Peoria Javelinas,2025-11-13,Scottsdale Scorpions,False,True,825571,L,DH,0.0,0,0,0,0,0,.000,0,0,0.00,-.--
2025,702253,Cam Collier,Peoria Javelinas,2025-11-14,Surprise Saguaros,False,False,825572,W,DH,0.0,0,0,0,0,0,.000,0,0,0.00,-.--
2025,801725,Luis De León,Peoria Javelinas,2025-10-08,Mesa Solar Sox,False,True,825606,R,P,4.0,0,0,0,0,0,.000,0,0,0.00,0.00
2025,801725,Luis De León,Peoria Javelinas,2025-10-16,Mesa Solar Sox,False,True,825603,R,P,4.1,0,0,0,0,0,.000,0,0,0.00,0.00
2025,801725,Luis De León,Peoria Javelinas,2025-10-22,Glendale Desert Dogs,True,True,825643,R,P,3.0,0,1,0,0,1,1.000,1,0,1.00,3.00
2025,801725,Luis De León,Peoria Javelinas,2025-10-29,Salt River Rafters,False,True,825628,R,P,3.0,0,0,0,0,0,1.000,0,0,0.00,0.00
2025,801725,Luis De León,Peoria Javelinas,2025-11-04,Glendale Desert Dogs,False,False,825657,R,P,2.0,0,0,0,0,0,1.000,0,0,0.00,0.00
2025,687040,Sayer Diederich,Peoria Javelinas,2025-10-09,Surprise Saguaros,True,False,825652,R,P,1.0,0,0,0,0,0,.000,0,0,0.00,0.00
2025,687040,Sayer Diederich,Peoria Javelinas,2025-10-15,Glendale Desert Dogs,True,False,825648,R,P,1.0,0,0,0,0,0,.000,0,0,0.00,0.00
2025,687040,Sayer Diederich,Peoria Javelinas,2025-10-21,Scottsdale Scorpions,True,False,825646,R,P,1.2,0,0,0,0,0,.000,0,0,0.00,0.00
2025,687040,Sayer Diederich,Peoria Javelinas,2025-10-26,Surprise Saguaros,False,False,825584,R,P,1.0,0,0,0,0,0,.000,0,0,0.00,0.00
2025,687040,Sayer Diederich,Peoria Javelinas,2025-11-01,Surprise Saguaros,False,False,825578,R,P,1.0,0,1,0,0,1,1.000,0,0,1.00,9.00
2025,687040,Sayer Diederich,Peoria Javelinas,2025-11-05,Salt River Rafters,False,False,825625,R,P,1.0,0,0,0,0,0,1.000,0,0,0.00,0.00
2025,687040,Sayer Diederich,Peoria Javelinas,2025-11-10,Surprise Saguaros,False,True,825575,R,P,1.0,0,0,0,0,0,1.000,0,0,0.00,0.00
2025,687040,Sayer Diederich,Peoria Javelinas,2025-11-14,Surprise Saguaros,False,False,825572,W,P,1.2,0,0,1,1,1,.000,0,0,0.00,0.00
2025,805955,Carson Dorsey,Peoria Javelinas,2025-10-08,Mesa Solar Sox,False,True,825606,R,P,3.0,0,0,0,0,0,.000,0,0,0.00,0.00
2025,805955,Carson Dorsey,Peoria Javelinas,2025-10-16,Mesa Solar Sox,False,True,825603,R,P,3.0,0,0,0,0,0,.000,0,0,0.00,0.00
2025,805955,Carson Dorsey,Peoria Javelinas,2025-10-22,Glendale Desert Dogs,True,True,825643,R,P,4.0,0,0,0,0,0,.000,0,0,0.00,0.00
2025,805955,Carson Dorsey,Peoria Javelinas,2025-10-29,Salt River Rafters,False,True,825628,R,P,4.0,0,0,0,0,0,.000,0,0,0.00,0.00
2025,805955,Carson Dorsey,Peoria Javelinas,2025-11-05,Salt River Rafters,False,False,825625,R,P,4.0,0,1,0,0,1,1.000,0,0,1.00,2.25
2025,805955,Carson Dorsey,Peoria Javelinas,2025-11-11,Mesa Solar Sox,False,False,825592,R,P,4.0,0,0,0,0,0,1.000,0,0,0.00,0.00
2025,827317,Brandon Downer,Peoria Javelinas,2025-10-08,Mesa Solar Sox,False,True,825606,R,P,1.0,0,1,0,0,1,1.000,0,0,1.00,9.00
2025,827317,Brandon Downer,Peoria Javelinas,2025-10-15,Glendale Desert Dogs,True,False,825648,R,P,1.0,0,0,0,0,0,1.000,0,0,0.00,0.00
2025,827317,Brandon Downer,Peoria Javelinas,2025-10-21,Scottsdale Scorpions,True,True,825616,R,P,1.2,0,0,0,0,0,1.000,0,0,0.00,0.00
2025,827317,Brandon Downer,Peoria Javelinas,2025-10-25,Glendale Desert Dogs,False,True,825662,R,P,1.0,0,0,0,0,0,1.000,0,0,0.00,0.00
2025,827317,Brandon Downer,Peoria Javelinas,2025-10-31,Glendale Desert Dogs,False,False,825659,R,P,1.0,0,0,0,0,0,1.000,0,0,0.00,0.00
2025,827317,Brandon Downer,Peoria Javelinas,2025-11-06,Glendale Desert Dogs,True,False,825641,R,P,1.1,0,0,0,0,0,1.000,0,0,0.00,0.00
2025,827317,Brandon Downer,Peoria Javelinas,2025-11-10,Surprise Saguaros,False,True,825575,R,P,2.0,0,0,0,0,0,1.000,0,0,0.00,0.00
2025,827317,Brandon Downer,Peoria Javelinas,2025-11-14,Surprise Saguaros,False,False,825572,W,P,0.2,0,0,0,0,0,.000,0,0,0.00,0.00
2025,806957,Alfredo Duno,Peoria Javelinas,2025-10-09,Surprise Saguaros,True,False,825652,R,DH,0.0,0,0,0,0,0,.000,0,0,0.00,-.--
2025,806957,Alfredo Duno,Peoria Javelinas,2025-10-10,Salt River Rafters,True,True,825651,R,C,9.0,8,0,0,0,8,1.000,0,0,8.00,8.00
2025,806957,Alfredo Duno,Peoria Javelinas,2025-10-14,Scottsdale Scorpions,True,False,825649,R,C,9.0,9,1,0,0,10,1.000,0,0,10.00,10.00
2025,806957,Alfredo Duno,Peoria Javelinas,2025-10-16,Mesa Solar Sox,False,True,825603,R,DH,0.0,0,0,0,0,0,1.000,0,0,0.00,-.--
2025,806957,Alfredo Duno,Peoria Javelinas,2025-10-18,Salt River Rafters,True,False,825644,R,C,7.0,6,2,0,0,8,1.000,0,0,8.00,10.29
2025,806957,Alfredo Duno,Peoria Javelinas,2025-10-21,Scottsdale Scorpions,True,True,825616,R,C,7.0,12,0,0,0,12,1.000,0,0,12.00,15.43
2025,806957,Alfredo Duno,Peoria Javelinas,2025-10-22,Glendale Desert Dogs,True,True,825643,R,DH,0.0,0,0,0,0,0,1.000,0,0,0.00,-.--
2025,806957,Alfredo Duno,Peoria Javelinas,2025-10-25,Glendale Desert Dogs,False,True,825662,R,C,1.0,1,0,0,0,1,1.000,0,0,1.00,9.00
2025,806957,Alfredo Duno,Peoria Javelinas,2025-10-26,Surprise Saguaros,False,False,825584,R,DH,0.0,0,0,0,0,0,1.000,0,0,0.00,-.--
2025,806957,Alfredo Duno,Peoria Javelinas,2025-10-28,Salt River Rafters,True,True,825639,R,C,9.0,11,2,1,1,14,.981,0,0,13.00,13.00
2025,806957,Alfredo Duno,Peoria Javelinas,2025-10-30,Surprise Saguaros,True,False,825642,R,DH,0.0,0,0,0,0,0,.981,0,0,0.00,-.--
2025,806957,Alfredo Duno,Peoria Javelinas,2025-11-01,Surprise Saguaros,False,False,825578,R,C,8.0,9,2,0,0,11,.984,0,0,11.00,12.38
2025,806957,Alfredo Duno,Peoria Javelinas,2025-11-02,Scottsdale Scorpions,False,False,825610,R,DH,0.0,0,0,0,0,0,.984,0,0,0.00,-.--
2025,806957,Alfredo Duno,Peoria Javelinas,2025-11-07,Mesa Solar Sox,True,True,825640,R,C,9.0,8,0,0,0,8,.986,0,0,8.00,8.00
2025,806957,Alfredo Duno,Peoria Javelinas,2025-11-10,Surprise Saguaros,False,True,825575,R,DH,0.0,0,0,0,0,0,.986,0,0,0.00,-.--
2025,806957,Alfredo Duno,Peoria Javelinas,2025-11-12,Glendale Desert Dogs,True,True,825573,D,C,9.0,7,1,0,0,8,1.000,0,0,8.00,8.00
2025,806957,Alfredo Duno,Peoria Javelinas,2025-11-13,Scottsdale Scorpions,False,True,825571,L,C,9.0,10,1,0,0,11,1.000,0,0,11.00,11.00
2025,806957,Alfredo Duno,Peoria Javelinas,2025-11-14,Surprise Saguaros,False,False,825572,W,C,8.0,8,2,0,0,10,1.000,0,0,10.00,11.25
2025,806071,Jonny Farmelo,Peoria Javelinas,2025-10-06,Scottsdale Scorpions,False,True,825618,R,LF,9.0,1,0,0,0,1,1.000,0,0,1.00,1.00
2025,806071,Jonny Farmelo,Peoria Javelinas,2025-10-08,Mesa Solar Sox,False,True,825606,R,CF,10.0,0,0,0,0,0,1.000,0,0,0.00,0.00
2025,806071,Jonny Farmelo,Peoria Javelinas,2025-10-10,Salt River Rafters,True,True,825651,R,CF,9.0,4,0,0,0,4,1.000,0,0,4.00,4.00
2025,806071,Jonny Farmelo,Peoria Javelinas,2025-10-14,Scottsdale Scorpions,True,False,825649,R,LF,9.0,2,0,0,0,2,1.000,0,0,2.00,2.00
2025,806071,Jonny Farmelo,Peoria Javelinas,2025-10-15,Glendale Desert Dogs,True,False,825648,R,CF,9.0,1,0,0,0,1,1.000,0,0,1.00,1.00
2025,806071,Jonny Farmelo,Peoria Javelinas,2025-10-17,Salt River Rafters,False,True,825632,R,CF,9.0,1,0,0,0,1,1.000,0,0,1.00,1.00
2025,806071,Jonny Farmelo,Peoria Javelinas,2025-10-18,Salt River Rafters,True,False,825644,R,LF,7.0,1,0,0,0,1,1.000,0,0,1.00,1.29
2025,806071,Jonny Farmelo,Peoria Javelinas,2025-10-19,Mesa Solar Sox,True,False,825645,R,DH,0.0,0,0,0,0,0,1.000,0,0,0.00,-.--
2025,806071,Jonny Farmelo,Peoria Javelinas,2025-10-21,Scottsdale Scorpions,True,False,825646,R,LF,7.0,2,1,0,0,3,1.000,1,0,3.00,3.86
2025,806071,Jonny Farmelo,Peoria Javelinas,2025-10-21,Scottsdale Scorpions,True,True,825616,R,CF,7.0,2,0,1,0,3,.938,0,0,2.00,2.57
2025,806071,Jonny Farmelo,Peoria Javelinas,2025-10-22,Glendale Desert Dogs,True,True,825643,R,LF,9.0,1,0,0,0,1,.941,0,0,1.00,1.00
2025,806071,Jonny Farmelo,Peoria Javelinas,2025-10-25,Glendale Desert Dogs,False,True,825662,R,RF,9.0,2,0,0,0,2,.947,0,0,2.00,2.00
2025,806071,Jonny Farmelo,Peoria Javelinas,2025-10-28,Salt River Rafters,True,True,825639,R,RF,9.0,1,0,0,0,1,.950,0,0,1.00,1.00
2025,806071,Jonny Farmelo,Peoria Javelinas,2025-10-29,Salt River Rafters,False,True,825628,R,RF,7.0,2,0,0,0,2,.955,0,0,2.00,2.57
2025,806071,Jonny Farmelo,Peoria Javelinas,2025-10-30,Surprise Saguaros,True,False,825642,R,CF,9.0,1,0,0,0,1,.957,0,0,1.00,1.00
2025,806071,Jonny Farmelo,Peoria Javelinas,2025-11-01,Surprise Saguaros,False,False,825578,R,LF,8.0,2,0,0,0,2,.960,0,0,2.00,2.25
2025,806071,Jonny Farmelo,Peoria Javelinas,2025-11-02,Scottsdale Scorpions,False,False,825610,R,CF,8.0,1,0,0,0,1,.962,0,0,1.00,1.13
2025,806071,Jonny Farmelo,Peoria Javelinas,2025-11-04,Glendale Desert Dogs,False,False,825657,R,RF,8.0,0,1,0,0,1,.963,0,0,1.00,1.13
2025,806071,Jonny Farmelo,Peoria Javelinas,2025-11-05,Salt River Rafters,False,False,825625,R,LF,8.0,1,1,0,0,2,.966,1,0,2.00,2.25
2025,806071,Jonny Farmelo,Peoria Javelinas,2025-11-06,Glendale Desert Dogs,True,False,825641,R,RF,7.0,0,0,0,0,0,.966,0,0,0.00,0.00
2025,806071,Jonny Farmelo,Peoria Javelinas,2025-11-07,Mesa Solar Sox,True,True,825640,R,LF,9.0,3,0,0,0,3,.969,0,0,3.00,3.00
2025,806071,Jonny Farmelo,Peoria Javelinas,2025-11-10,Surprise Saguaros,False,True,825575,R,LF,7.0,2,0,0,0,2,.971,0,0,2.00,2.57
2025,806071,Jonny Farmelo,Peoria Javelinas,2025-11-11,Mesa Solar Sox,False,False,825592,R,CF,6.0,2,0,0,0,2,.972,0,0,2.00,3.00
2025,806071,Jonny Farmelo,Peoria Javelinas,2025-11-12,Glendale Desert Dogs,True,True,825573,D,RF,9.0,4,0,0,0,4,1.000,0,0,4.00,4.00
2025,806071,Jonny Farmelo,Peoria Javelinas,2025-11-13,Scottsdale Scorpions,False,True,825571,L,RF,9.0,3,0,0,0,3,1.000,0,0,3.00,3.00
2025,806071,Jonny Farmelo,Peoria Javelinas,2025-11-14,Surprise Saguaros,False,False,825572,W,RF,8.0,0,0,0,0,0,.000,0,0,0.00,0.00
2025,828471,Jakob Hall,Peoria Javelinas,2025-10-10,Salt River Rafters,True,True,825651,R,P,1.0,0,0,0,0,0,.000,0,0,0.00,0.00
2025,828471,Jakob Hall,Peoria Javelinas,2025-10-16,Mesa Solar Sox,False,True,825603,R,P,0.2,0,0,0,0,0,.000,0,0,0.00,0.00
2025,828471,Jakob Hall,Peoria Javelinas,2025-10-19,Mesa Solar Sox,True,False,825645,R,P,1.0,0,0,0,0,0,.000,0,0,0.00,0.00
2025,828471,Jakob Hall,Peoria Javelinas,2025-10-25,Glendale Desert Dogs,False,True,825662,R,P,1.0,0,0,0,0,0,.000,0,0,0.00,0.00
2025,828471,Jakob Hall,Peoria Javelinas,2025-10-31,Glendale Desert Dogs,False,False,825659,R,P,1.2,0,0,0,0,0,.000,0,0,0.00,0.00
2025,828471,Jakob Hall,Peoria Javelinas,2025-11-04,Glendale Desert Dogs,False,False,825657,R,P,1.0,0,0,0,0,0,.000,0,0,0.00,0.00
2025,828471,Jakob Hall,Peoria Javelinas,2025-11-11,Mesa Solar Sox,False,False,825592,R,P,1.2,0,0,0,0,0,.000,0,0,0.00,0.00
2025,801333,Johnathan Harmon,Peoria Javelinas,2025-10-09,Surprise Saguaros,True,False,825652,R,P,2.0,0,0,0,0,0,.000,0,0,0.00,0.00
2025,801333,Johnathan Harmon,Peoria Javelinas,2025-10-17,Salt River Rafters,False,True,825632,R,P,3.0,0,0,0,0,0,.000,0,0,0.00,0.00
2025,801333,Johnathan Harmon,Peoria Javelinas,2025-10-23,Scottsdale Scorpions,True,False,825638,R,P,2.0,0,0,0,0,0,.000,0,0,0.00,0.00
2025,801333,Johnathan Harmon,Peoria Javelinas,2025-10-30,Surprise Saguaros,True,False,825642,R,P,3.0,0,0,0,0,0,.000,0,0,0.00,0.00
2025,801333,Johnathan Harmon,Peoria Javelinas,2025-11-06,Glendale Desert Dogs,True,False,825641,R,P,3.2,0,0,0,0,0,.000,0,0,0.00,0.00
2025,801333,Johnathan Harmon,Peoria Javelinas,2025-11-13,Scottsdale Scorpions,False,True,825571,L,P,3.1,0,0,0,0,0,.000,0,0,0.00,0.00
2025,686470,Ryan Hawks,Peoria Javelinas,2025-10-14,Scottsdale Scorpions,True,False,825649,R,P,1.0,0,0,0,0,0,.000,0,0,0.00,0.00
2025,686470,Ryan Hawks,Peoria Javelinas,2025-10-19,Mesa Solar Sox,True,False,825645,R,P,2.0,0,0,0,0,0,.000,0,0,0.00,0.00
2025,686470,Ryan Hawks,Peoria Javelinas,2025-10-26,Surprise Saguaros,False,False,825584,R,P,2.0,0,0,0,0,0,.000,0,0,0.00,0.00
2025,686470,Ryan Hawks,Peoria Javelinas,2025-11-02,Scottsdale Scorpions,False,False,825610,R,P,3.0,1,0,0,0,1,1.000,0,0,1.00,3.00
2025,686470,Ryan Hawks,Peoria Javelinas,2025-11-10,Surprise Saguaros,False,True,825575,R,P,3.0,0,0,0,0,0,1.000,0,0,0.00,0.00
2025,695569,Luke Hayden,Peoria Javelinas,2025-10-06,Scottsdale Scorpions,False,True,825618,R,P,1.0,0,0,0,0,0,.000,0,0,0.00,0.00
2025,695569,Luke Hayden,Peoria Javelinas,2025-10-15,Glendale Desert Dogs,True,False,825648,R,P,0.2,0,1,0,0,1,1.000,0,0,1.00,0.00
2025,695569,Luke Hayden,Peoria Javelinas,2025-10-19,Mesa Solar Sox,True,False,825645,R,P,0.1,0,0,0,0,0,1.000,0,0,0.00,0.00
2025,695569,Luke Hayden,Peoria Javelinas,2025-10-23,Scottsdale Scorpions,True,False,825638,R,P,0.0,0,0,0,0,0,1.000,0,0,0.00,-.--
2025,804592,Hunter Hoopes,Peoria Javelinas,2025-10-10,Salt River Rafters,True,True,825651,R,P,1.0,0,0,0,0,0,.000,0,0,0.00,0.00
2025,804592,Hunter Hoopes,Peoria Javelinas,2025-10-17,Salt River Rafters,False,True,825632,R,P,2.0,1,0,0,0,1,1.000,0,0,1.00,4.50
2025,804592,Hunter Hoopes,Peoria Javelinas,2025-10-21,Scottsdale Scorpions,True,False,825646,R,P,1.0,0,0,0,0,0,1.000,0,0,0.00,0.00
2025,804592,Hunter Hoopes,Peoria Javelinas,2025-10-25,Glendale Desert Dogs,False,True,825662,R,P,1.0,0,0,0,0,0,1.000,0,0,0.00,0.00
2025,804592,Hunter Hoopes,Peoria Javelinas,2025-10-31,Glendale Desert Dogs,False,False,825659,R,P,1.0,0,0,0,0,0,1.000,0,0,0.00,0.00
2025,804592,Hunter Hoopes,Peoria Javelinas,2025-11-04,Glendale Desert Dogs,False,False,825657,R,P,1.0,1,0,0,0,1,1.000,0,0,1.00,9.00
2025,804592,Hunter Hoopes,Peoria Javelinas,2025-11-10,Surprise Saguaros,False,True,825575,R,P,1.0,0,0,0,0,0,1.000,0,0,0.00,0.00
2025,810838,Ryan Jackson,Peoria Javelinas,2025-10-08,Mesa Solar Sox,False,True,825606,R,SS,10.0,0,5,1,0,6,.833,0,0,5.00,4.50
2025,810838,Ryan Jackson,Peoria Javelinas,2025-10-09,Surprise Saguaros,True,False,825652,R,SS,9.0,0,4,0,0,4,.900,1,0,4.00,4.00
2025,810838,Ryan Jackson,Peoria Javelinas,2025-10-10,Salt River Rafters,True,True,825651,R,2B,9.0,2,0,0,0,2,.917,0,0,2.00,2.00
2025,810838,Ryan Jackson,Peoria Javelinas,2025-10-15,Glendale Desert Dogs,True,False,825648,R,SS,9.0,2,3,1,0,6,.889,0,0,5.00,5.00
2025,810838,Ryan Jackson,Peoria Javelinas,2025-10-16,Mesa Solar Sox,False,True,825603,R,SS,9.0,2,1,0,0,3,.905,0,0,3.00,3.00
2025,810838,Ryan Jackson,Peoria Javelinas,2025-10-17,Salt River Rafters,False,True,825632,R,DH,0.0,0,0,0,0,0,.905,0,0,0.00,-.--
2025,810838,Ryan Jackson,Peoria Javelinas,2025-10-19,Mesa Solar Sox,True,False,825645,R,2B,9.0,3,4,0,0,7,.929,2,0,7.00,7.00
2025,810838,Ryan Jackson,Peoria Javelinas,2025-10-21,Scottsdale Scorpions,True,True,825616,R,SS,7.0,2,1,0,0,3,.935,1,0,3.00,3.86
2025,810838,Ryan Jackson,Peoria Javelinas,2025-10-23,Scottsdale Scorpions,True,False,825638,R,2B,7.0,0,3,0,0,3,.941,0,0,3.00,3.86
2025,810838,Ryan Jackson,Peoria Javelinas,2025-10-30,Surprise Saguaros,True,False,825642,R,SS,9.0,2,2,0,0,4,.947,2,0,4.00,4.00
2025,810838,Ryan Jackson,Peoria Javelinas,2025-10-31,Glendale Desert Dogs,False,False,825659,R,DH,0.0,0,0,0,0,0,.947,0,0,0.00,-.--
2025,810838,Ryan Jackson,Peoria Javelinas,2025-11-02,Scottsdale Scorpions,False,False,825610,R,3B,8.0,0,4,0,0,4,.952,1,0,4.00,4.50
2025,810838,Ryan Jackson,Peoria Javelinas,2025-11-04,Glendale Desert Dogs,False,False,825657,R,2B,8.0,0,2,0,0,2,.955,0,0,2.00,2.25
2025,810838,Ryan Jackson,Peoria Javelinas,2025-11-06,Glendale Desert Dogs,True,False,825641,R,2B,7.0,0,6,0,0,6,.960,0,0,6.00,7.71
2025,810838,Ryan Jackson,Peoria Javelinas,2025-11-11,Mesa Solar Sox,False,False,825592,R,2B,6.0,2,3,0,0,5,.964,2,0,5.00,7.50
2025,810838,Ryan Jackson,Peoria Javelinas,2025-11-12,Glendale Desert Dogs,True,True,825573,D,2B,9.0,0,2,0,0,2,1.000,0,0,2.00,2.00
2025,810838,Ryan Jackson,Peoria Javelinas,2025-11-13,Scottsdale Scorpions,False,True,825571,L,2B,9.0,3,1,0,0,4,1.000,0,0,4.00,4.00
2025,810838,Ryan Jackson,Peoria Javelinas,2025-11-14,Surprise Saguaros,False,False,825572,W,2B,8.0,1,6,0,0,7,1.000,0,0,7.00,7.88
2025,701682,Braedon Karpathios,Peoria Javelinas,2025-10-06,Scottsdale Scorpions,False,True,825618,R,DH,0.0,0,0,0,0,0,.000,0,0,0.00,-.--
2025,701682,Braedon Karpathios,Peoria Javelinas,2025-10-09,Surprise Saguaros,True,False,825652,R,LF,9.0,1,0,0,0,1,1.000,0,0,1.00,1.00
2025,701682,Braedon Karpathios,Peoria Javelinas,2025-10-10,Salt River Rafters,True,True,825651,R,RF,9.0,2,0,0,0,2,1.000,0,0,2.00,2.00
2025,701682,Braedon Karpathios,Peoria Javelinas,2025-10-14,Scottsdale Scorpions,True,False,825649,R,RF,9.0,2,0,0,0,2,1.000,0,0,2.00,2.00
2025,701682,Braedon Karpathios,Peoria Javelinas,2025-10-15,Glendale Desert Dogs,True,False,825648,R,LF,4.0,3,0,0,0,3,1.000,0,0,3.00,6.75
2025,701682,Braedon Karpathios,Peoria Javelinas,2025-10-16,Mesa Solar Sox,False,True,825603,R,LF,9.0,1,0,0,0,1,1.000,0,0,1.00,1.00
2025,701682,Braedon Karpathios,Peoria Javelinas,2025-10-18,Salt River Rafters,True,False,825644,R,RF,7.0,1,0,0,0,1,1.000,0,0,1.00,1.29
2025,701682,Braedon Karpathios,Peoria Javelinas,2025-10-21,Scottsdale Scorpions,True,False,825646,R,RF,7.0,1,0,1,1,2,.917,0,0,1.00,1.29
2025,701682,Braedon Karpathios,Peoria Javelinas,2025-10-22,Glendale Desert Dogs,True,True,825643,R,RF,9.0,1,0,0,0,1,.923,0,0,1.00,1.00
2025,701682,Braedon Karpathios,Peoria Javelinas,2025-10-23,Scottsdale Scorpions,True,False,825638,R,CF,7.0,2,0,1,0,3,.875,0,0,2.00,2.57
2025,701682,Braedon Karpathios,Peoria Javelinas,2025-10-26,Surprise Saguaros,False,False,825584,R,LF,8.0,3,0,0,0,3,.895,0,0,3.00,3.38
2025,701682,Braedon Karpathios,Peoria Javelinas,2025-10-29,Salt River Rafters,False,True,825628,R,LF,7.0,0,0,0,0,0,.895,0,0,0.00,0.00
2025,701682,Braedon Karpathios,Peoria Javelinas,2025-10-30,Surprise Saguaros,True,False,825642,R,LF,9.0,1,0,0,0,1,.900,0,0,1.00,1.00
2025,701682,Braedon Karpathios,Peoria Javelinas,2025-10-31,Glendale Desert Dogs,False,False,825659,R,RF,6.0,1,1,0,0,2,.909,0,0,2.00,3.00
2025,701682,Braedon Karpathios,Peoria Javelinas,2025-11-02,Scottsdale Scorpions,False,False,825610,R,LF,8.0,0,0,0,0,0,.909,0,0,0.00,0.00
2025,701682,Braedon Karpathios,Peoria Javelinas,2025-11-05,Salt River Rafters,False,False,825625,R,RF,8.0,0,0,0,0,0,.909,0,0,0.00,0.00
2025,701682,Braedon Karpathios,Peoria Javelinas,2025-11-07,Mesa Solar Sox,True,True,825640,R,RF,9.0,0,0,0,0,0,.909,0,0,0.00,0.00
2025,701682,Braedon Karpathios,Peoria Javelinas,2025-11-11,Mesa Solar Sox,False,False,825592,R,RF,6.0,1,0,0,0,1,.913,0,0,1.00,1.50
2025,807748,Kannon Kemp,Peoria Javelinas,2025-10-09,Surprise Saguaros,True,False,825652,R,P,1.0,0,0,1,1,1,.000,0,0,0.00,0.00
2025,807748,Kannon Kemp,Peoria Javelinas,2025-10-16,Mesa Solar Sox,False,True,825603,R,P,1.0,0,0,0,0,0,.000,0,0,0.00,0.00
2025,807748,Kannon Kemp,Peoria Javelinas,2025-10-21,Scottsdale Scorpions,True,True,825616,R,P,1.0,0,0,0,0,0,.000,0,0,0.00,0.00
2025,807748,Kannon Kemp,Peoria Javelinas,2025-10-26,Surprise Saguaros,False,False,825584,R,P,1.0,0,1,0,0,1,.500,0,0,1.00,9.00
2025,807748,Kannon Kemp,Peoria Javelinas,2025-10-31,Glendale Desert Dogs,False,False,825659,R,P,1.0,0,0,0,0,0,.500,0,0,0.00,0.00
2025,807748,Kannon Kemp,Peoria Javelinas,2025-11-07,Mesa Solar Sox,True,True,825640,R,P,2.0,1,2,0,0,3,.800,0,0,3.00,13.50
2025,807748,Kannon Kemp,Peoria Javelinas,2025-11-12,Glendale Desert Dogs,True,True,825573,D,P,1.2,1,0,0,0,1,1.000,0,0,1.00,9.00
2025,702601,Lamar King Jr.,Peoria Javelinas,2025-10-06,Scottsdale Scorpions,False,True,825618,R,C,9.0,10,1,1,0,12,.917,0,0,11.00,11.00
2025,702601,Lamar King Jr.,Peoria Javelinas,2025-10-09,Surprise Saguaros,True,False,825652,R,C,9.0,11,0,1,0,12,.917,0,0,11.00,11.00
2025,702601,Lamar King Jr.,Peoria Javelinas,2025-10-14,Scottsdale Scorpions,True,False,825649,R,DH,0.0,0,0,0,0,0,.917,0,0,0.00,-.--
2025,702601,Lamar King Jr.,Peoria Javelinas,2025-10-15,Glendale Desert Dogs,True,False,825648,R,C,9.0,3,0,1,1,4,.893,0,0,3.00,3.00
2025,702601,Lamar King Jr.,Peoria Javelinas,2025-10-17,Salt River Rafters,False,True,825632,R,C,9.0,10,0,0,0,10,.921,0,0,10.00,10.00
2025,702601,Lamar King Jr.,Peoria Javelinas,2025-10-19,Mesa Solar Sox,True,False,825645,R,C,9.0,9,1,0,0,10,.938,1,0,10.00,10.00
2025,702601,Lamar King Jr.,Peoria Javelinas,2025-10-21,Scottsdale Scorpions,True,False,825646,R,C,7.0,9,0,0,0,9,.947,1,0,9.00,11.57
2025,702601,Lamar King Jr.,Peoria Javelinas,2025-10-23,Scottsdale Scorpions,True,False,825638,R,C,7.0,8,0,0,0,8,.954,0,0,8.00,10.29
2025,702601,Lamar King Jr.,Peoria Javelinas,2025-10-26,Surprise Saguaros,False,False,825584,R,C,8.0,7,0,0,0,7,.958,0,0,7.00,7.88
2025,702601,Lamar King Jr.,Peoria Javelinas,2025-10-29,Salt River Rafters,False,True,825628,R,DH,0.0,0,0,0,0,0,.958,0,0,0.00,-.--
2025,702601,Lamar King Jr.,Peoria Javelinas,2025-10-30,Surprise Saguaros,True,False,825642,R,C,9.0,9,1,0,0,10,.963,1,0,10.00,10.00
2025,702601,Lamar King Jr.,Peoria Javelinas,2025-11-01,Surprise Saguaros,False,False,825578,R,DH,0.0,0,0,0,0,0,.963,0,0,0.00,-.--
2025,702601,Lamar King Jr.,Peoria Javelinas,2025-11-02,Scottsdale Scorpions,False,False,825610,R,C,8.0,8,1,0,0,9,.967,0,0,9.00,10.13
2025,702601,Lamar King Jr.,Peoria Javelinas,2025-11-04,Glendale Desert Dogs,False,False,825657,R,DH,0.0,0,0,0,0,0,.967,0,0,0.00,-.--
2025,702601,Lamar King Jr.,Peoria Javelinas,2025-11-05,Salt River Rafters,False,False,825625,R,C,8.0,9,1,0,0,10,.970,0,0,10.00,11.25
2025,702601,Lamar King Jr.,Peoria Javelinas,2025-11-06,Glendale Desert Dogs,True,False,825641,R,1B,7.0,9,0,0,0,9,.973,0,0,9.00,11.57
2025,702601,Lamar King Jr.,Peoria Javelinas,2025-11-10,Surprise Saguaros,False,True,825575,R,C,7.0,10,0,0,0,10,.975,0,0,10.00,12.86
2025,700675,Jimmy Kingsbury,Peoria Javelinas,2025-10-08,Mesa Solar Sox,False,True,825606,R,P,1.0,1,0,0,0,1,1.000,1,0,1.00,9.00
2025,700675,Jimmy Kingsbury,Peoria Javelinas,2025-10-14,Scottsdale Scorpions,True,False,825649,R,P,1.2,0,0,0,0,0,1.000,0,0,0.00,0.00
2025,700675,Jimmy Kingsbury,Peoria Javelinas,2025-10-19,Mesa Solar Sox,True,False,825645,R,P,2.0,0,0,0,0,0,1.000,0,0,0.00,0.00
2025,700675,Jimmy Kingsbury,Peoria Javelinas,2025-10-23,Scottsdale Scorpions,True,False,825638,R,P,1.1,0,0,0,0,0,1.000,0,0,0.00,0.00
2025,700675,Jimmy Kingsbury,Peoria Javelinas,2025-10-28,Salt River Rafters,True,True,825639,R,P,1.2,0,0,0,0,0,1.000,0,0,0.00,0.00
2025,700675,Jimmy Kingsbury,Peoria Javelinas,2025-11-01,Surprise Saguaros,False,False,825578,R,P,1.1,0,0,0,0,0,1.000,0,0,0.00,0.00
2025,700675,Jimmy Kingsbury,Peoria Javelinas,2025-11-05,Salt River Rafters,False,False,825625,R,P,2.0,1,0,0,0,1,1.000,0,0,1.00,4.50
2025,700675,Jimmy Kingsbury,Peoria Javelinas,2025-11-12,Glendale Desert Dogs,True,True,825573,D,P,2.0,0,0,0,0,0,.000,0,0,0.00,0.00
2025,805321,Trevor Kuncl,Peoria Javelinas,2025-10-06,Scottsdale Scorpions,False,True,825618,R,P,1.0,0,0,0,0,0,.000,0,0,0.00,0.00
2025,805321,Trevor Kuncl,Peoria Javelinas,2025-10-14,Scottsdale Scorpions,True,False,825649,R,P,1.1,0,0,0,0,0,.000,0,0,0.00,0.00
2025,805321,Trevor Kuncl,Peoria Javelinas,2025-10-18,Salt River Rafters,True,False,825644,R,P,0.1,0,0,0,0,0,.000,0,0,0.00,0.00
2025,805321,Trevor Kuncl,Peoria Javelinas,2025-10-21,Scottsdale Scorpions,True,True,825616,R,P,1.0,0,0,0,0,0,.000,0,0,0.00,0.00
2025,805321,Trevor Kuncl,Peoria Javelinas,2025-10-28,Salt River Rafters,True,True,825639,R,P,1.0,0,0,0,0,0,.000,0,0,0.00,0.00
2025,805321,Trevor Kuncl,Peoria Javelinas,2025-11-02,Scottsdale Scorpions,False,False,825610,R,P,1.0,0,0,0,0,0,.000,0,0,0.00,0.00
2025,805321,Trevor Kuncl,Peoria Javelinas,2025-11-07,Mesa Solar Sox,True,True,825640,R,P,2.0,0,0,0,0,0,.000,0,0,0.00,0.00
2025,805321,Trevor Kuncl,Peoria Javelinas,2025-11-12,Glendale Desert Dogs,True,True,825573,D,P,1.1,0,0,0,0,0,.000,0,0,0.00,0.00
2025,805321,Trevor Kuncl,Peoria Javelinas,2025-11-14,Surprise Saguaros,False,False,825572,W,P,0.1,0,0,0,0,0,.000,0,0,0.00,0.00
2025,695076,Rhett Lowder,Peoria Javelinas,2025-10-10,Salt River Rafters,True,True,825651,R,P,2.0,0,0,0,0,0,.000,0,0,0.00,0.00
2025,695076,Rhett Lowder,Peoria Javelinas,2025-10-18,Salt River Rafters,True,False,825644,R,P,2.0,0,1,0,0,1,1.000,0,0,1.00,4.50
2025,695076,Rhett Lowder,Peoria Javelinas,2025-10-25,Glendale Desert Dogs,False,True,825662,R,P,2.0,1,0,0,0,1,1.000,0,0,1.00,4.50
2025,695076,Rhett Lowder,Peoria Javelinas,2025-11-01,Surprise Saguaros,False,False,825578,R,P,3.0,2,0,0,0,2,1.000,0,0,2.00,6.00
2025,694230,Hendry Mendez,Peoria Javelinas,2025-10-06,Scottsdale Scorpions,False,True,825618,R,RF,9.0,1,0,0,0,1,1.000,0,0,1.00,1.00
2025,694230,Hendry Mendez,Peoria Javelinas,2025-10-08,Mesa Solar Sox,False,True,825606,R,LF,10.0,1,0,0,0,1,1.000,0,0,1.00,0.90
2025,694230,Hendry Mendez,Peoria Javelinas,2025-10-10,Salt River Rafters,True,True,825651,R,LF,9.0,1,0,0,0,1,1.000,0,0,1.00,1.00
2025,694230,Hendry Mendez,Peoria Javelinas,2025-10-15,Glendale Desert Dogs,True,False,825648,R,LF,5.0,3,0,0,0,3,1.000,0,0,3.00,5.40
2025,694230,Hendry Mendez,Peoria Javelinas,2025-10-17,Salt River Rafters,False,True,825632,R,RF,9.0,1,0,0,0,1,1.000,0,0,1.00,1.00
2025,808063,Maikel Miralles,Peoria Javelinas,2025-10-09,Surprise Saguaros,True,False,825652,R,P,4.0,0,0,0,0,0,.000,0,0,0.00,0.00
2025,808063,Maikel Miralles,Peoria Javelinas,2025-10-17,Salt River Rafters,False,True,825632,R,P,3.0,0,0,0,0,0,.000,0,0,0.00,0.00
2025,808063,Maikel Miralles,Peoria Javelinas,2025-10-23,Scottsdale Scorpions,True,False,825638,R,P,1.2,0,0,0,0,0,.000,0,0,0.00,0.00
2025,808063,Maikel Miralles,Peoria Javelinas,2025-10-30,Surprise Saguaros,True,False,825642,R,P,4.0,0,0,0,0,0,.000,0,0,0.00,0.00
2025,808063,Maikel Miralles,Peoria Javelinas,2025-11-06,Glendale Desert Dogs,True,False,825641,R,P,0.2,0,0,0,0,0,.000,0,0,0.00,0.00
2025,808063,Maikel Miralles,Peoria Javelinas,2025-11-12,Glendale Desert Dogs,True,True,825573,D,P,1.0,0,0,0,0,0,.000,0,0,0.00,0.00
2025,691000,Carson Montgomery,Peoria Javelinas,2025-10-06,Scottsdale Scorpions,False,True,825618,R,P,3.0,1,0,0,0,1,1.000,0,0,1.00,3.00
2025,691000,Carson Montgomery,Peoria Javelinas,2025-10-15,Glendale Desert Dogs,True,False,825648,R,P,2.0,0,1,0,0,1,1.000,0,0,1.00,4.50
2025,691000,Carson Montgomery,Peoria Javelinas,2025-10-21,Scottsdale Scorpions,True,False,825646,R,P,3.0,1,1,0,0,2,1.000,0,0,2.00,6.00
2025,691000,Carson Montgomery,Peoria Javelinas,2025-10-28,Salt River Rafters,True,True,825639,R,P,2.1,1,0,0,0,1,1.000,0,0,1.00,4.50
2025,691000,Carson Montgomery,Peoria Javelinas,2025-11-13,Scottsdale Scorpions,False,True,825571,L,P,2.0,0,0,0,0,0,.000,0,0,0.00,0.00
2025,808052,Johan Moreno,Peoria Javelinas,2025-10-06,Scottsdale Scorpions,False,True,825618,R,P,1.0,0,0,0,0,0,.000,0,0,0.00,0.00
2025,808052,Johan Moreno,Peoria Javelinas,2025-10-14,Scottsdale Scorpions,True,False,825649,R,P,2.0,0,0,0,0,0,.000,0,0,0.00,0.00
2025,808052,Johan Moreno,Peoria Javelinas,2025-10-18,Salt River Rafters,True,False,825644,R,P,1.0,0,0,0,0,0,.000,0,0,0.00,0.00
2025,808052,Johan Moreno,Peoria Javelinas,2025-10-21,Scottsdale Scorpions,True,True,825616,R,P,0.2,0,0,0,0,0,.000,0,0,0.00,0.00
2025,808052,Johan Moreno,Peoria Javelinas,2025-10-28,Salt River Rafters,True,True,825639,R,P,1.0,0,0,0,0,0,.000,0,0,0.00,0.00
2025,808052,Johan Moreno,Peoria Javelinas,2025-11-02,Scottsdale Scorpions,False,False,825610,R,P,1.0,0,1,0,0,1,1.000,0,0,1.00,9.00
2025,808052,Johan Moreno,Peoria Javelinas,2025-11-06,Glendale Desert Dogs,True,False,825641,R,P,1.1,0,0,0,0,0,1.000,0,0,0.00,0.00
2025,808052,Johan Moreno,Peoria Javelinas,2025-11-14,Surprise Saguaros,False,False,825572,W,P,1.1,0,0,0,0,0,.000,0,0,0.00,0.00
2025,814491,Tucker Musgrove,Peoria Javelinas,2025-10-06,Scottsdale Scorpions,False,True,825618,R,P,1.0,0,0,0,0,0,.000,0,0,0.00,0.00
2025,814491,Tucker Musgrove,Peoria Javelinas,2025-10-14,Scottsdale Scorpions,True,False,825649,R,P,1.0,0,0,0,0,0,.000,0,0,0.00,0.00
2025,814491,Tucker Musgrove,Peoria Javelinas,2025-10-21,Scottsdale Scorpions,True,True,825616,R,P,1.0,0,0,0,0,0,.000,0,0,0.00,0.00
2025,814491,Tucker Musgrove,Peoria Javelinas,2025-10-26,Surprise Saguaros,False,False,825584,R,P,1.0,0,0,0,0,0,.000,0,0,0.00,0.00
2025,814491,Tucker Musgrove,Peoria Javelinas,2025-10-31,Glendale Desert Dogs,False,False,825659,R,P,1.0,0,0,0,0,0,.000,0,0,0.00,0.00
2025,814491,Tucker Musgrove,Peoria Javelinas,2025-11-04,Glendale Desert Dogs,False,False,825657,R,P,0.1,0,0,0,0,0,.000,0,0,0.00,0.00
2025,814491,Tucker Musgrove,Peoria Javelinas,2025-11-13,Scottsdale Scorpions,False,True,825571,L,P,1.2,0,0,0,0,0,.000,0,0,0.00,0.00
2025,813860,Charlie Pagliarini,Peoria Javelinas,2025-10-08,Mesa Solar Sox,False,True,825606,R,2B,10.0,4,6,0,0,10,1.000,2,0,10.00,9.00
2025,813860,Charlie Pagliarini,Peoria Javelinas,2025-10-09,Surprise Saguaros,True,False,825652,R,2B,9.0,3,4,0,0,7,1.000,1,0,7.00,7.00
2025,813860,Charlie Pagliarini,Peoria Javelinas,2025-10-15,Glendale Desert Dogs,True,False,825648,R,2B,9.0,2,2,0,0,4,1.000,0,0,4.00,4.00
2025,813860,Charlie Pagliarini,Peoria Javelinas,2025-10-17,Salt River Rafters,False,True,825632,R,LF,9.0,2,0,0,0,2,1.000,0,0,2.00,2.00
2025,813860,Charlie Pagliarini,Peoria Javelinas,2025-10-19,Mesa Solar Sox,True,False,825645,R,LF,9.0,2,0,0,0,2,1.000,0,0,2.00,2.00
2025,813860,Charlie Pagliarini,Peoria Javelinas,2025-10-21,Scottsdale Scorpions,True,True,825616,R,LF,7.0,0,0,0,0,0,1.000,0,0,0.00,0.00
2025,813860,Charlie Pagliarini,Peoria Javelinas,2025-10-23,Scottsdale Scorpions,True,False,825638,R,LF,7.0,1,0,0,0,1,1.000,0,0,1.00,1.29
2025,813860,Charlie Pagliarini,Peoria Javelinas,2025-10-25,Glendale Desert Dogs,False,True,825662,R,LF,9.0,0,0,0,0,0,1.000,0,0,0.00,0.00
2025,813860,Charlie Pagliarini,Peoria Javelinas,2025-10-26,Surprise Saguaros,False,False,825584,R,2B,8.0,1,4,0,0,5,1.000,1,0,5.00,5.63
2025,813860,Charlie Pagliarini,Peoria Javelinas,2025-10-28,Salt River Rafters,True,True,825639,R,LF,9.0,0,0,0,0,0,1.000,0,0,0.00,0.00
2025,813860,Charlie Pagliarini,Peoria Javelinas,2025-10-30,Surprise Saguaros,True,False,825642,R,2B,9.0,0,5,0,0,5,1.000,1,0,5.00,5.00
2025,813860,Charlie Pagliarini,Peoria Javelinas,2025-10-31,Glendale Desert Dogs,False,False,825659,R,LF,6.0,1,0,0,0,1,1.000,0,0,1.00,1.50
2025,813860,Charlie Pagliarini,Peoria Javelinas,2025-11-01,Surprise Saguaros,False,False,825578,R,2B,8.0,0,2,0,0,2,1.000,1,0,2.00,2.25
2025,813860,Charlie Pagliarini,Peoria Javelinas,2025-11-02,Scottsdale Scorpions,False,False,825610,R,2B,8.0,1,5,0,0,6,1.000,1,0,6.00,6.75
2025,813860,Charlie Pagliarini,Peoria Javelinas,2025-11-04,Glendale Desert Dogs,False,False,825657,R,LF,8.0,1,0,0,0,1,1.000,0,0,1.00,1.13
2025,813860,Charlie Pagliarini,Peoria Javelinas,2025-11-05,Salt River Rafters,False,False,825625,R,2B,8.0,1,3,1,1,5,.980,2,0,4.00,4.50
2025,813860,Charlie Pagliarini,Peoria Javelinas,2025-11-06,Glendale Desert Dogs,True,False,825641,R,LF,7.0,0,0,0,0,0,.980,0,0,0.00,0.00
2025,813860,Charlie Pagliarini,Peoria Javelinas,2025-11-07,Mesa Solar Sox,True,True,825640,R,2B,9.0,1,3,0,0,4,.982,1,0,4.00,4.00
2025,813860,Charlie Pagliarini,Peoria Javelinas,2025-11-10,Surprise Saguaros,False,True,825575,R,2B,7.0,0,3,0,0,3,.983,0,0,3.00,3.86
2025,813860,Charlie Pagliarini,Peoria Javelinas,2025-11-11,Mesa Solar Sox,False,False,825592,R,LF,6.0,0,0,0,0,0,.983,0,0,0.00,0.00
2025,813860,Charlie Pagliarini,Peoria Javelinas,2025-11-12,Glendale Desert Dogs,True,True,825573,D,LF,9.0,1,0,0,0,1,1.000,0,0,1.00,1.00
2025,813860,Charlie Pagliarini,Peoria Javelinas,2025-11-13,Scottsdale Scorpions,False,True,825571,L,LF,9.0,0,0,0,0,0,.000,0,0,0.00,0.00
2025,813860,Charlie Pagliarini,Peoria Javelinas,2025-11-14,Surprise Saguaros,False,False,825572,W,LF,8.0,2,0,0,0,2,1.000,0,0,2.00,2.25
2025,688609,Hunter Parks,Peoria Javelinas,2025-10-06,Scottsdale Scorpions,False,True,825618,R,P,1.0,0,0,0,0,0,.000,0,0,0.00,0.00
2025,688609,Hunter Parks,Peoria Javelinas,2025-10-14,Scottsdale Scorpions,True,False,825649,R,P,0.2,0,0,0,0,0,.000,0,0,0.00,0.00
2025,681041,Marcelo Perez,Peoria Javelinas,2025-10-14,Scottsdale Scorpions,True,False,825649,R,P,0.1,0,0,0,0,0,.000,0,0,0.00,0.00
2025,681041,Marcelo Perez,Peoria Javelinas,2025-10-19,Mesa Solar Sox,True,False,825645,R,P,1.0,0,0,0,0,0,.000,0,0,0.00,0.00
2025,681041,Marcelo Perez,Peoria Javelinas,2025-10-26,Surprise Saguaros,False,False,825584,R,P,2.0,0,0,0,0,0,.000,0,0,0.00,0.00
2025,681041,Marcelo Perez,Peoria Javelinas,2025-11-02,Scottsdale Scorpions,False,False,825610,R,P,2.0,1,0,0,0,1,1.000,0,0,1.00,4.50
2025,681041,Marcelo Perez,Peoria Javelinas,2025-11-07,Mesa Solar Sox,True,True,825640,R,P,2.0,0,0,0,0,0,1.000,0,0,0.00,0.00
2025,805812,Dylan Questad,Peoria Javelinas,2025-10-10,Salt River Rafters,True,True,825651,R,P,1.0,0,1,0,0,1,1.000,0,0,1.00,9.00
2025,805812,Dylan Questad,Peoria Javelinas,2025-10-18,Salt River Rafters,True,False,825644,R,P,0.2,0,0,0,0,0,1.000,0,0,0.00,0.00
2025,805812,Dylan Questad,Peoria Javelinas,2025-10-23,Scottsdale Scorpions,True,False,825638,R,P,1.1,0,0,0,0,0,1.000,0,0,0.00,0.00
2025,805812,Dylan Questad,Peoria Javelinas,2025-10-31,Glendale Desert Dogs,False,False,825659,R,P,0.1,0,0,0,0,0,1.000,0,0,0.00,0.00
2025,805812,Dylan Questad,Peoria Javelinas,2025-11-07,Mesa Solar Sox,True,True,825640,R,P,2.0,2,0,0,0,2,1.000,0,0,2.00,9.00
2025,806288,Stefan Raeth,Peoria Javelinas,2025-10-10,Salt River Rafters,True,True,825651,R,P,1.0,0,0,0,0,0,.000,0,0,0.00,0.00
2025,806288,Stefan Raeth,Peoria Javelinas,2025-10-15,Glendale Desert Dogs,True,False,825648,R,P,1.1,0,0,0,0,0,.000,0,0,0.00,0.00
2025,806288,Stefan Raeth,Peoria Javelinas,2025-10-19,Mesa Solar Sox,True,False,825645,R,P,1.2,0,0,0,0,0,.000,0,0,0.00,0.00
2025,806288,Stefan Raeth,Peoria Javelinas,2025-10-23,Scottsdale Scorpions,True,False,825638,R,P,0.2,0,0,0,0,0,.000,0,0,0.00,0.00
2025,806288,Stefan Raeth,Peoria Javelinas,2025-10-30,Surprise Saguaros,True,False,825642,R,P,1.0,0,0,0,0,0,.000,0,0,0.00,0.00
2025,806288,Stefan Raeth,Peoria Javelinas,2025-11-04,Glendale Desert Dogs,False,False,825657,R,P,1.1,0,0,0,0,0,.000,0,0,0.00,0.00
2025,806288,Stefan Raeth,Peoria Javelinas,2025-11-12,Glendale Desert Dogs,True,True,825573,D,P,2.0,1,0,0,0,1,1.000,0,0,1.00,4.50
2025,801126,Brock Rodden,Peoria Javelinas,2025-10-14,Scottsdale Scorpions,True,False,825649,R,2B,9.0,2,0,0,0,2,1.000,0,0,2.00,2.00
2025,801126,Brock Rodden,Peoria Javelinas,2025-10-16,Mesa Solar Sox,False,True,825603,R,2B,9.0,1,4,1,1,6,.875,0,0,5.00,5.00
2025,801126,Brock Rodden,Peoria Javelinas,2025-10-18,Salt River Rafters,True,False,825644,R,2B,7.0,1,2,0,0,3,.909,1,0,3.00,3.86
2025,801126,Brock Rodden,Peoria Javelinas,2025-10-21,Scottsdale Scorpions,True,False,825646,R,2B,7.0,1,1,0,0,2,.923,0,0,2.00,2.57
2025,801126,Brock Rodden,Peoria Javelinas,2025-10-22,Glendale Desert Dogs,True,True,825643,R,2B,9.0,2,6,0,0,8,.952,2,0,8.00,8.00
2025,801126,Brock Rodden,Peoria Javelinas,2025-10-23,Scottsdale Scorpions,True,False,825638,R,DH,0.0,0,0,0,0,0,.952,0,0,0.00,-.--
2025,801126,Brock Rodden,Peoria Javelinas,2025-10-25,Glendale Desert Dogs,False,True,825662,R,2B,9.0,4,1,0,0,5,.962,0,0,5.00,5.00
2025,801126,Brock Rodden,Peoria Javelinas,2025-10-28,Salt River Rafters,True,True,825639,R,2B,9.0,1,1,0,0,2,.964,1,0,2.00,2.00
2025,801126,Brock Rodden,Peoria Javelinas,2025-10-29,Salt River Rafters,False,True,825628,R,2B,7.0,3,4,0,0,7,.971,1,0,7.00,9.00
2025,801126,Brock Rodden,Peoria Javelinas,2025-10-31,Glendale Desert Dogs,False,False,825659,R,2B,6.0,0,1,0,0,1,.972,0,0,1.00,1.50
2025,801415,Zander Sechrist,Peoria Javelinas,2025-10-09,Surprise Saguaros,True,False,825652,R,P,1.0,0,0,0,0,0,.000,0,0,0.00,0.00
2025,801415,Zander Sechrist,Peoria Javelinas,2025-10-15,Glendale Desert Dogs,True,False,825648,R,P,2.0,0,0,0,0,0,.000,0,0,0.00,0.00
2025,801415,Zander Sechrist,Peoria Javelinas,2025-10-19,Mesa Solar Sox,True,False,825645,R,P,1.0,0,0,0,0,0,.000,0,0,0.00,0.00
2025,801415,Zander Sechrist,Peoria Javelinas,2025-10-22,Glendale Desert Dogs,True,True,825643,R,P,1.0,0,0,0,0,0,.000,0,0,0.00,0.00
2025,801415,Zander Sechrist,Peoria Javelinas,2025-10-30,Surprise Saguaros,True,False,825642,R,P,1.0,0,0,0,0,0,.000,0,0,0.00,0.00
2025,801415,Zander Sechrist,Peoria Javelinas,2025-11-04,Glendale Desert Dogs,False,False,825657,R,P,1.0,0,0,0,0,0,.000,0,0,0.00,0.00
2025,801415,Zander Sechrist,Peoria Javelinas,2025-11-11,Mesa Solar Sox,False,False,825592,R,P,0.1,0,0,0,0,0,.000,0,0,0.00,0.00
2025,823801,Tanner Smith,Peoria Javelinas,2025-10-06,Scottsdale Scorpions,False,True,825618,R,P,1.0,0,1,0,0,1,1.000,0,0,1.00,9.00
2025,823801,Tanner Smith,Peoria Javelinas,2025-10-14,Scottsdale Scorpions,True,False,825649,R,P,1.0,0,0,0,0,0,1.000,0,0,0.00,0.00
2025,823801,Tanner Smith,Peoria Javelinas,2025-10-17,Salt River Rafters,False,True,825632,R,P,1.0,0,0,0,0,0,1.000,0,0,0.00,0.00
2025,823801,Tanner Smith,Peoria Javelinas,2025-10-21,Scottsdale Scorpions,True,True,825616,R,P,1.2,0,0,0,0,0,1.000,0,0,0.00,0.00
2025,823801,Tanner Smith,Peoria Javelinas,2025-10-26,Surprise Saguaros,False,False,825584,R,P,1.0,0,0,0,0,0,1.000,0,0,0.00,0.00
2025,823801,Tanner Smith,Peoria Javelinas,2025-11-01,Surprise Saguaros,False,False,825578,R,P,1.0,0,0,1,0,1,.500,0,0,0.00,0.00
2025,823801,Tanner Smith,Peoria Javelinas,2025-11-05,Salt River Rafters,False,False,825625,R,P,1.0,0,0,0,0,0,.500,0,0,0.00,0.00
2025,823801,Tanner Smith,Peoria Javelinas,2025-11-13,Scottsdale Scorpions,False,True,825571,L,P,1.0,0,0,0,0,0,.000,0,0,0.00,0.00
2025,800449,Thomas Sosa,Peoria Javelinas,2025-10-08,Mesa Solar Sox,False,True,825606,R,RF,10.0,0,0,0,0,0,.000,0,0,0.00,0.00
2025,800449,Thomas Sosa,Peoria Javelinas,2025-10-09,Surprise Saguaros,True,False,825652,R,RF,9.0,1,0,0,0,1,1.000,0,0,1.00,1.00
2025,800449,Thomas Sosa,Peoria Javelinas,2025-10-15,Glendale Desert Dogs,True,False,825648,R,RF,9.0,1,0,0,0,1,1.000,0,0,1.00,1.00
2025,800449,Thomas Sosa,Peoria Javelinas,2025-10-16,Mesa Solar Sox,False,True,825603,R,RF,9.0,1,0,0,0,1,1.000,0,0,1.00,1.00
2025,800449,Thomas Sosa,Peoria Javelinas,2025-10-19,Mesa Solar Sox,True,False,825645,R,RF,9.0,2,0,2,1,4,.714,0,0,2.00,2.00
2025,800449,Thomas Sosa,Peoria Javelinas,2025-10-21,Scottsdale Scorpions,True,True,825616,R,RF,7.0,1,0,0,0,1,.750,0,0,1.00,1.29
2025,800449,Thomas Sosa,Peoria Javelinas,2025-10-23,Scottsdale Scorpions,True,False,825638,R,RF,7.0,2,0,0,0,2,.800,0,0,2.00,2.57
2025,800449,Thomas Sosa,Peoria Javelinas,2025-10-26,Surprise Saguaros,False,False,825584,R,RF,8.0,2,0,0,0,2,.833,0,0,2.00,2.25
2025,800449,Thomas Sosa,Peoria Javelinas,2025-10-30,Surprise Saguaros,True,False,825642,R,RF,9.0,4,0,0,0,4,.875,0,0,4.00,4.00
2025,800449,Thomas Sosa,Peoria Javelinas,2025-11-02,Scottsdale Scorpions,False,False,825610,R,RF,8.0,0,0,0,0,0,.875,0,0,0.00,0.00
2025,800449,Thomas Sosa,Peoria Javelinas,2025-11-05,Salt River Rafters,False,False,825625,R,DH,0.0,0,0,0,0,0,.875,0,0,0.00,-.--
2025,800449,Thomas Sosa,Peoria Javelinas,2025-11-07,Mesa Solar Sox,True,True,825640,R,DH,0.0,0,0,0,0,0,.875,0,0,0.00,-.--
2025,800449,Thomas Sosa,Peoria Javelinas,2025-11-10,Surprise Saguaros,False,True,825575,R,RF,7.0,1,0,0,0,1,.882,0,0,1.00,1.29
2025,806263,Brandon Winokur,Peoria Javelinas,2025-10-06,Scottsdale Scorpions,False,True,825618,R,SS,9.0,1,4,0,0,5,1.000,0,0,5.00,5.00
2025,806263,Brandon Winokur,Peoria Javelinas,2025-10-08,Mesa Solar Sox,False,True,825606,R,3B,10.0,0,1,0,0,1,1.000,1,0,1.00,0.90
2025,806263,Brandon Winokur,Peoria Javelinas,2025-10-10,Salt River Rafters,True,True,825651,R,SS,9.0,1,3,0,0,4,1.000,0,0,4.00,4.00
2025,806263,Brandon Winokur,Peoria Javelinas,2025-10-14,Scottsdale Scorpions,True,False,825649,R,SS,9.0,0,3,0,0,3,1.000,0,0,3.00,3.00
2025,806263,Brandon Winokur,Peoria Javelinas,2025-10-15,Glendale Desert Dogs,True,False,825648,R,3B,9.0,1,3,1,0,5,.944,0,0,4.00,4.00
2025,806263,Brandon Winokur,Peoria Javelinas,2025-10-17,Salt River Rafters,False,True,825632,R,SS,9.0,2,1,1,0,4,.909,0,0,3.00,3.00
2025,806263,Brandon Winokur,Peoria Javelinas,2025-10-19,Mesa Solar Sox,True,False,825645,R,SS,9.0,0,7,0,0,7,.931,1,0,7.00,7.00
2025,806263,Brandon Winokur,Peoria Javelinas,2025-10-21,Scottsdale Scorpions,True,False,825646,R,SS,7.0,1,1,0,0,2,.935,0,0,2.00,2.57
2025,806263,Brandon Winokur,Peoria Javelinas,2025-10-22,Glendale Desert Dogs,True,True,825643,R,3B,9.0,1,2,0,0,3,.941,0,0,3.00,3.00
2025,806263,Brandon Winokur,Peoria Javelinas,2025-10-23,Scottsdale Scorpions,True,False,825638,R,SS,7.0,3,2,0,0,5,.949,0,0,5.00,6.43
2025,806263,Brandon Winokur,Peoria Javelinas,2025-10-25,Glendale Desert Dogs,False,True,825662,R,3B,9.0,0,3,0,0,3,.952,1,0,3.00,3.00
2025,806263,Brandon Winokur,Peoria Javelinas,2025-10-26,Surprise Saguaros,False,False,825584,R,SS,8.0,0,2,1,1,3,.933,0,0,2.00,2.25
2025,806263,Brandon Winokur,Peoria Javelinas,2025-10-28,Salt River Rafters,True,True,825639,R,3B,9.0,1,2,0,0,3,.938,0,0,3.00,3.00
2025,806263,Brandon Winokur,Peoria Javelinas,2025-10-29,Salt River Rafters,False,True,825628,R,SS,7.0,1,4,0,0,5,.943,2,0,5.00,6.43
2025,806263,Brandon Winokur,Peoria Javelinas,2025-10-31,Glendale Desert Dogs,False,False,825659,R,3B,6.0,1,4,0,0,5,.948,0,0,5.00,7.50
2025,806263,Brandon Winokur,Peoria Javelinas,2025-11-01,Surprise Saguaros,False,False,825578,R,SS,8.0,2,2,0,0,4,.952,1,0,4.00,4.50
2025,806263,Brandon Winokur,Peoria Javelinas,2025-11-04,Glendale Desert Dogs,False,False,825657,R,SS,8.0,2,1,1,1,4,.939,0,0,3.00,3.38
2025,806263,Brandon Winokur,Peoria Javelinas,2025-11-06,Glendale Desert Dogs,True,False,825641,R,SS,7.0,3,1,0,0,4,.943,0,0,4.00,5.14
2025,806263,Brandon Winokur,Peoria Javelinas,2025-11-07,Mesa Solar Sox,True,True,825640,R,3B,9.0,0,1,0,0,1,.944,0,0,1.00,1.00
2025,806263,Brandon Winokur,Peoria Javelinas,2025-11-10,Surprise Saguaros,False,True,825575,R,3B,7.0,2,0,0,0,2,.945,0,0,2.00,2.57
2025,806263,Brandon Winokur,Peoria Javelinas,2025-11-11,Mesa Solar Sox,False,False,825592,R,3B,6.0,2,2,0,0,4,.948,1,0,4.00,6.00
2025,806263,Brandon Winokur,Peoria Javelinas,2025-11-12,Glendale Desert Dogs,True,True,825573,D,3B,9.0,1,2,1,1,4,.750,0,0,3.00,3.00
2025,806263,Brandon Winokur,Peoria Javelinas,2025-11-13,Scottsdale Scorpions,False,True,825571,L,3B,9.0,0,4,0,0,4,1.000,0,0,4.00,4.00
2025,806263,Brandon Winokur,Peoria Javelinas,2025-11-14,Surprise Saguaros,False,False,825572,W,3B,8.0,0,2,0,0,2,1.000,0,0,2.00,2.25
2025,805373,Nacho Alvarez Jr.,Glendale Desert Dogs,2025-10-09,Scottsdale Scorpions,True,True,825666,R,DH,0.0,0,0,0,0,0,.000,0,0,0.00,-.--
2025,805373,Nacho Alvarez Jr.,Glendale Desert Dogs,2025-10-14,Salt River Rafters,False,False,825636,R,3B,8.0,0,2,0,0,2,1.000,1,0,2.00,2.25
2025,805373,Nacho Alvarez Jr.,Glendale Desert Dogs,2025-10-15,Peoria Javelinas,False,True,825648,R,3B,9.0,1,3,0,0,4,1.000,1,0,4.00,4.00
2025,805373,Nacho Alvarez Jr.,Glendale Desert Dogs,2025-10-17,Surprise Saguaros,False,True,825587,R,3B,9.0,2,1,0,0,3,1.000,0,0,3.00,3.00
2025,805373,Nacho Alvarez Jr.,Glendale Desert Dogs,2025-10-18,Mesa Solar Sox,True,False,825663,R,DH,0.0,0,0,0,0,0,1.000,0,0,0.00,-.--
2025,805373,Nacho Alvarez Jr.,Glendale Desert Dogs,2025-10-19,Salt River Rafters,True,False,825647,R,3B,9.0,3,3,0,0,6,1.000,0,0,6.00,6.00
2025,805373,Nacho Alvarez Jr.,Glendale Desert Dogs,2025-10-21,Surprise Saguaros,False,False,825581,R,3B,6.0,1,2,0,0,3,1.000,0,0,3.00,4.50
2025,805373,Nacho Alvarez Jr.,Glendale Desert Dogs,2025-10-22,Peoria Javelinas,False,False,825643,R,DH,0.0,0,0,0,0,0,1.000,0,0,0.00,-.--
2025,805373,Nacho Alvarez Jr.,Glendale Desert Dogs,2025-10-23,Salt River Rafters,False,False,825630,R,3B,8.0,0,1,0,0,1,1.000,0,0,1.00,1.13
2025,805373,Nacho Alvarez Jr.,Glendale Desert Dogs,2025-10-25,Peoria Javelinas,True,False,825662,R,3B,9.0,3,0,0,0,3,1.000,0,0,3.00,3.00
2025,805373,Nacho Alvarez Jr.,Glendale Desert Dogs,2025-10-26,Salt River Rafters,True,True,825660,R,DH,0.0,0,0,0,0,0,1.000,0,0,0.00,-.--
2025,805373,Nacho Alvarez Jr.,Glendale Desert Dogs,2025-10-28,Mesa Solar Sox,False,False,825599,R,3B,8.0,3,2,0,0,5,1.000,1,0,5.00,5.63
2025,805373,Nacho Alvarez Jr.,Glendale Desert Dogs,2025-10-30,Scottsdale Scorpions,False,False,825612,R,3B,8.0,0,0,0,0,0,1.000,0,0,0.00,0.00
2025,805373,Nacho Alvarez Jr.,Glendale Desert Dogs,2025-10-31,Peoria Javelinas,True,True,825659,R,DH,0.0,0,0,0,0,0,1.000,0,0,0.00,-.--
2025,805373,Nacho Alvarez Jr.,Glendale Desert Dogs,2025-11-01,Mesa Solar Sox,False,False,825598,R,3B,8.2,1,1,0,0,2,1.000,0,0,2.00,2.25
2025,805373,Nacho Alvarez Jr.,Glendale Desert Dogs,2025-11-02,Surprise Saguaros,True,False,825658,R,3B,7.0,1,1,0,0,2,1.000,0,0,2.00,2.57
2025,805373,Nacho Alvarez Jr.,Glendale Desert Dogs,2025-11-04,Peoria Javelinas,True,True,825657,R,3B,9.0,0,1,0,0,1,1.000,0,0,1.00,1.00
2025,805373,Nacho Alvarez Jr.,Glendale Desert Dogs,2025-11-06,Peoria Javelinas,False,True,825641,R,3B,7.0,0,1,0,0,1,1.000,0,0,1.00,1.29
2025,805373,Nacho Alvarez Jr.,Glendale Desert Dogs,2025-11-07,Scottsdale Scorpions,True,True,825655,R,DH,0.0,0,0,0,0,0,1.000,0,0,0.00,-.--
2025,805373,Nacho Alvarez Jr.,Glendale Desert Dogs,2025-11-11,Scottsdale Scorpions,False,True,825608,R,3B,7.0,0,0,0,0,0,1.000,0,0,0.00,0.00
2025,805373,Nacho Alvarez Jr.,Glendale Desert Dogs,2025-11-12,Peoria Javelinas,False,False,825573,D,3B,8.0,2,0,0,0,2,1.000,0,0,2.00,2.25
2025,806334,Alex Amalfi,Glendale Desert Dogs,2025-10-07,Salt River Rafters,False,False,825635,R,P,3.0,0,1,0,0,1,1.000,0,0,1.00,3.00
2025,806334,Alex Amalfi,Glendale Desert Dogs,2025-10-15,Peoria Javelinas,False,True,825648,R,P,2.1,1,0,0,0,1,1.000,0,0,1.00,4.50
2025,806334,Alex Amalfi,Glendale Desert Dogs,2025-10-21,Surprise Saguaros,False,False,825581,R,P,2.2,0,0,0,0,0,1.000,0,0,0.00,0.00
2025,806334,Alex Amalfi,Glendale Desert Dogs,2025-10-28,Mesa Solar Sox,False,False,825599,R,P,1.2,0,1,0,0,1,1.000,0,0,1.00,9.00
2025,806334,Alex Amalfi,Glendale Desert Dogs,2025-11-05,Mesa Solar Sox,False,True,825594,R,P,3.0,0,0,0,0,0,1.000,0,0,0.00,0.00
2025,806334,Alex Amalfi,Glendale Desert Dogs,2025-11-12,Peoria Javelinas,False,False,825573,D,P,4.0,0,1,0,0,1,1.000,0,0,1.00,2.25
2025,803011,Sam Antonacci,Glendale Desert Dogs,2025-10-07,Salt River Rafters,False,False,825635,R,2B,8.0,2,4,1,1,7,.857,2,0,6.00,6.75
2025,803011,Sam Antonacci,Glendale Desert Dogs,2025-10-08,Surprise Saguaros,False,False,825591,R,DH,0.0,0,0,0,0,0,.857,0,0,0.00,-.--
2025,803011,Sam Antonacci,Glendale Desert Dogs,2025-10-09,Scottsdale Scorpions,True,True,825666,R,2B,9.0,2,6,0,0,8,.933,1,0,8.00,8.00
2025,803011,Sam Antonacci,Glendale Desert Dogs,2025-10-14,Salt River Rafters,False,False,825636,R,2B,8.0,2,3,0,0,5,.950,1,0,5.00,5.63
2025,803011,Sam Antonacci,Glendale Desert Dogs,2025-10-15,Peoria Javelinas,False,True,825648,R,DH,0.0,0,0,0,0,0,.950,0,0,0.00,-.--
2025,803011,Sam Antonacci,Glendale Desert Dogs,2025-10-17,Surprise Saguaros,False,True,825587,R,SS,9.0,1,2,0,0,3,.957,0,0,3.00,3.00
2025,803011,Sam Antonacci,Glendale Desert Dogs,2025-10-19,Salt River Rafters,True,False,825647,R,2B,9.0,1,1,0,0,2,.960,1,0,2.00,2.00
2025,803011,Sam Antonacci,Glendale Desert Dogs,2025-10-21,Surprise Saguaros,False,False,825581,R,2B,6.0,2,0,0,0,2,.963,0,0,2.00,3.00
2025,803011,Sam Antonacci,Glendale Desert Dogs,2025-10-21,Surprise Saguaros,False,False,825664,R,DH,0.0,0,0,0,0,0,.963,0,0,0.00,-.--
2025,803011,Sam Antonacci,Glendale Desert Dogs,2025-10-22,Peoria Javelinas,False,False,825643,R,2B,8.0,1,2,1,1,4,.935,0,0,3.00,3.38
2025,803011,Sam Antonacci,Glendale Desert Dogs,2025-10-25,Peoria Javelinas,True,False,825662,R,2B,9.0,1,1,0,0,2,.939,0,0,2.00,2.00
2025,803011,Sam Antonacci,Glendale Desert Dogs,2025-10-28,Mesa Solar Sox,False,False,825599,R,2B,8.0,3,3,0,0,6,.949,1,0,6.00,6.75
2025,803011,Sam Antonacci,Glendale Desert Dogs,2025-10-29,Mesa Solar Sox,True,True,825656,R,3B,7.0,1,2,0,0,3,.952,0,0,3.00,3.86
2025,803011,Sam Antonacci,Glendale Desert Dogs,2025-10-30,Scottsdale Scorpions,False,False,825612,R,2B,8.0,3,3,0,0,6,.958,1,0,6.00,6.75
2025,803011,Sam Antonacci,Glendale Desert Dogs,2025-11-01,Mesa Solar Sox,False,False,825598,R,SS,8.2,0,4,0,0,4,.962,0,0,4.00,4.50
2025,803011,Sam Antonacci,Glendale Desert Dogs,2025-11-04,Peoria Javelinas,True,True,825657,R,2B,9.0,1,3,0,0,4,.964,1,0,4.00,4.00
2025,803011,Sam Antonacci,Glendale Desert Dogs,2025-11-05,Mesa Solar Sox,False,True,825594,R,2B,9.0,1,5,0,0,6,.968,1,0,6.00,6.00
2025,803011,Sam Antonacci,Glendale Desert Dogs,2025-11-07,Scottsdale Scorpions,True,True,825655,R,SS,9.0,0,3,0,0,3,.969,0,0,3.00,3.00
2025,803011,Sam Antonacci,Glendale Desert Dogs,2025-11-11,Scottsdale Scorpions,False,True,825608,R,2B,7.0,0,2,0,0,2,.970,1,0,2.00,2.57
2025,803011,Sam Antonacci,Glendale Desert Dogs,2025-11-12,Peoria Javelinas,False,False,825573,D,2B,8.0,2,1,0,0,3,1.000,0,0,3.00,3.38
2025,802680,Tyler Bradt,Glendale Desert Dogs,2025-10-09,Scottsdale Scorpions,True,True,825666,R,P,1.0,0,0,0,0,0,.000,0,0,0.00,0.00
2025,802680,Tyler Bradt,Glendale Desert Dogs,2025-10-17,Surprise Saguaros,False,True,825587,R,P,1.0,0,0,0,0,0,.000,0,0,0.00,0.00
2025,802680,Tyler Bradt,Glendale Desert Dogs,2025-10-21,Surprise Saguaros,False,False,825581,R,P,0.1,0,0,0,0,0,.000,0,0,0.00,0.00
2025,802680,Tyler Bradt,Glendale Desert Dogs,2025-10-25,Peoria Javelinas,True,False,825662,R,P,1.0,1,0,0,0,1,1.000,1,0,1.00,9.00
2025,802680,Tyler Bradt,Glendale Desert Dogs,2025-10-28,Mesa Solar Sox,False,False,825599,R,P,1.0,0,0,0,0,0,1.000,0,0,0.00,0.00
2025,802680,Tyler Bradt,Glendale Desert Dogs,2025-10-31,Peoria Javelinas,True,True,825659,R,P,1.0,0,0,0,0,0,1.000,0,0,0.00,0.00
2025,802680,Tyler Bradt,Glendale Desert Dogs,2025-11-06,Peoria Javelinas,False,True,825641,R,P,1.0,0,0,0,0,0,1.000,0,0,0.00,0.00
2025,802680,Tyler Bradt,Glendale Desert Dogs,2025-11-10,Mesa Solar Sox,True,False,825653,R,P,1.2,0,0,0,0,0,1.000,0,0,0.00,0.00
2025,830485,Trent Buchanan,Glendale Desert Dogs,2025-10-09,Scottsdale Scorpions,True,True,825666,R,P,1.1,0,0,0,0,0,.000,0,0,0.00,0.00
2025,830485,Trent Buchanan,Glendale Desert Dogs,2025-10-18,Mesa Solar Sox,True,False,825663,R,P,0.1,0,0,0,0,0,.000,0,0,0.00,0.00
2025,830485,Trent Buchanan,Glendale Desert Dogs,2025-10-21,Surprise Saguaros,False,False,825581,R,P,1.0,0,0,0,0,0,.000,0,0,0.00,0.00
2025,830485,Trent Buchanan,Glendale Desert Dogs,2025-10-25,Peoria Javelinas,True,False,825662,R,P,0.1,0,0,0,0,0,.000,0,0,0.00,0.00
2025,830485,Trent Buchanan,Glendale Desert Dogs,2025-10-28,Mesa Solar Sox,False,False,825599,R,P,0.1,0,0,0,0,0,.000,0,0,0.00,0.00
2025,830485,Trent Buchanan,Glendale Desert Dogs,2025-10-30,Scottsdale Scorpions,False,False,825612,R,P,1.1,0,0,0,0,0,.000,0,0,0.00,0.00
2025,830485,Trent Buchanan,Glendale Desert Dogs,2025-11-02,Surprise Saguaros,True,False,825658,R,P,0.2,0,0,0,0,0,.000,0,0,0.00,0.00
2025,830485,Trent Buchanan,Glendale Desert Dogs,2025-11-05,Mesa Solar Sox,False,True,825594,R,P,1.0,0,0,0,0,0,.000,0,0,0.00,0.00
2025,830485,Trent Buchanan,Glendale Desert Dogs,2025-11-11,Scottsdale Scorpions,False,True,825608,R,P,1.1,0,0,0,0,0,.000,0,0,0.00,0.00
2025,681884,D.J. Carpenter,Glendale Desert Dogs,2025-10-09,Scottsdale Scorpions,True,True,825666,R,P,0.2,0,0,0,0,0,.000,0,0,0.00,0.00
2025,681884,D.J. Carpenter,Glendale Desert Dogs,2025-10-15,Peoria Javelinas,False,True,825648,R,P,0.2,0,0,0,0,0,.000,0,0,0.00,0.00
2025,681884,D.J. Carpenter,Glendale Desert Dogs,2025-10-19,Salt River Rafters,True,False,825647,R,P,0.1,0,0,0,0,0,.000,0,0,0.00,0.00
2025,681884,D.J. Carpenter,Glendale Desert Dogs,2025-10-22,Peoria Javelinas,False,False,825643,R,P,1.0,0,0,0,0,0,.000,0,0,0.00,0.00
2025,681884,D.J. Carpenter,Glendale Desert Dogs,2025-10-26,Salt River Rafters,True,True,825660,R,P,0.1,0,0,0,0,0,.000,0,0,0.00,0.00
2025,681884,D.J. Carpenter,Glendale Desert Dogs,2025-10-30,Scottsdale Scorpions,False,False,825612,R,P,1.0,0,0,0,0,0,.000,0,0,0.00,0.00
2025,681884,D.J. Carpenter,Glendale Desert Dogs,2025-11-02,Surprise Saguaros,True,False,825658,R,P,1.0,0,0,0,0,0,.000,0,0,0.00,0.00
2025,681884,D.J. Carpenter,Glendale Desert Dogs,2025-11-07,Scottsdale Scorpions,True,True,825655,R,P,1.0,0,1,0,0,1,1.000,0,0,1.00,9.00
2025,807724,Justin Chambers,Glendale Desert Dogs,2025-10-14,Salt River Rafters,False,False,825636,R,P,1.1,0,0,0,0,0,.000,0,0,0.00,0.00
2025,807724,Justin Chambers,Glendale Desert Dogs,2025-10-19,Salt River Rafters,True,False,825647,R,P,0.2,0,0,0,0,0,.000,0,0,0.00,0.00
2025,807724,Justin Chambers,Glendale Desert Dogs,2025-10-22,Peoria Javelinas,False,False,825643,R,P,1.0,0,0,0,0,0,.000,0,0,0.00,0.00
2025,807724,Justin Chambers,Glendale Desert Dogs,2025-10-26,Salt River Rafters,True,True,825660,R,P,1.0,0,0,0,0,0,.000,0,0,0.00,0.00
2025,807724,Justin Chambers,Glendale Desert Dogs,2025-10-30,Scottsdale Scorpions,False,False,825612,R,P,1.2,0,1,0,0,1,1.000,0,0,1.00,9.00
2025,807724,Justin Chambers,Glendale Desert Dogs,2025-11-04,Peoria Javelinas,True,True,825657,R,P,1.0,0,0,0,0,0,1.000,0,0,0.00,0.00
2025,807724,Justin Chambers,Glendale Desert Dogs,2025-11-07,Scottsdale Scorpions,True,True,825655,R,P,1.0,0,0,0,0,0,1.000,0,0,0.00,0.00
2025,807724,Justin Chambers,Glendale Desert Dogs,2025-11-10,Mesa Solar Sox,True,False,825653,R,P,0.2,0,0,0,0,0,1.000,0,0,0.00,0.00
2025,807724,Justin Chambers,Glendale Desert Dogs,2025-11-12,Peoria Javelinas,False,False,825573,D,P,1.2,0,2,0,0,2,1.000,0,0,2.00,18.00
2025,695003,Randel Clemente,Glendale Desert Dogs,2025-10-08,Surprise Saguaros,False,False,825591,R,P,0.2,0,0,0,0,0,.000,0,0,0.00,0.00
2025,695003,Randel Clemente,Glendale Desert Dogs,2025-10-16,Scottsdale Scorpions,False,False,825621,R,P,1.0,0,0,0,0,0,.000,0,0,0.00,0.00
2025,695003,Randel Clemente,Glendale Desert Dogs,2025-10-19,Salt River Rafters,True,False,825647,R,P,1.0,0,0,0,0,0,.000,0,0,0.00,0.00
2025,695003,Randel Clemente,Glendale Desert Dogs,2025-10-23,Salt River Rafters,False,False,825630,R,P,0.1,0,0,0,0,0,.000,0,0,0.00,0.00
2025,695003,Randel Clemente,Glendale Desert Dogs,2025-10-28,Mesa Solar Sox,False,False,825599,R,P,1.0,0,0,0,0,0,.000,0,0,0.00,0.00
2025,695003,Randel Clemente,Glendale Desert Dogs,2025-10-31,Peoria Javelinas,True,True,825659,R,P,1.0,0,0,0,0,0,.000,0,0,0.00,0.00
2025,695003,Randel Clemente,Glendale Desert Dogs,2025-11-05,Mesa Solar Sox,False,True,825594,R,P,1.1,0,0,0,0,0,.000,0,0,0.00,0.00
2025,695003,Randel Clemente,Glendale Desert Dogs,2025-11-11,Scottsdale Scorpions,False,True,825608,R,P,1.2,0,0,0,0,0,.000,0,0,0.00,0.00
2025,802117,Patrick Clohisy,Glendale Desert Dogs,2025-10-07,Salt River Rafters,False,False,825635,R,LF,8.0,0,0,0,0,0,.000,0,0,0.00,0.00
2025,802117,Patrick Clohisy,Glendale Desert Dogs,2025-10-08,Surprise Saguaros,False,False,825591,R,LF,9.2,6,0,0,0,6,1.000,0,0,6.00,6.00
2025,802117,Patrick Clohisy,Glendale Desert Dogs,2025-10-09,Scottsdale Scorpions,True,True,825666,R,CF,9.0,0,0,0,0,0,1.000,0,0,0.00,0.00
2025,802117,Patrick Clohisy,Glendale Desert Dogs,2025-10-14,Salt River Rafters,False,False,825636,R,LF,8.0,2,0,0,0,2,1.000,0,0,2.00,2.25
2025,802117,Patrick Clohisy,Glendale Desert Dogs,2025-10-16,Scottsdale Scorpions,False,False,825621,R,CF,8.0,2,0,0,0,2,1.000,0,0,2.00,2.25
2025,802117,Patrick Clohisy,Glendale Desert Dogs,2025-10-17,Surprise Saguaros,False,True,825587,R,CF,9.0,1,0,0,0,1,1.000,0,0,1.00,1.00
2025,802117,Patrick Clohisy,Glendale Desert Dogs,2025-10-18,Mesa Solar Sox,True,False,825663,R,LF,7.0,1,0,0,0,1,1.000,0,0,1.00,1.29
2025,802117,Patrick Clohisy,Glendale Desert Dogs,2025-10-19,Salt River Rafters,True,False,825647,R,CF,9.0,2,0,0,0,2,1.000,0,0,2.00,2.00
2025,802117,Patrick Clohisy,Glendale Desert Dogs,2025-10-21,Surprise Saguaros,False,False,825581,R,CF,6.0,2,0,0,0,2,1.000,0,0,2.00,3.00
2025,802117,Patrick Clohisy,Glendale Desert Dogs,2025-10-21,Surprise Saguaros,False,False,825664,R,LF,6.0,1,0,0,0,1,1.000,0,0,1.00,1.50
2025,802117,Patrick Clohisy,Glendale Desert Dogs,2025-10-22,Peoria Javelinas,False,False,825643,R,LF,8.0,3,0,0,0,3,1.000,0,0,3.00,3.38
2025,802117,Patrick Clohisy,Glendale Desert Dogs,2025-10-23,Salt River Rafters,False,False,825630,R,CF,8.0,3,0,0,0,3,1.000,0,0,3.00,3.38
2025,802117,Patrick Clohisy,Glendale Desert Dogs,2025-10-26,Salt River Rafters,True,True,825660,R,LF,9.0,1,0,0,0,1,1.000,0,0,1.00,1.00
2025,802117,Patrick Clohisy,Glendale Desert Dogs,2025-10-28,Mesa Solar Sox,False,False,825599,R,LF,8.0,1,0,0,0,1,1.000,0,0,1.00,1.13
2025,802117,Patrick Clohisy,Glendale Desert Dogs,2025-10-30,Scottsdale Scorpions,False,False,825612,R,CF,8.0,1,0,0,0,1,1.000,0,0,1.00,1.13
2025,802117,Patrick Clohisy,Glendale Desert Dogs,2025-10-31,Peoria Javelinas,True,True,825659,R,LF,7.0,1,0,0,0,1,1.000,0,0,1.00,1.29
2025,802117,Patrick Clohisy,Glendale Desert Dogs,2025-11-01,Mesa Solar Sox,False,False,825598,R,LF,8.2,2,0,0,0,2,1.000,0,0,2.00,2.25
2025,802117,Patrick Clohisy,Glendale Desert Dogs,2025-11-04,Peoria Javelinas,True,True,825657,R,LF,9.0,0,0,0,0,0,1.000,0,0,0.00,0.00
2025,802117,Patrick Clohisy,Glendale Desert Dogs,2025-11-05,Mesa Solar Sox,False,True,825594,R,CF,9.0,1,0,0,0,1,1.000,0,0,1.00,1.00
2025,802117,Patrick Clohisy,Glendale Desert Dogs,2025-11-06,Peoria Javelinas,False,True,825641,R,LF,7.0,1,0,0,0,1,1.000,0,0,1.00,1.29
2025,802117,Patrick Clohisy,Glendale Desert Dogs,2025-11-11,Scottsdale Scorpions,False,True,825608,R,LF,7.0,1,0,0,0,1,1.000,0,0,1.00,1.29
2025,802117,Patrick Clohisy,Glendale Desert Dogs,2025-11-12,Peoria Javelinas,False,False,825573,D,LF,8.0,2,0,0,0,2,1.000,0,0,2.00,2.25
2025,702690,Cutter Coffey,Glendale Desert Dogs,2025-10-07,Salt River Rafters,False,False,825635,R,DH,0.0,0,0,0,0,0,.000,0,0,0.00,-.--
2025,702690,Cutter Coffey,Glendale Desert Dogs,2025-10-08,Surprise Saguaros,False,False,825591,R,3B,9.2,0,0,0,0,0,.000,0,0,0.00,0.00
2025,702690,Cutter Coffey,Glendale Desert Dogs,2025-10-09,Scottsdale Scorpions,True,True,825666,R,3B,9.0,0,2,0,0,2,1.000,0,0,2.00,2.00
2025,702690,Cutter Coffey,Glendale Desert Dogs,2025-10-14,Salt River Rafters,False,False,825636,R,DH,0.0,0,0,0,0,0,1.000,0,0,0.00,-.--
2025,702690,Cutter Coffey,Glendale Desert Dogs,2025-10-16,Scottsdale Scorpions,False,False,825621,R,2B,8.0,0,2,0,0,2,1.000,0,0,2.00,2.25
2025,702690,Cutter Coffey,Glendale Desert Dogs,2025-10-17,Surprise Saguaros,False,True,825587,R,2B,9.0,1,3,0,0,4,1.000,0,0,4.00,4.00
2025,702690,Cutter Coffey,Glendale Desert Dogs,2025-10-18,Mesa Solar Sox,True,False,825663,R,3B,7.0,0,1,0,0,1,1.000,0,0,1.00,1.29
2025,702690,Cutter Coffey,Glendale Desert Dogs,2025-10-21,Surprise Saguaros,False,False,825664,R,3B,6.0,1,0,0,0,1,1.000,0,0,1.00,1.50
2025,702690,Cutter Coffey,Glendale Desert Dogs,2025-10-23,Salt River Rafters,False,False,825630,R,2B,8.0,2,2,0,0,4,1.000,0,0,4.00,4.50
2025,702690,Cutter Coffey,Glendale Desert Dogs,2025-10-26,Salt River Rafters,True,True,825660,R,3B,9.0,0,2,1,1,3,.941,0,0,2.00,2.00
2025,702690,Cutter Coffey,Glendale Desert Dogs,2025-10-29,Mesa Solar Sox,True,True,825656,R,DH,0.0,0,0,0,0,0,.941,0,0,0.00,-.--
2025,702690,Cutter Coffey,Glendale Desert Dogs,2025-10-31,Peoria Javelinas,True,True,825659,R,3B,7.0,1,0,0,0,1,.944,0,0,1.00,1.29
2025,702690,Cutter Coffey,Glendale Desert Dogs,2025-11-01,Mesa Solar Sox,False,False,825598,R,2B,8.2,2,2,1,0,5,.913,0,0,4.00,4.50
2025,702690,Cutter Coffey,Glendale Desert Dogs,2025-11-05,Mesa Solar Sox,False,True,825594,R,DH,0.0,0,0,0,0,0,.913,0,0,0.00,-.--
2025,702690,Cutter Coffey,Glendale Desert Dogs,2025-11-06,Peoria Javelinas,False,True,825641,R,2B,7.0,0,1,0,0,1,.917,0,0,1.00,1.29
2025,702690,Cutter Coffey,Glendale Desert Dogs,2025-11-07,Scottsdale Scorpions,True,True,825655,R,3B,9.0,0,4,0,0,4,.929,2,0,4.00,4.00
2025,702690,Cutter Coffey,Glendale Desert Dogs,2025-11-10,Mesa Solar Sox,True,False,825653,R,3B,7.0,1,2,1,1,4,.906,1,0,3.00,3.86
2025,702690,Cutter Coffey,Glendale Desert Dogs,2025-11-11,Scottsdale Scorpions,False,True,825608,R,DH,0.0,0,0,0,0,0,.906,0,0,0.00,-.--
2025,702690,Cutter Coffey,Glendale Desert Dogs,2025-11-12,Peoria Javelinas,False,False,825573,D,DH,0.0,0,0,0,0,0,.000,0,0,0.00,-.--
2025,804645,Caden Connor,Glendale Desert Dogs,2025-10-07,Salt River Rafters,False,False,825635,R,RF,8.0,3,0,0,0,3,1.000,0,0,3.00,3.38
2025,804645,Caden Connor,Glendale Desert Dogs,2025-10-08,Surprise Saguaros,False,False,825591,R,RF,9.2,2,1,0,0,3,1.000,0,0,3.00,3.00
2025,804645,Caden Connor,Glendale Desert Dogs,2025-10-09,Scottsdale Scorpions,True,True,825666,R,RF,9.0,1,0,0,0,1,1.000,0,0,1.00,1.00
2025,804645,Caden Connor,Glendale Desert Dogs,2025-10-15,Peoria Javelinas,False,True,825648,R,RF,9.0,4,0,0,0,4,1.000,0,0,4.00,4.00
2025,804645,Caden Connor,Glendale Desert Dogs,2025-10-16,Scottsdale Scorpions,False,False,825621,R,RF,8.0,0,0,0,0,0,1.000,0,0,0.00,0.00
2025,804645,Caden Connor,Glendale Desert Dogs,2025-10-17,Surprise Saguaros,False,True,825587,R,LF,9.0,1,0,0,0,1,1.000,0,0,1.00,1.00
2025,804645,Caden Connor,Glendale Desert Dogs,2025-10-18,Mesa Solar Sox,True,False,825663,R,RF,7.0,3,0,0,0,3,1.000,0,0,3.00,3.86
2025,804645,Caden Connor,Glendale Desert Dogs,2025-10-19,Salt River Rafters,True,False,825647,R,LF,9.0,2,0,0,0,2,1.000,0,0,2.00,2.00
2025,804645,Caden Connor,Glendale Desert Dogs,2025-10-21,Surprise Saguaros,False,False,825581,R,1B,6.0,2,0,0,0,2,1.000,0,0,2.00,3.00
2025,804645,Caden Connor,Glendale Desert Dogs,2025-10-21,Surprise Saguaros,False,False,825664,R,RF,6.0,2,0,0,0,2,1.000,0,0,2.00,3.00
2025,804645,Caden Connor,Glendale Desert Dogs,2025-10-22,Peoria Javelinas,False,False,825643,R,RF,8.0,2,0,1,1,3,.958,0,0,2.00,2.25
2025,804645,Caden Connor,Glendale Desert Dogs,2025-10-25,Peoria Javelinas,True,False,825662,R,LF,9.0,2,0,0,0,2,.962,0,0,2.00,2.00
2025,804645,Caden Connor,Glendale Desert Dogs,2025-10-28,Mesa Solar Sox,False,False,825599,R,1B,8.0,8,0,0,0,8,.971,1,0,8.00,9.00
2025,804645,Caden Connor,Glendale Desert Dogs,2025-10-30,Scottsdale Scorpions,False,False,825612,R,RF,8.0,1,0,0,0,1,.971,0,0,1.00,1.13
2025,804645,Caden Connor,Glendale Desert Dogs,2025-11-01,Mesa Solar Sox,False,False,825598,R,RF,8.2,0,0,0,0,0,.971,0,0,0.00,0.00
2025,804645,Caden Connor,Glendale Desert Dogs,2025-11-02,Surprise Saguaros,True,False,825658,R,DH,0.0,0,0,0,0,0,.971,0,0,0.00,-.--
2025,804645,Caden Connor,Glendale Desert Dogs,2025-11-04,Peoria Javelinas,True,True,825657,R,RF,9.0,0,0,0,0,0,.971,0,0,0.00,0.00
2025,804645,Caden Connor,Glendale Desert Dogs,2025-11-06,Peoria Javelinas,False,True,825641,R,RF,7.0,0,0,0,0,0,.971,0,0,0.00,0.00
2025,804645,Caden Connor,Glendale Desert Dogs,2025-11-10,Mesa Solar Sox,True,False,825653,R,RF,7.0,1,0,0,0,1,.972,0,0,1.00,1.29
2025,804645,Caden Connor,Glendale Desert Dogs,2025-11-12,Peoria Javelinas,False,False,825573,D,1B,8.0,4,0,0,0,4,1.000,0,0,4.00,4.50
2025,699823,Tyler Davis,Glendale Desert Dogs,2025-10-08,Surprise Saguaros,False,False,825591,R,P,1.0,0,0,0,0,0,.000,0,0,0.00,0.00
2025,699823,Tyler Davis,Glendale Desert Dogs,2025-10-15,Peoria Javelinas,False,True,825648,R,P,2.0,0,0,0,0,0,.000,0,0,0.00,0.00
2025,699823,Tyler Davis,Glendale Desert Dogs,2025-10-19,Salt River Rafters,True,False,825647,R,P,1.0,0,0,0,0,0,.000,0,0,0.00,0.00
2025,699823,Tyler Davis,Glendale Desert Dogs,2025-10-23,Salt River Rafters,False,False,825630,R,P,0.2,0,0,0,0,0,.000,0,0,0.00,0.00
2025,699823,Tyler Davis,Glendale Desert Dogs,2025-10-26,Salt River Rafters,True,True,825660,R,P,1.0,0,0,0,0,0,.000,0,0,0.00,0.00
2025,699823,Tyler Davis,Glendale Desert Dogs,2025-10-29,Mesa Solar Sox,True,True,825656,R,P,1.0,0,0,0,0,0,.000,0,0,0.00,0.00
2025,699823,Tyler Davis,Glendale Desert Dogs,2025-11-01,Mesa Solar Sox,False,False,825598,R,P,1.0,0,0,0,0,0,.000,0,0,0.00,0.00
2025,699823,Tyler Davis,Glendale Desert Dogs,2025-11-04,Peoria Javelinas,True,True,825657,R,P,2.0,0,1,0,0,1,1.000,0,0,1.00,4.50
2025,699823,Tyler Davis,Glendale Desert Dogs,2025-11-07,Scottsdale Scorpions,True,True,825655,R,P,1.0,1,0,0,0,1,1.000,0,0,1.00,9.00
2025,683103,Cade Doughty,Glendale Desert Dogs,2025-11-04,Peoria Javelinas,True,True,825657,R,DH,0.0,0,0,0,0,0,.000,0,0,0.00,-.--
2025,683103,Cade Doughty,Glendale Desert Dogs,2025-11-05,Mesa Solar Sox,False,True,825594,R,3B,9.0,2,1,0,0,3,1.000,0,0,3.00,3.00
2025,683103,Cade Doughty,Glendale Desert Dogs,2025-11-07,Scottsdale Scorpions,True,True,825655,R,2B,9.0,3,4,0,0,7,1.000,2,0,7.00,7.00
2025,683103,Cade Doughty,Glendale Desert Dogs,2025-11-10,Mesa Solar Sox,True,False,825653,R,DH,0.0,0,0,0,0,0,1.000,0,0,0.00,-.--
2025,683103,Cade Doughty,Glendale Desert Dogs,2025-11-11,Scottsdale Scorpions,False,True,825608,R,SS,7.0,1,1,0,0,2,1.000,1,0,2.00,2.57
2025,698927,Edward Duran,Glendale Desert Dogs,2025-10-08,Surprise Saguaros,False,False,825591,R,C,9.2,18,1,0,0,19,1.000,0,0,19.00,19.00
2025,698927,Edward Duran,Glendale Desert Dogs,2025-10-15,Peoria Javelinas,False,True,825648,R,C,9.0,10,2,0,0,12,1.000,0,0,12.00,12.00
2025,698927,Edward Duran,Glendale Desert Dogs,2025-10-19,Salt River Rafters,True,False,825647,R,C,9.0,9,1,1,1,11,.976,0,0,10.00,10.00
2025,698927,Edward Duran,Glendale Desert Dogs,2025-10-22,Peoria Javelinas,False,False,825643,R,C,8.0,11,2,0,0,13,.982,0,0,13.00,14.63
2025,698927,Edward Duran,Glendale Desert Dogs,2025-10-26,Salt River Rafters,True,True,825660,R,C,9.0,12,1,1,1,14,.971,0,0,13.00,13.00
2025,698927,Edward Duran,Glendale Desert Dogs,2025-10-30,Scottsdale Scorpions,False,False,825612,R,C,8.0,10,1,1,1,12,.963,0,0,11.00,12.38
2025,698927,Edward Duran,Glendale Desert Dogs,2025-11-02,Surprise Saguaros,True,False,825658,R,C,7.0,9,0,0,0,9,.967,0,0,9.00,11.57
2025,698927,Edward Duran,Glendale Desert Dogs,2025-11-06,Peoria Javelinas,False,True,825641,R,C,7.0,11,0,0,0,11,.970,0,0,11.00,14.14
2025,698927,Edward Duran,Glendale Desert Dogs,2025-11-11,Scottsdale Scorpions,False,True,825608,R,C,7.0,12,1,0,0,13,.974,0,0,13.00,16.71
2025,814436,Ryan Galanie,Glendale Desert Dogs,2025-10-07,Salt River Rafters,False,False,825635,R,1B,8.0,9,2,0,0,11,1.000,2,0,11.00,12.38
2025,814436,Ryan Galanie,Glendale Desert Dogs,2025-10-08,Surprise Saguaros,False,False,825591,R,1B,9.2,3,1,0,0,4,1.000,0,0,4.00,4.00
2025,814436,Ryan Galanie,Glendale Desert Dogs,2025-10-14,Salt River Rafters,False,False,825636,R,1B,8.0,9,0,0,0,9,1.000,0,0,9.00,10.13
2025,814436,Ryan Galanie,Glendale Desert Dogs,2025-10-16,Scottsdale Scorpions,False,False,825621,R,DH,0.0,0,0,0,0,0,1.000,0,0,0.00,-.--
2025,814436,Ryan Galanie,Glendale Desert Dogs,2025-10-17,Surprise Saguaros,False,True,825587,R,1B,9.0,8,0,0,0,8,1.000,0,0,8.00,8.00
2025,814436,Ryan Galanie,Glendale Desert Dogs,2025-10-18,Mesa Solar Sox,True,False,825663,R,1B,7.0,2,0,0,0,2,1.000,1,0,2.00,2.57
2025,814436,Ryan Galanie,Glendale Desert Dogs,2025-10-21,Surprise Saguaros,False,False,825581,R,DH,0.0,0,0,0,0,0,1.000,0,0,0.00,-.--
2025,814436,Ryan Galanie,Glendale Desert Dogs,2025-10-21,Surprise Saguaros,False,False,825664,R,1B,6.0,3,1,0,0,4,1.000,0,0,4.00,6.00
2025,814436,Ryan Galanie,Glendale Desert Dogs,2025-10-23,Salt River Rafters,False,False,825630,R,1B,8.0,4,0,0,0,4,1.000,0,0,4.00,4.50
2025,814436,Ryan Galanie,Glendale Desert Dogs,2025-10-25,Peoria Javelinas,True,False,825662,R,1B,9.0,5,2,0,0,7,1.000,1,0,7.00,7.00
2025,814436,Ryan Galanie,Glendale Desert Dogs,2025-10-28,Mesa Solar Sox,False,False,825599,R,DH,0.0,0,0,0,0,0,1.000,0,0,0.00,-.--
2025,814436,Ryan Galanie,Glendale Desert Dogs,2025-10-29,Mesa Solar Sox,True,True,825656,R,1B,7.0,9,1,0,0,10,1.000,1,0,10.00,12.86
2025,814436,Ryan Galanie,Glendale Desert Dogs,2025-10-31,Peoria Javelinas,True,True,825659,R,1B,7.0,6,1,0,0,7,1.000,0,0,7.00,9.00
2025,814436,Ryan Galanie,Glendale Desert Dogs,2025-11-02,Surprise Saguaros,True,False,825658,R,1B,7.0,6,0,0,0,6,1.000,1,0,6.00,7.71
2025,814436,Ryan Galanie,Glendale Desert Dogs,2025-11-04,Peoria Javelinas,True,True,825657,R,1B,9.0,9,1,0,0,10,1.000,1,0,10.00,10.00
2025,814436,Ryan Galanie,Glendale Desert Dogs,2025-11-07,Scottsdale Scorpions,True,True,825655,R,1B,9.0,13,1,0,0,14,1.000,2,0,14.00,14.00
2025,814436,Ryan Galanie,Glendale Desert Dogs,2025-11-10,Mesa Solar Sox,True,False,825653,R,1B,7.0,3,0,0,0,3,1.000,0,0,3.00,3.86
2025,694188,Jesus Galiz,Glendale Desert Dogs,2025-10-14,Salt River Rafters,False,False,825636,R,C,8.0,9,0,1,1,10,.900,0,0,9.00,10.13
2025,694188,Jesus Galiz,Glendale Desert Dogs,2025-10-17,Surprise Saguaros,False,True,825587,R,C,9.0,12,1,0,0,13,.957,0,0,13.00,13.00
2025,694188,Jesus Galiz,Glendale Desert Dogs,2025-10-21,Surprise Saguaros,False,False,825581,R,C,6.0,7,0,0,0,7,.967,0,0,7.00,10.50
2025,694188,Jesus Galiz,Glendale Desert Dogs,2025-10-23,Salt River Rafters,False,False,825630,R,C,8.0,11,0,1,1,12,.952,0,0,11.00,12.38
2025,694188,Jesus Galiz,Glendale Desert Dogs,2025-10-28,Mesa Solar Sox,False,False,825599,R,C,8.0,3,0,0,0,3,.956,0,0,3.00,3.38
2025,694188,Jesus Galiz,Glendale Desert Dogs,2025-11-01,Mesa Solar Sox,False,False,825598,R,C,8.2,12,1,0,0,13,.966,0,0,13.00,14.63
2025,694188,Jesus Galiz,Glendale Desert Dogs,2025-11-05,Mesa Solar Sox,False,True,825594,R,C,9.0,5,0,0,0,5,.968,0,0,5.00,5.00
2025,694188,Jesus Galiz,Glendale Desert Dogs,2025-11-10,Mesa Solar Sox,True,False,825653,R,C,7.0,13,0,0,0,13,.974,0,0,13.00,16.71
2025,691559,Jose D. Hernandez,Glendale Desert Dogs,2025-10-23,Salt River Rafters,False,False,825630,R,LF,8.0,1,0,0,0,1,1.000,0,0,1.00,1.13
2025,691559,Jose D. Hernandez,Glendale Desert Dogs,2025-10-29,Mesa Solar Sox,True,True,825656,R,LF,7.0,1,0,0,0,1,1.000,0,0,1.00,1.29
2025,691559,Jose D. Hernandez,Glendale Desert Dogs,2025-10-30,Scottsdale Scorpions,False,False,825612,R,LF,8.0,1,0,0,0,1,1.000,0,0,1.00,1.13
2025,691559,Jose D. Hernandez,Glendale Desert Dogs,2025-11-02,Surprise Saguaros,True,False,825658,R,LF,7.0,3,0,0,0,3,1.000,0,0,3.00,3.86
2025,691559,Jose D. Hernandez,Glendale Desert Dogs,2025-11-05,Mesa Solar Sox,False,True,825594,R,LF,9.0,1,0,0,0,1,1.000,0,0,1.00,1.00
2025,691559,Jose D. Hernandez,Glendale Desert Dogs,2025-11-10,Mesa Solar Sox,True,False,825653,R,LF,7.0,1,0,0,0,1,1.000,0,0,1.00,1.29
2025,802469,Travis Honeyman,Glendale Desert Dogs,2025-10-07,Salt River Rafters,False,False,825635,R,CF,8.0,1,0,0,0,1,1.000,0,0,1.00,1.13
2025,802469,Travis Honeyman,Glendale Desert Dogs,2025-10-08,Surprise Saguaros,False,False,825591,R,CF,9.2,0,0,0,0,0,1.000,0,0,0.00,0.00
2025,802469,Travis Honeyman,Glendale Desert Dogs,2025-10-14,Salt River Rafters,False,False,825636,R,CF,8.0,1,0,0,0,1,1.000,0,0,1.00,1.13
2025,802469,Travis Honeyman,Glendale Desert Dogs,2025-10-15,Peoria Javelinas,False,True,825648,R,CF,9.0,2,0,0,0,2,1.000,0,0,2.00,2.00
2025,802469,Travis Honeyman,Glendale Desert Dogs,2025-10-16,Scottsdale Scorpions,False,False,825621,R,LF,4.0,0,0,0,0,0,1.000,0,0,0.00,0.00
2025,802469,Travis Honeyman,Glendale Desert Dogs,2025-10-25,Peoria Javelinas,True,False,825662,R,CF,9.0,2,0,0,0,2,1.000,0,0,2.00,2.00
2025,802469,Travis Honeyman,Glendale Desert Dogs,2025-10-28,Mesa Solar Sox,False,False,825599,R,CF,8.0,1,0,0,0,1,1.000,0,0,1.00,1.13
2025,802469,Travis Honeyman,Glendale Desert Dogs,2025-10-29,Mesa Solar Sox,True,True,825656,R,CF,7.0,1,0,0,0,1,1.000,0,0,1.00,1.29
2025,802469,Travis Honeyman,Glendale Desert Dogs,2025-10-31,Peoria Javelinas,True,True,825659,R,CF,7.0,1,0,0,0,1,1.000,0,0,1.00,1.29
2025,802469,Travis Honeyman,Glendale Desert Dogs,2025-11-01,Mesa Solar Sox,False,False,825598,R,CF,8.2,3,0,0,0,3,1.000,0,0,3.00,3.38
2025,802469,Travis Honeyman,Glendale Desert Dogs,2025-11-06,Peoria Javelinas,False,True,825641,R,CF,7.0,3,0,0,0,3,1.000,0,0,3.00,3.86
2025,802469,Travis Honeyman,Glendale Desert Dogs,2025-11-07,Scottsdale Scorpions,True,True,825655,R,LF,9.0,0,0,0,0,0,1.000,0,0,0.00,0.00
2025,802469,Travis Honeyman,Glendale Desert Dogs,2025-11-10,Mesa Solar Sox,True,False,825653,R,CF,7.0,0,0,0,0,0,1.000,0,0,0.00,0.00
2025,801941,Carson Jacobs,Glendale Desert Dogs,2025-10-08,Surprise Saguaros,False,False,825591,R,P,0.2,0,0,0,0,0,.000,0,0,0.00,0.00
2025,801941,Carson Jacobs,Glendale Desert Dogs,2025-10-15,Peoria Javelinas,False,True,825648,R,P,0.2,0,0,0,0,0,.000,0,0,0.00,0.00
2025,801941,Carson Jacobs,Glendale Desert Dogs,2025-10-19,Salt River Rafters,True,False,825647,R,P,0.1,0,0,0,0,0,.000,0,0,0.00,0.00
2025,801941,Carson Jacobs,Glendale Desert Dogs,2025-10-21,Surprise Saguaros,False,False,825664,R,P,1.1,0,0,1,1,1,.000,0,0,0.00,0.00
2025,801941,Carson Jacobs,Glendale Desert Dogs,2025-10-29,Mesa Solar Sox,True,True,825656,R,P,1.0,0,0,0,0,0,.000,0,0,0.00,0.00
2025,801941,Carson Jacobs,Glendale Desert Dogs,2025-11-01,Mesa Solar Sox,False,False,825598,R,P,0.2,0,0,0,0,0,.000,0,0,0.00,0.00
2025,801941,Carson Jacobs,Glendale Desert Dogs,2025-11-04,Peoria Javelinas,True,True,825657,R,P,1.0,0,0,0,0,0,.000,0,0,0.00,0.00
2025,801941,Carson Jacobs,Glendale Desert Dogs,2025-11-11,Scottsdale Scorpions,False,True,825608,R,P,0.1,0,0,0,0,0,.000,0,0,0.00,0.00
2025,815794,Hyun-Seok Jang,Glendale Desert Dogs,2025-10-14,Salt River Rafters,False,False,825636,R,P,0.2,0,0,0,0,0,.000,0,0,0.00,0.00
2025,815794,Hyun-Seok Jang,Glendale Desert Dogs,2025-10-21,Surprise Saguaros,False,False,825664,R,P,1.0,0,0,0,0,0,.000,0,0,0.00,0.00
2025,815794,Hyun-Seok Jang,Glendale Desert Dogs,2025-10-26,Salt River Rafters,True,True,825660,R,P,3.0,0,0,0,0,0,.000,0,0,0.00,0.00
2025,815794,Hyun-Seok Jang,Glendale Desert Dogs,2025-11-02,Surprise Saguaros,True,False,825658,R,P,2.1,0,1,0,0,1,1.000,0,0,1.00,4.50
2025,815794,Hyun-Seok Jang,Glendale Desert Dogs,2025-11-11,Scottsdale Scorpions,False,True,825608,R,P,2.0,0,0,0,0,0,1.000,0,0,0.00,0.00
2025,805347,Jim Jarvis,Glendale Desert Dogs,2025-10-07,Salt River Rafters,False,False,825635,R,3B,8.0,2,2,0,0,4,1.000,0,0,4.00,4.50
2025,805347,Jim Jarvis,Glendale Desert Dogs,2025-10-15,Peoria Javelinas,False,True,825648,R,2B,9.0,0,1,0,0,1,1.000,0,0,1.00,1.00
2025,805347,Jim Jarvis,Glendale Desert Dogs,2025-10-16,Scottsdale Scorpions,False,False,825621,R,SS,8.0,1,6,0,0,7,1.000,0,0,7.00,7.88
2025,805347,Jim Jarvis,Glendale Desert Dogs,2025-10-18,Mesa Solar Sox,True,False,825663,R,2B,7.0,1,1,0,0,2,1.000,1,0,2.00,2.57
2025,805347,Jim Jarvis,Glendale Desert Dogs,2025-10-19,Salt River Rafters,True,False,825647,R,SS,9.0,1,2,0,0,3,1.000,1,0,3.00,3.00
2025,805347,Jim Jarvis,Glendale Desert Dogs,2025-10-21,Surprise Saguaros,False,False,825664,R,SS,6.0,0,1,0,0,1,1.000,0,0,1.00,1.50
2025,805347,Jim Jarvis,Glendale Desert Dogs,2025-10-22,Peoria Javelinas,False,False,825643,R,SS,8.0,0,0,0,0,0,1.000,0,0,0.00,0.00
2025,805347,Jim Jarvis,Glendale Desert Dogs,2025-10-25,Peoria Javelinas,True,False,825662,R,SS,9.0,1,2,1,0,4,.955,1,0,3.00,3.00
2025,805347,Jim Jarvis,Glendale Desert Dogs,2025-10-26,Salt River Rafters,True,True,825660,R,2B,9.0,3,3,0,0,6,.964,2,0,6.00,6.00
2025,805347,Jim Jarvis,Glendale Desert Dogs,2025-10-29,Mesa Solar Sox,True,True,825656,R,SS,7.0,0,3,0,0,3,.968,0,0,3.00,3.86
2025,805347,Jim Jarvis,Glendale Desert Dogs,2025-10-31,Peoria Javelinas,True,True,825659,R,SS,7.0,1,1,0,0,2,.970,0,0,2.00,2.57
2025,805347,Jim Jarvis,Glendale Desert Dogs,2025-11-02,Surprise Saguaros,True,False,825658,R,SS,7.0,0,2,0,0,2,.971,1,0,2.00,2.57
2025,805347,Jim Jarvis,Glendale Desert Dogs,2025-11-04,Peoria Javelinas,True,True,825657,R,SS,9.0,0,2,0,0,2,.973,1,0,2.00,2.00
2025,805347,Jim Jarvis,Glendale Desert Dogs,2025-11-05,Mesa Solar Sox,False,True,825594,R,SS,9.0,4,4,0,0,8,.978,1,0,8.00,8.00
2025,805347,Jim Jarvis,Glendale Desert Dogs,2025-11-06,Peoria Javelinas,False,True,825641,R,SS,7.0,0,3,0,0,3,.979,0,0,3.00,3.86
2025,805347,Jim Jarvis,Glendale Desert Dogs,2025-11-10,Mesa Solar Sox,True,False,825653,R,SS,7.0,1,1,0,0,2,.980,0,0,2.00,2.57
2025,805347,Jim Jarvis,Glendale Desert Dogs,2025-11-12,Peoria Javelinas,False,False,825573,D,SS,8.0,1,2,1,0,4,.750,0,0,3.00,3.38
2025,688460,Josh Kasevich,Glendale Desert Dogs,2025-10-07,Salt River Rafters,False,False,825635,R,SS,8.0,1,1,0,0,2,1.000,1,0,2.00,2.25
2025,688460,Josh Kasevich,Glendale Desert Dogs,2025-10-08,Surprise Saguaros,False,False,825591,R,SS,9.2,0,3,0,0,3,1.000,0,0,3.00,3.00
2025,688460,Josh Kasevich,Glendale Desert Dogs,2025-10-09,Scottsdale Scorpions,True,True,825666,R,SS,9.0,1,2,0,0,3,1.000,1,0,3.00,3.00
2025,688460,Josh Kasevich,Glendale Desert Dogs,2025-10-14,Salt River Rafters,False,False,825636,R,SS,8.0,1,4,0,0,5,1.000,1,0,5.00,5.63
2025,688460,Josh Kasevich,Glendale Desert Dogs,2025-10-15,Peoria Javelinas,False,True,825648,R,SS,9.0,0,0,0,0,0,1.000,0,0,0.00,0.00
2025,688460,Josh Kasevich,Glendale Desert Dogs,2025-10-16,Scottsdale Scorpions,False,False,825621,R,3B,8.0,0,1,0,0,1,1.000,0,0,1.00,1.13
2025,688460,Josh Kasevich,Glendale Desert Dogs,2025-10-18,Mesa Solar Sox,True,False,825663,R,SS,7.0,1,0,0,0,1,1.000,0,0,1.00,1.29
2025,688460,Josh Kasevich,Glendale Desert Dogs,2025-10-19,Salt River Rafters,True,False,825647,R,DH,0.0,0,0,0,0,0,1.000,0,0,0.00,-.--
2025,688460,Josh Kasevich,Glendale Desert Dogs,2025-10-21,Surprise Saguaros,False,False,825581,R,SS,6.0,1,2,0,0,3,1.000,0,0,3.00,4.50
2025,688460,Josh Kasevich,Glendale Desert Dogs,2025-10-22,Peoria Javelinas,False,False,825643,R,3B,8.0,0,3,0,0,3,1.000,0,0,3.00,3.38
2025,688460,Josh Kasevich,Glendale Desert Dogs,2025-10-23,Salt River Rafters,False,False,825630,R,SS,8.0,0,3,0,0,3,1.000,0,0,3.00,3.38
2025,688460,Josh Kasevich,Glendale Desert Dogs,2025-10-25,Peoria Javelinas,True,False,825662,R,DH,0.0,0,0,0,0,0,1.000,0,0,0.00,-.--
2025,688460,Josh Kasevich,Glendale Desert Dogs,2025-10-26,Salt River Rafters,True,True,825660,R,SS,9.0,0,3,0,0,3,1.000,1,0,3.00,3.00
2025,688460,Josh Kasevich,Glendale Desert Dogs,2025-10-28,Mesa Solar Sox,False,False,825599,R,SS,8.0,2,3,0,0,5,1.000,0,0,5.00,5.63
2025,688460,Josh Kasevich,Glendale Desert Dogs,2025-10-30,Scottsdale Scorpions,False,False,825612,R,SS,8.0,2,3,0,0,5,1.000,1,0,5.00,5.63
2025,688460,Josh Kasevich,Glendale Desert Dogs,2025-10-31,Peoria Javelinas,True,True,825659,R,2B,7.0,0,2,0,0,2,1.000,0,0,2.00,2.57
2025,688460,Josh Kasevich,Glendale Desert Dogs,2025-11-02,Surprise Saguaros,True,False,825658,R,2B,7.0,1,3,0,0,4,1.000,1,0,4.00,5.14
2025,800811,Jacob Kroeger,Glendale Desert Dogs,2025-10-14,Salt River Rafters,False,False,825636,R,P,1.0,0,0,0,0,0,.000,0,0,0.00,0.00
2025,800811,Jacob Kroeger,Glendale Desert Dogs,2025-10-18,Mesa Solar Sox,True,False,825663,R,P,2.0,0,0,0,0,0,.000,0,0,0.00,0.00
2025,800811,Jacob Kroeger,Glendale Desert Dogs,2025-10-25,Peoria Javelinas,True,False,825662,R,P,1.1,0,0,0,0,0,.000,0,0,0.00,0.00
2025,800811,Jacob Kroeger,Glendale Desert Dogs,2025-11-01,Mesa Solar Sox,False,False,825598,R,P,1.1,0,0,0,0,0,.000,0,0,0.00,0.00
2025,800811,Jacob Kroeger,Glendale Desert Dogs,2025-11-07,Scottsdale Scorpions,True,True,825655,R,P,1.2,0,0,0,0,0,.000,0,0,0.00,0.00
2025,702910,Jhancarlos Lara,Glendale Desert Dogs,2025-10-07,Salt River Rafters,False,False,825635,R,P,1.0,0,0,0,0,0,.000,0,0,0.00,0.00
2025,702910,Jhancarlos Lara,Glendale Desert Dogs,2025-10-14,Salt River Rafters,False,False,825636,R,P,1.0,0,1,0,0,1,1.000,0,0,1.00,9.00
2025,702910,Jhancarlos Lara,Glendale Desert Dogs,2025-10-17,Surprise Saguaros,False,True,825587,R,P,1.2,0,0,0,0,0,1.000,0,0,0.00,0.00
2025,702910,Jhancarlos Lara,Glendale Desert Dogs,2025-10-22,Peoria Javelinas,False,False,825643,R,P,1.0,0,0,0,0,0,1.000,0,0,0.00,0.00
2025,702910,Jhancarlos Lara,Glendale Desert Dogs,2025-10-26,Salt River Rafters,True,True,825660,R,P,1.0,0,0,0,0,0,1.000,0,0,0.00,0.00
2025,702910,Jhancarlos Lara,Glendale Desert Dogs,2025-10-28,Mesa Solar Sox,False,False,825599,R,P,1.0,0,0,0,0,0,1.000,0,0,0.00,0.00
2025,702910,Jhancarlos Lara,Glendale Desert Dogs,2025-10-31,Peoria Javelinas,True,True,825659,R,P,1.0,0,0,0,0,0,1.000,0,0,0.00,0.00
2025,702910,Jhancarlos Lara,Glendale Desert Dogs,2025-11-02,Surprise Saguaros,True,False,825658,R,P,0.2,0,0,0,0,0,1.000,0,0,0.00,0.00
2025,702910,Jhancarlos Lara,Glendale Desert Dogs,2025-11-05,Mesa Solar Sox,False,True,825594,R,P,1.0,0,0,0,0,0,1.000,0,0,0.00,0.00
2025,702910,Jhancarlos Lara,Glendale Desert Dogs,2025-11-07,Scottsdale Scorpions,True,True,825655,R,P,0.1,0,0,0,0,0,1.000,0,0,0.00,0.00
2025,702910,Jhancarlos Lara,Glendale Desert Dogs,2025-11-10,Mesa Solar Sox,True,False,825653,R,P,0.2,0,0,0,0,0,1.000,0,0,0.00,0.00
2025,813820,Chen-Wei Lin,Glendale Desert Dogs,2025-10-09,Scottsdale Scorpions,True,True,825666,R,P,2.0,0,0,0,0,0,.000,0,0,0.00,0.00
2025,813820,Chen-Wei Lin,Glendale Desert Dogs,2025-10-17,Surprise Saguaros,False,True,825587,R,P,3.2,0,1,0,0,1,1.000,0,0,1.00,3.00
2025,813820,Chen-Wei Lin,Glendale Desert Dogs,2025-10-23,Salt River Rafters,False,False,825630,R,P,1.2,0,0,0,0,0,1.000,0,0,0.00,0.00
2025,813820,Chen-Wei Lin,Glendale Desert Dogs,2025-10-30,Scottsdale Scorpions,False,False,825612,R,P,2.0,0,0,0,0,0,1.000,0,0,0.00,0.00
2025,813820,Chen-Wei Lin,Glendale Desert Dogs,2025-11-06,Peoria Javelinas,False,True,825641,R,P,3.0,0,0,0,0,0,1.000,0,0,0.00,0.00
2025,801317,Alex Makarewich,Glendale Desert Dogs,2025-10-08,Surprise Saguaros,False,False,825591,R,P,0.1,0,0,0,0,0,.000,0,0,0.00,0.00
2025,801317,Alex Makarewich,Glendale Desert Dogs,2025-10-14,Salt River Rafters,False,False,825636,R,P,0.1,0,0,0,0,0,.000,0,0,0.00,0.00
2025,801317,Alex Makarewich,Glendale Desert Dogs,2025-10-17,Surprise Saguaros,False,True,825587,R,P,0.1,0,0,0,0,0,.000,0,0,0.00,0.00
2025,801317,Alex Makarewich,Glendale Desert Dogs,2025-10-19,Salt River Rafters,True,False,825647,R,P,1.0,0,0,0,0,0,.000,0,0,0.00,0.00
2025,801317,Alex Makarewich,Glendale Desert Dogs,2025-10-21,Surprise Saguaros,False,False,825664,R,P,1.2,0,1,0,0,1,1.000,1,0,1.00,9.00
2025,801317,Alex Makarewich,Glendale Desert Dogs,2025-10-26,Salt River Rafters,True,True,825660,R,P,1.0,0,0,0,0,0,1.000,0,0,0.00,0.00
2025,801317,Alex Makarewich,Glendale Desert Dogs,2025-10-30,Scottsdale Scorpions,False,False,825612,R,P,2.0,0,1,0,0,1,1.000,0,0,1.00,4.50
2025,801317,Alex Makarewich,Glendale Desert Dogs,2025-11-05,Mesa Solar Sox,False,True,825594,R,P,1.2,0,0,0,0,0,1.000,0,0,0.00,0.00
2025,801317,Alex Makarewich,Glendale Desert Dogs,2025-11-12,Peoria Javelinas,False,False,825573,D,P,0.0,0,0,0,0,0,.000,0,0,0.00,-.--
2025,806293,Payton Martin,Glendale Desert Dogs,2025-10-08,Surprise Saguaros,False,False,825591,R,P,1.0,0,1,0,0,1,1.000,0,0,1.00,9.00
2025,806293,Payton Martin,Glendale Desert Dogs,2025-10-15,Peoria Javelinas,False,True,825648,R,P,2.0,1,1,0,0,2,1.000,1,0,2.00,9.00
2025,806293,Payton Martin,Glendale Desert Dogs,2025-10-21,Surprise Saguaros,False,False,825664,R,P,1.0,1,1,0,0,2,1.000,0,0,2.00,18.00
2025,681410,Connor McCullough,Glendale Desert Dogs,2025-10-08,Surprise Saguaros,False,False,825591,R,P,2.2,0,0,0,0,0,.000,0,0,0.00,0.00
2025,681410,Connor McCullough,Glendale Desert Dogs,2025-10-16,Scottsdale Scorpions,False,False,825621,R,P,3.0,0,0,0,0,0,.000,0,0,0.00,0.00
2025,681410,Connor McCullough,Glendale Desert Dogs,2025-10-22,Peoria Javelinas,False,False,825643,R,P,0.2,0,0,0,0,0,.000,0,0,0.00,0.00
2025,690229,LJ McDonough,Glendale Desert Dogs,2025-10-07,Salt River Rafters,False,False,825635,R,P,1.0,0,0,0,0,0,.000,0,0,0.00,0.00
2025,690229,LJ McDonough,Glendale Desert Dogs,2025-10-09,Scottsdale Scorpions,True,True,825666,R,P,1.0,0,0,0,0,0,.000,0,0,0.00,0.00
2025,690229,LJ McDonough,Glendale Desert Dogs,2025-10-16,Scottsdale Scorpions,False,False,825621,R,P,1.0,0,0,0,0,0,.000,0,0,0.00,0.00
2025,690229,LJ McDonough,Glendale Desert Dogs,2025-10-19,Salt River Rafters,True,False,825647,R,P,1.0,1,0,0,0,1,1.000,0,0,1.00,9.00
2025,690229,LJ McDonough,Glendale Desert Dogs,2025-10-22,Peoria Javelinas,False,False,825643,R,P,1.1,0,0,0,0,0,1.000,0,0,0.00,0.00
2025,690229,LJ McDonough,Glendale Desert Dogs,2025-10-25,Peoria Javelinas,True,False,825662,R,P,1.0,0,0,0,0,0,1.000,0,0,0.00,0.00
2025,690229,LJ McDonough,Glendale Desert Dogs,2025-10-28,Mesa Solar Sox,False,False,825599,R,P,1.1,0,1,0,0,1,1.000,0,0,1.00,9.00
2025,690229,LJ McDonough,Glendale Desert Dogs,2025-11-01,Mesa Solar Sox,False,False,825598,R,P,0.2,0,0,0,0,0,1.000,0,0,0.00,0.00
2025,690229,LJ McDonough,Glendale Desert Dogs,2025-11-04,Peoria Javelinas,True,True,825657,R,P,2.0,0,0,0,0,0,1.000,0,0,0.00,0.00
2025,690229,LJ McDonough,Glendale Desert Dogs,2025-11-11,Scottsdale Scorpions,False,True,825608,R,P,1.2,0,0,0,0,0,1.000,0,0,0.00,0.00
2025,695731,Braden Montgomery,Glendale Desert Dogs,2025-10-21,Surprise Saguaros,False,False,825581,R,RF,6.0,0,0,0,0,0,.000,0,0,0.00,0.00
2025,695731,Braden Montgomery,Glendale Desert Dogs,2025-10-22,Peoria Javelinas,False,False,825643,R,CF,8.0,1,0,0,0,1,1.000,0,0,1.00,1.13
2025,695731,Braden Montgomery,Glendale Desert Dogs,2025-10-25,Peoria Javelinas,True,False,825662,R,RF,9.0,1,0,0,0,1,1.000,0,0,1.00,1.00
2025,695731,Braden Montgomery,Glendale Desert Dogs,2025-10-26,Salt River Rafters,True,True,825660,R,CF,9.0,0,0,0,0,0,1.000,0,0,0.00,0.00
2025,695731,Braden Montgomery,Glendale Desert Dogs,2025-10-28,Mesa Solar Sox,False,False,825599,R,RF,8.0,3,0,0,0,3,1.000,0,0,3.00,3.38
2025,695731,Braden Montgomery,Glendale Desert Dogs,2025-10-30,Scottsdale Scorpions,False,False,825612,R,DH,0.0,0,0,0,0,0,1.000,0,0,0.00,-.--
2025,695731,Braden Montgomery,Glendale Desert Dogs,2025-11-01,Mesa Solar Sox,False,False,825598,R,DH,0.0,0,0,0,0,0,1.000,0,0,0.00,-.--
2025,695731,Braden Montgomery,Glendale Desert Dogs,2025-11-02,Surprise Saguaros,True,False,825658,R,CF,7.0,1,0,0,0,1,1.000,0,0,1.00,1.29
2025,695731,Braden Montgomery,Glendale Desert Dogs,2025-11-04,Peoria Javelinas,True,True,825657,R,CF,9.0,2,0,0,0,2,1.000,0,0,2.00,2.00
2025,695731,Braden Montgomery,Glendale Desert Dogs,2025-11-06,Peoria Javelinas,False,True,825641,R,DH,0.0,0,0,0,0,0,1.000,0,0,0.00,-.--
2025,695731,Braden Montgomery,Glendale Desert Dogs,2025-11-07,Scottsdale Scorpions,True,True,825655,R,CF,9.0,1,0,0,0,1,1.000,0,0,1.00,1.00
2025,695731,Braden Montgomery,Glendale Desert Dogs,2025-11-11,Scottsdale Scorpions,False,True,825608,R,CF,7.0,1,0,0,0,1,1.000,0,0,1.00,1.29
2025,695731,Braden Montgomery,Glendale Desert Dogs,2025-11-12,Peoria Javelinas,False,False,825573,D,RF,8.0,1,0,0,0,1,1.000,0,0,1.00,1.13
2025,703639,Nico Perez,Glendale Desert Dogs,2025-10-08,Surprise Saguaros,False,False,825591,R,2B,9.2,0,0,1,1,1,.000,0,0,0.00,0.00
2025,815322,Kai Peterson,Glendale Desert Dogs,2025-10-07,Salt River Rafters,False,False,825635,R,P,1.0,0,0,0,0,0,.000,0,0,0.00,0.00
2025,815322,Kai Peterson,Glendale Desert Dogs,2025-10-14,Salt River Rafters,False,False,825636,R,P,1.0,0,0,0,0,0,.000,0,0,0.00,0.00
2025,815322,Kai Peterson,Glendale Desert Dogs,2025-10-18,Mesa Solar Sox,True,False,825663,R,P,0.2,0,0,0,0,0,.000,0,0,0.00,0.00
2025,815322,Kai Peterson,Glendale Desert Dogs,2025-10-21,Surprise Saguaros,False,False,825664,R,P,1.0,0,0,0,0,0,.000,0,0,0.00,0.00
2025,815322,Kai Peterson,Glendale Desert Dogs,2025-10-25,Peoria Javelinas,True,False,825662,R,P,1.0,0,1,0,0,1,1.000,0,0,1.00,9.00
2025,815322,Kai Peterson,Glendale Desert Dogs,2025-10-28,Mesa Solar Sox,False,False,825599,R,P,0.2,0,0,0,0,0,1.000,0,0,0.00,0.00
2025,815322,Kai Peterson,Glendale Desert Dogs,2025-10-31,Peoria Javelinas,True,True,825659,R,P,1.0,0,0,0,0,0,1.000,0,0,0.00,0.00
2025,815322,Kai Peterson,Glendale Desert Dogs,2025-11-05,Mesa Solar Sox,False,True,825594,R,P,1.0,0,0,0,0,0,1.000,0,0,0.00,0.00
2025,815322,Kai Peterson,Glendale Desert Dogs,2025-11-12,Peoria Javelinas,False,False,825573,D,P,0.1,0,0,0,0,0,.000,0,0,0.00,0.00
2025,700292,Yondrei Rojas,Glendale Desert Dogs,2025-10-07,Salt River Rafters,False,False,825635,R,P,1.0,1,0,0,0,1,1.000,0,0,1.00,9.00
2025,700292,Yondrei Rojas,Glendale Desert Dogs,2025-10-17,Surprise Saguaros,False,True,825587,R,P,0.1,0,0,0,0,0,1.000,0,0,0.00,0.00
2025,700292,Yondrei Rojas,Glendale Desert Dogs,2025-10-19,Salt River Rafters,True,False,825647,R,P,1.0,0,0,0,0,0,1.000,0,0,0.00,0.00
2025,700292,Yondrei Rojas,Glendale Desert Dogs,2025-10-23,Salt River Rafters,False,False,825630,R,P,0.0,0,0,0,0,0,1.000,0,0,0.00,-.--
2025,695316,Jarold Rosado,Glendale Desert Dogs,2025-10-08,Surprise Saguaros,False,False,825591,R,P,0.1,0,0,1,1,1,.000,0,0,0.00,0.00
2025,695316,Jarold Rosado,Glendale Desert Dogs,2025-10-15,Peoria Javelinas,False,True,825648,R,P,1.0,1,0,0,0,1,.500,0,0,1.00,9.00
2025,695316,Jarold Rosado,Glendale Desert Dogs,2025-10-18,Mesa Solar Sox,True,False,825663,R,P,0.2,0,0,0,0,0,.500,0,0,0.00,0.00
2025,695316,Jarold Rosado,Glendale Desert Dogs,2025-10-21,Surprise Saguaros,False,False,825581,R,P,0.2,0,0,0,0,0,.500,0,0,0.00,0.00
2025,695316,Jarold Rosado,Glendale Desert Dogs,2025-10-23,Salt River Rafters,False,False,825630,R,P,1.1,0,0,0,0,0,.500,0,0,0.00,0.00
2025,695316,Jarold Rosado,Glendale Desert Dogs,2025-10-29,Mesa Solar Sox,True,True,825656,R,P,1.0,0,0,0,0,0,.500,0,0,0.00,0.00
2025,695316,Jarold Rosado,Glendale Desert Dogs,2025-11-01,Mesa Solar Sox,False,False,825598,R,P,0.1,0,0,0,0,0,.500,0,0,0.00,0.00
2025,695316,Jarold Rosado,Glendale Desert Dogs,2025-11-04,Peoria Javelinas,True,True,825657,R,P,1.0,0,0,0,0,0,.500,0,0,0.00,0.00
2025,695316,Jarold Rosado,Glendale Desert Dogs,2025-11-10,Mesa Solar Sox,True,False,825653,R,P,0.1,0,0,0,0,0,.500,0,0,0.00,0.00
2025,692404,Darlin Saladin,Glendale Desert Dogs,2025-10-09,Scottsdale Scorpions,True,True,825666,R,P,2.0,0,0,0,0,0,.000,0,0,0.00,0.00
2025,692404,Darlin Saladin,Glendale Desert Dogs,2025-10-17,Surprise Saguaros,False,True,825587,R,P,2.0,0,1,0,0,1,1.000,0,0,1.00,4.50
2025,692404,Darlin Saladin,Glendale Desert Dogs,2025-10-23,Salt River Rafters,False,False,825630,R,P,3.0,0,0,0,0,0,1.000,0,0,0.00,0.00
2025,692404,Darlin Saladin,Glendale Desert Dogs,2025-10-31,Peoria Javelinas,True,True,825659,R,P,3.0,0,0,2,1,2,.333,0,0,0.00,0.00
2025,692404,Darlin Saladin,Glendale Desert Dogs,2025-11-06,Peoria Javelinas,False,True,825641,R,P,1.0,0,0,0,0,0,.333,0,0,0.00,0.00
2025,694989,Kelena Sauer,Glendale Desert Dogs,2025-10-25,Peoria Javelinas,True,False,825662,R,P,1.0,1,0,0,0,1,1.000,0,0,1.00,9.00
2025,694989,Kelena Sauer,Glendale Desert Dogs,2025-10-29,Mesa Solar Sox,True,True,825656,R,P,1.0,0,0,0,0,0,1.000,0,0,0.00,0.00
2025,694989,Kelena Sauer,Glendale Desert Dogs,2025-11-02,Surprise Saguaros,True,False,825658,R,P,1.0,0,0,0,0,0,1.000,0,0,0.00,0.00
2025,694989,Kelena Sauer,Glendale Desert Dogs,2025-11-06,Peoria Javelinas,False,True,825641,R,P,1.0,0,0,0,0,0,1.000,0,0,0.00,0.00
2025,694989,Kelena Sauer,Glendale Desert Dogs,2025-11-12,Peoria Javelinas,False,False,825573,D,P,2.0,0,0,0,0,0,.000,0,0,0.00,0.00
2025,820827,Luke Sinnard,Glendale Desert Dogs,2025-10-14,Salt River Rafters,False,False,825636,R,P,2.0,0,0,0,0,0,.000,0,0,0.00,0.00
2025,820827,Luke Sinnard,Glendale Desert Dogs,2025-10-18,Mesa Solar Sox,True,False,825663,R,P,3.0,0,1,0,0,1,1.000,1,0,1.00,3.00
2025,820827,Luke Sinnard,Glendale Desert Dogs,2025-10-25,Peoria Javelinas,True,False,825662,R,P,3.0,0,0,0,0,0,1.000,0,0,0.00,0.00
2025,820827,Luke Sinnard,Glendale Desert Dogs,2025-11-01,Mesa Solar Sox,False,False,825598,R,P,3.2,0,0,0,0,0,1.000,0,0,0.00,0.00
2025,820827,Luke Sinnard,Glendale Desert Dogs,2025-11-07,Scottsdale Scorpions,True,True,825655,R,P,4.0,0,2,0,0,2,1.000,0,0,2.00,4.50
2025,696146,Hagen Smith,Glendale Desert Dogs,2025-10-08,Surprise Saguaros,False,False,825591,R,P,3.0,0,0,0,0,0,.000,0,0,0.00,0.00
2025,696146,Hagen Smith,Glendale Desert Dogs,2025-10-16,Scottsdale Scorpions,False,False,825621,R,P,3.0,0,0,0,0,0,.000,0,0,0.00,0.00
2025,696146,Hagen Smith,Glendale Desert Dogs,2025-10-22,Peoria Javelinas,False,False,825643,R,P,3.0,0,0,0,0,0,.000,0,0,0.00,0.00
2025,696146,Hagen Smith,Glendale Desert Dogs,2025-10-29,Mesa Solar Sox,True,True,825656,R,P,3.0,1,0,0,0,1,1.000,0,0,1.00,3.00
2025,696146,Hagen Smith,Glendale Desert Dogs,2025-11-04,Peoria Javelinas,True,True,825657,R,P,2.0,0,0,0,0,0,1.000,0,0,0.00,0.00
2025,815104,Graysen Tarlow,Glendale Desert Dogs,2025-10-07,Salt River Rafters,False,False,825635,R,C,8.0,5,2,0,0,7,1.000,1,0,7.00,7.88
2025,815104,Graysen Tarlow,Glendale Desert Dogs,2025-10-09,Scottsdale Scorpions,True,True,825666,R,C,9.0,13,1,0,0,14,1.000,0,0,14.00,14.00
2025,815104,Graysen Tarlow,Glendale Desert Dogs,2025-10-16,Scottsdale Scorpions,False,False,825621,R,C,8.0,12,0,0,0,12,1.000,0,0,12.00,13.50
2025,815104,Graysen Tarlow,Glendale Desert Dogs,2025-10-18,Mesa Solar Sox,True,False,825663,R,C,7.0,11,0,0,0,11,1.000,0,0,11.00,14.14
2025,815104,Graysen Tarlow,Glendale Desert Dogs,2025-10-21,Surprise Saguaros,False,False,825664,R,C,6.0,8,0,0,0,8,1.000,1,0,8.00,12.00
2025,815104,Graysen Tarlow,Glendale Desert Dogs,2025-10-25,Peoria Javelinas,True,False,825662,R,C,9.0,10,1,0,0,11,1.000,0,0,11.00,11.00
2025,815104,Graysen Tarlow,Glendale Desert Dogs,2025-10-29,Mesa Solar Sox,True,True,825656,R,C,7.0,4,0,0,0,4,1.000,0,0,4.00,5.14
2025,815104,Graysen Tarlow,Glendale Desert Dogs,2025-10-31,Peoria Javelinas,True,True,825659,R,C,7.0,10,1,0,0,11,1.000,0,0,11.00,14.14
2025,815104,Graysen Tarlow,Glendale Desert Dogs,2025-11-04,Peoria Javelinas,True,True,825657,R,C,9.0,15,0,0,0,15,1.000,0,0,15.00,15.00
2025,815104,Graysen Tarlow,Glendale Desert Dogs,2025-11-07,Scottsdale Scorpions,True,True,825655,R,C,9.0,8,1,0,0,9,1.000,0,0,9.00,9.00
2025,815104,Graysen Tarlow,Glendale Desert Dogs,2025-11-12,Peoria Javelinas,False,False,825573,D,C,8.0,10,0,0,0,10,1.000,0,0,10.00,11.25
2025,692568,Miguel Ugueto,Glendale Desert Dogs,2025-10-09,Scottsdale Scorpions,True,True,825666,R,LF,9.0,2,0,0,0,2,1.000,0,0,2.00,2.00
2025,692568,Miguel Ugueto,Glendale Desert Dogs,2025-10-14,Salt River Rafters,False,False,825636,R,RF,8.0,0,1,0,0,1,1.000,0,0,1.00,1.13
2025,692568,Miguel Ugueto,Glendale Desert Dogs,2025-10-15,Peoria Javelinas,False,True,825648,R,LF,9.0,1,0,0,0,1,1.000,0,0,1.00,1.00
2025,692568,Miguel Ugueto,Glendale Desert Dogs,2025-10-16,Scottsdale Scorpions,False,False,825621,R,LF,4.0,0,0,0,0,0,1.000,0,0,0.00,0.00
2025,692568,Miguel Ugueto,Glendale Desert Dogs,2025-10-17,Surprise Saguaros,False,True,825587,R,RF,9.0,1,0,0,0,1,1.000,0,0,1.00,1.00
2025,692568,Miguel Ugueto,Glendale Desert Dogs,2025-10-18,Mesa Solar Sox,True,False,825663,R,CF,7.0,2,0,0,0,2,1.000,0,0,2.00,2.57
2025,692568,Miguel Ugueto,Glendale Desert Dogs,2025-10-19,Salt River Rafters,True,False,825647,R,RF,9.0,1,0,1,1,2,.889,0,0,1.00,1.00
2025,692568,Miguel Ugueto,Glendale Desert Dogs,2025-10-21,Surprise Saguaros,False,False,825581,R,LF,6.0,3,1,0,0,4,.923,0,0,4.00,6.00
2025,692568,Miguel Ugueto,Glendale Desert Dogs,2025-10-21,Surprise Saguaros,False,False,825664,R,CF,6.0,1,0,0,0,1,.929,0,0,1.00,1.50
2025,692568,Miguel Ugueto,Glendale Desert Dogs,2025-10-23,Salt River Rafters,False,False,825630,R,RF,8.0,3,0,0,0,3,.941,0,0,3.00,3.38
2025,692568,Miguel Ugueto,Glendale Desert Dogs,2025-10-26,Salt River Rafters,True,True,825660,R,RF,9.0,3,0,0,0,3,.950,0,0,3.00,3.00
2025,692568,Miguel Ugueto,Glendale Desert Dogs,2025-10-29,Mesa Solar Sox,True,True,825656,R,RF,7.0,3,0,0,0,3,.957,0,0,3.00,3.86
2025,692568,Miguel Ugueto,Glendale Desert Dogs,2025-10-31,Peoria Javelinas,True,True,825659,R,RF,7.0,1,0,0,0,1,.958,0,0,1.00,1.29
2025,692568,Miguel Ugueto,Glendale Desert Dogs,2025-11-02,Surprise Saguaros,True,False,825658,R,RF,7.0,0,0,1,1,1,.920,0,0,0.00,0.00
2025,692568,Miguel Ugueto,Glendale Desert Dogs,2025-11-05,Mesa Solar Sox,False,True,825594,R,RF,9.0,5,0,0,0,5,.933,0,0,5.00,5.00
2025,692568,Miguel Ugueto,Glendale Desert Dogs,2025-11-07,Scottsdale Scorpions,True,True,825655,R,RF,9.0,1,0,0,0,1,.935,0,0,1.00,1.00
2025,692568,Miguel Ugueto,Glendale Desert Dogs,2025-11-11,Scottsdale Scorpions,False,True,825608,R,RF,7.0,3,0,0,0,3,.941,0,0,3.00,3.86
2025,692568,Miguel Ugueto,Glendale Desert Dogs,2025-11-12,Peoria Javelinas,False,False,825573,D,CF,8.0,2,0,0,0,2,1.000,0,0,2.00,2.25
2025,702488,Logan Wagner,Glendale Desert Dogs,2025-10-09,Scottsdale Scorpions,True,True,825666,R,1B,9.0,8,0,0,0,8,1.000,1,0,8.00,8.00
2025,702488,Logan Wagner,Glendale Desert Dogs,2025-10-15,Peoria Javelinas,False,True,825648,R,1B,9.0,6,2,0,0,8,1.000,0,0,8.00,8.00
2025,702488,Logan Wagner,Glendale Desert Dogs,2025-10-16,Scottsdale Scorpions,False,False,825621,R,1B,8.0,9,0,1,1,10,.962,0,0,9.00,10.13
2025,702488,Logan Wagner,Glendale Desert Dogs,2025-10-17,Surprise Saguaros,False,True,825587,R,DH,0.0,0,0,0,0,0,.962,0,0,0.00,-.--
2025,702488,Logan Wagner,Glendale Desert Dogs,2025-10-19,Salt River Rafters,True,False,825647,R,1B,9.0,6,2,0,0,8,.971,1,0,8.00,8.00
2025,702488,Logan Wagner,Glendale Desert Dogs,2025-10-21,Surprise Saguaros,False,False,825664,R,2B,6.0,1,1,0,0,2,.972,1,0,2.00,3.00
2025,702488,Logan Wagner,Glendale Desert Dogs,2025-10-22,Peoria Javelinas,False,False,825643,R,1B,8.0,6,0,0,0,6,.976,0,0,6.00,6.75
2025,702488,Logan Wagner,Glendale Desert Dogs,2025-10-23,Salt River Rafters,False,False,825630,R,DH,0.0,0,0,0,0,0,.976,0,0,0.00,-.--
2025,702488,Logan Wagner,Glendale Desert Dogs,2025-10-26,Salt River Rafters,True,True,825660,R,1B,9.0,8,0,0,0,8,.980,2,0,8.00,8.00
2025,702488,Logan Wagner,Glendale Desert Dogs,2025-10-29,Mesa Solar Sox,True,True,825656,R,2B,7.0,1,2,0,0,3,.981,0,0,3.00,3.86
2025,702488,Logan Wagner,Glendale Desert Dogs,2025-10-30,Scottsdale Scorpions,False,False,825612,R,1B,8.0,6,0,0,0,6,.983,1,0,6.00,6.75
2025,702488,Logan Wagner,Glendale Desert Dogs,2025-11-01,Mesa Solar Sox,False,False,825598,R,1B,8.2,6,0,0,0,6,.985,0,0,6.00,6.75
2025,702488,Logan Wagner,Glendale Desert Dogs,2025-11-05,Mesa Solar Sox,False,True,825594,R,1B,9.0,8,0,0,0,8,.986,1,0,8.00,8.00
2025,702488,Logan Wagner,Glendale Desert Dogs,2025-11-06,Peoria Javelinas,False,True,825641,R,1B,7.0,6,0,0,0,6,.987,0,0,6.00,7.71
2025,702488,Logan Wagner,Glendale Desert Dogs,2025-11-10,Mesa Solar Sox,True,False,825653,R,2B,7.0,1,2,0,0,3,.988,1,0,3.00,3.86
2025,702488,Logan Wagner,Glendale Desert Dogs,2025-11-11,Scottsdale Scorpions,False,True,825608,R,1B,7.0,3,0,0,0,3,.988,1,0,3.00,3.86
2025,696505,Cory Wall,Glendale Desert Dogs,2025-10-09,Scottsdale Scorpions,True,True,825666,R,P,1.0,0,0,0,0,0,.000,0,0,0.00,0.00
2025,696505,Cory Wall,Glendale Desert Dogs,2025-10-18,Mesa Solar Sox,True,False,825663,R,P,0.1,0,0,0,0,0,.000,0,0,0.00,0.00
2025,696505,Cory Wall,Glendale Desert Dogs,2025-10-21,Surprise Saguaros,False,False,825581,R,P,1.1,0,0,0,0,0,.000,0,0,0.00,0.00
2025,696505,Cory Wall,Glendale Desert Dogs,2025-10-25,Peoria Javelinas,True,False,825662,R,P,0.1,0,0,0,0,0,.000,0,0,0.00,0.00
2025,809915,Jakob Wright,Glendale Desert Dogs,2025-10-14,Salt River Rafters,False,False,825636,R,P,0.2,0,0,0,0,0,.000,0,0,0.00,0.00
2025,809915,Jakob Wright,Glendale Desert Dogs,2025-10-19,Salt River Rafters,True,False,825647,R,P,1.2,0,0,0,0,0,.000,0,0,0.00,0.00
2025,809915,Jakob Wright,Glendale Desert Dogs,2025-10-26,Salt River Rafters,True,True,825660,R,P,1.2,0,0,0,0,0,.000,0,0,0.00,0.00
2025,809915,Jakob Wright,Glendale Desert Dogs,2025-11-02,Surprise Saguaros,True,False,825658,R,P,1.1,0,0,0,0,0,.000,0,0,0.00,0.00
2025,809915,Jakob Wright,Glendale Desert Dogs,2025-11-10,Mesa Solar Sox,True,False,825653,R,P,2.0,0,0,0,0,0,.000,0,0,0.00,0.00
2025,807410,Chay Yeager,Glendale Desert Dogs,2025-10-07,Salt River Rafters,False,False,825635,R,P,1.0,0,0,0,0,0,.000,0,0,0.00,0.00
2025,807410,Chay Yeager,Glendale Desert Dogs,2025-10-15,Peoria Javelinas,False,True,825648,R,P,0.1,0,0,0,0,0,.000,0,0,0.00,0.00
2025,807410,Chay Yeager,Glendale Desert Dogs,2025-10-19,Salt River Rafters,True,False,825647,R,P,1.0,1,0,0,0,1,1.000,0,0,1.00,9.00
2025,807410,Chay Yeager,Glendale Desert Dogs,2025-10-23,Salt River Rafters,False,False,825630,R,P,1.0,0,0,0,0,0,1.000,0,0,0.00,0.00
2025,807410,Chay Yeager,Glendale Desert Dogs,2025-10-28,Mesa Solar Sox,False,False,825599,R,P,1.0,0,0,0,0,0,1.000,0,0,0.00,0.00
2025,807410,Chay Yeager,Glendale Desert Dogs,2025-11-01,Mesa Solar Sox,False,False,825598,R,P,1.0,0,1,0,0,1,1.000,0,0,1.00,9.00
2025,807410,Chay Yeager,Glendale Desert Dogs,2025-11-06,Peoria Javelinas,False,True,825641,R,P,1.0,0,0,0,0,0,1.000,0,0,0.00,0.00
2025,807410,Chay Yeager,Glendale Desert Dogs,2025-11-10,Mesa Solar Sox,True,False,825653,R,P,1.2,0,0,0,0,0,1.000,0,0,0.00,0.00
2025,815304,Josh Adamczewski,Surprise Saguaros,2025-10-07,Mesa Solar Sox,False,True,825607,R,LF,5.0,0,0,0,0,0,.000,0,0,0.00,0.00
2025,815304,Josh Adamczewski,Surprise Saguaros,2025-10-08,Glendale Desert Dogs,True,True,825591,R,LF,10.0,2,1,0,0,3,1.000,0,0,3.00,2.70
2025,815304,Josh Adamczewski,Surprise Saguaros,2025-10-09,Peoria Javelinas,False,True,825652,R,LF,9.0,0,0,0,0,0,1.000,0,0,0.00,0.00
2025,815304,Josh Adamczewski,Surprise Saguaros,2025-10-14,Mesa Solar Sox,False,False,825604,R,LF,8.0,3,0,0,0,3,1.000,0,0,3.00,3.38
2025,815304,Josh Adamczewski,Surprise Saguaros,2025-10-15,Mesa Solar Sox,True,True,825589,R,LF,9.0,2,1,0,0,3,1.000,0,0,3.00,3.00
2025,815304,Josh Adamczewski,Surprise Saguaros,2025-10-17,Glendale Desert Dogs,True,False,825587,R,LF,9.0,4,0,0,0,4,1.000,0,0,4.00,4.00
2025,815304,Josh Adamczewski,Surprise Saguaros,2025-10-18,Scottsdale Scorpions,False,False,825614,R,LF,6.0,1,0,0,0,1,1.000,0,0,1.00,1.50
2025,815304,Josh Adamczewski,Surprise Saguaros,2025-10-19,Scottsdale Scorpions,False,False,825615,R,LF,7.0,1,0,0,0,1,1.000,0,0,1.00,1.29
2025,815304,Josh Adamczewski,Surprise Saguaros,2025-10-21,Glendale Desert Dogs,True,True,825581,R,LF,7.0,1,0,0,0,1,1.000,0,0,1.00,1.29
2025,815304,Josh Adamczewski,Surprise Saguaros,2025-10-22,Scottsdale Scorpions,True,True,825586,R,LF,9.0,0,0,0,0,0,1.000,0,0,0.00,0.00
2025,815304,Josh Adamczewski,Surprise Saguaros,2025-10-25,Mesa Solar Sox,True,False,825585,R,LF,10.0,2,0,0,0,2,1.000,0,0,2.00,1.80
2025,815304,Josh Adamczewski,Surprise Saguaros,2025-10-26,Peoria Javelinas,True,True,825584,R,LF,9.0,0,0,0,0,0,1.000,0,0,0.00,0.00
2025,815304,Josh Adamczewski,Surprise Saguaros,2025-10-28,Scottsdale Scorpions,False,False,825613,R,2B,8.0,3,2,0,0,5,1.000,0,0,5.00,5.63
2025,815304,Josh Adamczewski,Surprise Saguaros,2025-10-29,Scottsdale Scorpions,True,True,825583,R,LF,7.0,1,0,0,0,1,1.000,0,0,1.00,1.29
2025,815304,Josh Adamczewski,Surprise Saguaros,2025-10-31,Mesa Solar Sox,True,False,825582,R,LF,7.0,0,0,0,0,0,1.000,0,0,0.00,0.00
2025,815304,Josh Adamczewski,Surprise Saguaros,2025-11-01,Peoria Javelinas,True,True,825578,R,LF,9.0,0,0,0,0,0,1.000,0,0,0.00,0.00
2025,815304,Josh Adamczewski,Surprise Saguaros,2025-11-02,Glendale Desert Dogs,False,True,825658,R,LF,7.0,0,0,0,0,0,1.000,0,0,0.00,0.00
2025,815304,Josh Adamczewski,Surprise Saguaros,2025-11-05,Scottsdale Scorpions,True,False,825577,R,LF,9.0,1,0,0,0,1,1.000,0,0,1.00,1.00
2025,815304,Josh Adamczewski,Surprise Saguaros,2025-11-07,Salt River Rafters,True,True,825576,R,2B,9.0,2,1,0,0,3,1.000,1,0,3.00,3.00
2025,815304,Josh Adamczewski,Surprise Saguaros,2025-11-10,Peoria Javelinas,True,False,825575,R,LF,7.0,0,0,0,0,0,1.000,0,0,0.00,0.00
2025,815304,Josh Adamczewski,Surprise Saguaros,2025-11-13,Mesa Solar Sox,True,True,825580,L,LF,9.0,3,0,0,0,3,1.000,0,0,3.00,3.00
2025,815304,Josh Adamczewski,Surprise Saguaros,2025-11-14,Peoria Javelinas,True,True,825572,W,LF,9.0,2,0,0,0,2,1.000,0,0,2.00,2.00
2025,702726,Luke Adams,Surprise Saguaros,2025-10-07,Mesa Solar Sox,False,True,825607,R,1B,9.0,6,0,0,0,6,1.000,1,0,6.00,6.00
2025,702726,Luke Adams,Surprise Saguaros,2025-10-08,Glendale Desert Dogs,True,True,825591,R,3B,10.0,1,3,0,0,4,1.000,0,0,4.00,3.60
2025,702726,Luke Adams,Surprise Saguaros,2025-10-09,Peoria Javelinas,False,True,825652,R,1B,9.0,6,0,1,0,7,.941,1,0,6.00,6.00
2025,702726,Luke Adams,Surprise Saguaros,2025-10-14,Mesa Solar Sox,False,False,825604,R,1B,8.0,4,0,0,0,4,.952,0,0,4.00,4.50
2025,702726,Luke Adams,Surprise Saguaros,2025-10-15,Mesa Solar Sox,True,True,825589,R,1B,9.0,7,2,0,0,9,.967,0,0,9.00,9.00
2025,702726,Luke Adams,Surprise Saguaros,2025-10-17,Glendale Desert Dogs,True,False,825587,R,1B,9.0,7,0,0,0,7,.973,1,0,7.00,7.00
2025,702726,Luke Adams,Surprise Saguaros,2025-10-18,Scottsdale Scorpions,False,False,825614,R,1B,6.0,2,0,0,0,2,.974,0,0,2.00,3.00
2025,702726,Luke Adams,Surprise Saguaros,2025-10-19,Scottsdale Scorpions,False,False,825615,R,1B,7.0,8,0,0,0,8,.979,2,0,8.00,10.29
2025,702726,Luke Adams,Surprise Saguaros,2025-10-21,Glendale Desert Dogs,True,True,825581,R,1B,7.0,8,1,0,0,9,.982,1,0,9.00,11.57
2025,702726,Luke Adams,Surprise Saguaros,2025-10-21,Glendale Desert Dogs,True,True,825664,R,DH,0.0,0,0,0,0,0,.982,0,0,0.00,-.--
2025,702726,Luke Adams,Surprise Saguaros,2025-10-22,Scottsdale Scorpions,True,True,825586,R,1B,9.0,9,0,0,0,9,.985,0,0,9.00,9.00
2025,702726,Luke Adams,Surprise Saguaros,2025-10-23,Mesa Solar Sox,False,True,825600,R,1B,3.0,4,0,0,0,4,.986,0,0,4.00,12.00
2025,702726,Luke Adams,Surprise Saguaros,2025-10-25,Mesa Solar Sox,True,False,825585,R,1B,10.0,10,1,0,0,11,.988,0,0,11.00,9.90
2025,702726,Luke Adams,Surprise Saguaros,2025-11-04,Salt River Rafters,True,True,825579,R,1B,9.0,5,0,0,0,5,.988,1,0,5.00,5.00
2025,702726,Luke Adams,Surprise Saguaros,2025-11-05,Scottsdale Scorpions,True,False,825577,R,1B,9.0,7,1,0,0,8,.989,1,0,8.00,8.00
2025,702726,Luke Adams,Surprise Saguaros,2025-11-06,Salt River Rafters,False,True,825624,R,1B,7.0,4,0,0,0,4,.990,0,0,4.00,5.14
2025,702726,Luke Adams,Surprise Saguaros,2025-11-13,Mesa Solar Sox,True,True,825580,L,1B,9.0,9,0,0,0,9,1.000,0,0,9.00,9.00
2025,702726,Luke Adams,Surprise Saguaros,2025-11-14,Peoria Javelinas,True,True,825572,W,1B,9.0,4,3,0,0,7,1.000,0,0,7.00,7.00
2025,686404,Wuilfredo Antunez,Surprise Saguaros,2025-10-07,Mesa Solar Sox,False,True,825607,R,RF,9.0,4,0,0,0,4,1.000,0,0,4.00,4.00
2025,686404,Wuilfredo Antunez,Surprise Saguaros,2025-10-09,Peoria Javelinas,False,True,825652,R,RF,2.0,2,0,0,0,2,1.000,0,0,2.00,9.00
2025,691405,Juan Benjamin,Surprise Saguaros,2025-10-07,Mesa Solar Sox,False,True,825607,R,2B,9.0,2,1,0,0,3,1.000,0,0,3.00,3.00
2025,691405,Juan Benjamin,Surprise Saguaros,2025-10-09,Peoria Javelinas,False,True,825652,R,3B,9.0,1,2,0,0,3,1.000,0,0,3.00,3.00
2025,691405,Juan Benjamin,Surprise Saguaros,2025-10-14,Mesa Solar Sox,False,False,825604,R,2B,8.0,2,2,0,0,4,1.000,0,0,4.00,4.50
2025,691405,Juan Benjamin,Surprise Saguaros,2025-10-17,Glendale Desert Dogs,True,False,825587,R,3B,9.0,0,1,0,0,1,1.000,0,0,1.00,1.00
2025,691405,Juan Benjamin,Surprise Saguaros,2025-10-18,Scottsdale Scorpions,False,False,825614,R,3B,6.0,0,2,0,0,2,1.000,0,0,2.00,3.00
2025,691405,Juan Benjamin,Surprise Saguaros,2025-10-21,Glendale Desert Dogs,True,True,825581,R,2B,7.0,3,3,0,0,6,1.000,1,0,6.00,7.71
2025,691405,Juan Benjamin,Surprise Saguaros,2025-10-22,Scottsdale Scorpions,True,True,825586,R,3B,9.0,1,2,0,0,3,1.000,0,0,3.00,3.00
2025,691405,Juan Benjamin,Surprise Saguaros,2025-10-23,Mesa Solar Sox,False,True,825600,R,1B,6.0,5,2,0,0,7,1.000,2,0,7.00,10.50
2025,691405,Juan Benjamin,Surprise Saguaros,2025-10-25,Mesa Solar Sox,True,False,825585,R,2B,2.0,1,0,0,0,1,1.000,0,0,1.00,4.50
2025,691405,Juan Benjamin,Surprise Saguaros,2025-10-26,Peoria Javelinas,True,True,825584,R,1B,9.0,7,0,0,0,7,1.000,0,0,7.00,7.00
2025,691405,Juan Benjamin,Surprise Saguaros,2025-10-30,Peoria Javelinas,False,False,825642,R,1B,9.0,9,2,0,0,11,1.000,0,0,11.00,11.00
2025,691405,Juan Benjamin,Surprise Saguaros,2025-11-01,Peoria Javelinas,True,True,825578,R,1B,9.0,2,1,0,0,3,1.000,1,0,3.00,3.00
2025,691405,Juan Benjamin,Surprise Saguaros,2025-11-04,Salt River Rafters,True,True,825579,R,2B,9.0,2,3,0,0,5,1.000,0,0,5.00,5.00
2025,691405,Juan Benjamin,Surprise Saguaros,2025-11-06,Salt River Rafters,False,True,825624,R,2B,7.0,2,0,0,0,2,1.000,0,0,2.00,2.57
2025,691405,Juan Benjamin,Surprise Saguaros,2025-11-07,Salt River Rafters,True,True,825576,R,1B,9.0,8,0,1,0,9,.985,1,0,8.00,8.00
2025,691405,Juan Benjamin,Surprise Saguaros,2025-11-10,Peoria Javelinas,True,False,825575,R,1B,7.0,5,1,0,0,6,.986,1,0,6.00,7.71
2025,691405,Juan Benjamin,Surprise Saguaros,2025-11-14,Peoria Javelinas,True,True,825572,W,3B,9.0,1,1,0,0,2,1.000,0,0,2.00,2.00
2025,695871,Jesús Broca,Surprise Saguaros,2025-10-15,Mesa Solar Sox,True,True,825589,R,P,1.2,0,1,0,0,1,1.000,0,0,1.00,9.00
2025,695871,Jesús Broca,Surprise Saguaros,2025-10-22,Scottsdale Scorpions,True,True,825586,R,P,3.0,0,1,0,0,1,1.000,0,0,1.00,3.00
2025,695871,Jesús Broca,Surprise Saguaros,2025-10-29,Scottsdale Scorpions,True,True,825583,R,P,2.1,0,0,1,1,1,.667,0,0,0.00,0.00
2025,695871,Jesús Broca,Surprise Saguaros,2025-11-05,Scottsdale Scorpions,True,False,825577,R,P,2.0,0,0,0,0,0,.667,0,0,0.00,0.00
2025,695871,Jesús Broca,Surprise Saguaros,2025-11-14,Peoria Javelinas,True,True,825572,W,P,2.0,0,1,0,0,1,1.000,0,0,1.00,4.50
2025,694749,Dylan Campbell,Surprise Saguaros,2025-10-08,Glendale Desert Dogs,True,True,825591,R,2B,10.0,3,3,0,0,6,1.000,0,0,6.00,5.40
2025,694749,Dylan Campbell,Surprise Saguaros,2025-10-09,Peoria Javelinas,False,True,825652,R,CF,9.0,1,1,0,0,2,1.000,1,0,2.00,2.00
2025,694749,Dylan Campbell,Surprise Saguaros,2025-10-14,Mesa Solar Sox,False,False,825604,R,3B,8.0,0,1,0,0,1,1.000,0,0,1.00,1.13
2025,694749,Dylan Campbell,Surprise Saguaros,2025-10-15,Mesa Solar Sox,True,True,825589,R,RF,9.0,3,0,0,0,3,1.000,0,0,3.00,3.00
2025,694749,Dylan Campbell,Surprise Saguaros,2025-10-16,Salt River Rafters,False,True,825633,R,2B,9.0,4,2,0,0,6,1.000,1,0,6.00,6.00
2025,694749,Dylan Campbell,Surprise Saguaros,2025-10-18,Scottsdale Scorpions,False,False,825614,R,RF,6.0,0,0,0,0,0,1.000,0,0,0.00,0.00
2025,694749,Dylan Campbell,Surprise Saguaros,2025-10-19,Scottsdale Scorpions,False,False,825615,R,CF,7.0,0,0,0,0,0,1.000,0,0,0.00,0.00
2025,694749,Dylan Campbell,Surprise Saguaros,2025-10-21,Glendale Desert Dogs,True,True,825581,R,3B,7.0,0,2,0,0,2,1.000,0,0,2.00,2.57
2025,694749,Dylan Campbell,Surprise Saguaros,2025-10-21,Glendale Desert Dogs,True,True,825664,R,RF,7.0,0,0,0,0,0,1.000,0,0,0.00,0.00
2025,694749,Dylan Campbell,Surprise Saguaros,2025-10-22,Scottsdale Scorpions,True,True,825586,R,RF,9.0,1,0,0,0,1,1.000,0,0,1.00,1.00
2025,694749,Dylan Campbell,Surprise Saguaros,2025-10-25,Mesa Solar Sox,True,False,825585,R,3B,10.0,0,3,0,0,3,1.000,0,0,3.00,2.70
2025,694749,Dylan Campbell,Surprise Saguaros,2025-10-28,Scottsdale Scorpions,False,False,825613,R,1B,8.0,7,0,0,0,7,1.000,0,0,7.00,7.88
2025,694749,Dylan Campbell,Surprise Saguaros,2025-10-29,Scottsdale Scorpions,True,True,825583,R,1B,7.0,1,2,0,0,3,1.000,0,0,3.00,3.86
2025,694749,Dylan Campbell,Surprise Saguaros,2025-10-31,Mesa Solar Sox,True,False,825582,R,3B,7.0,0,0,1,0,1,.971,0,0,0.00,0.00
2025,694749,Dylan Campbell,Surprise Saguaros,2025-11-02,Glendale Desert Dogs,False,True,825658,R,3B,7.0,1,4,0,0,5,.975,2,0,5.00,6.43
2025,694749,Dylan Campbell,Surprise Saguaros,2025-11-05,Scottsdale Scorpions,True,False,825577,R,3B,9.0,1,2,1,1,4,.955,0,0,3.00,3.00
2025,694749,Dylan Campbell,Surprise Saguaros,2025-11-07,Salt River Rafters,True,True,825576,R,CF,9.0,2,0,0,0,2,.957,0,0,2.00,2.00
2025,694749,Dylan Campbell,Surprise Saguaros,2025-11-10,Peoria Javelinas,True,False,825575,R,2B,7.0,2,2,0,0,4,.960,1,0,4.00,5.14
2025,694749,Dylan Campbell,Surprise Saguaros,2025-11-11,Salt River Rafters,False,False,825617,R,2B,6.0,3,2,0,0,5,.964,1,0,5.00,7.50
2025,694749,Dylan Campbell,Surprise Saguaros,2025-11-13,Mesa Solar Sox,True,True,825580,L,3B,9.0,0,2,0,0,2,1.000,0,0,2.00,2.00
2025,694749,Dylan Campbell,Surprise Saguaros,2025-11-14,Peoria Javelinas,True,True,825572,W,DH,0.0,0,0,0,0,0,.000,0,0,0.00,-.--
2025,682769,Eiberson Castellano,Surprise Saguaros,2025-10-09,Peoria Javelinas,False,True,825652,R,P,3.0,0,0,0,0,0,.000,0,0,0.00,0.00
2025,682769,Eiberson Castellano,Surprise Saguaros,2025-10-18,Scottsdale Scorpions,False,False,825614,R,P,3.0,0,0,0,0,0,.000,0,0,0.00,0.00
2025,682769,Eiberson Castellano,Surprise Saguaros,2025-10-26,Peoria Javelinas,True,True,825584,R,P,4.0,0,0,0,0,0,.000,0,0,0.00,0.00
2025,682769,Eiberson Castellano,Surprise Saguaros,2025-11-02,Glendale Desert Dogs,False,True,825658,R,P,4.0,0,1,0,0,1,1.000,0,0,1.00,2.25
2025,822067,A.J. Causey,Surprise Saguaros,2025-10-08,Glendale Desert Dogs,True,True,825591,R,P,1.0,0,0,0,0,0,.000,0,0,0.00,0.00
2025,822067,A.J. Causey,Surprise Saguaros,2025-10-15,Mesa Solar Sox,True,True,825589,R,P,0.1,0,0,0,0,0,.000,0,0,0.00,0.00
2025,822067,A.J. Causey,Surprise Saguaros,2025-10-18,Scottsdale Scorpions,False,False,825614,R,P,1.1,0,1,0,0,1,1.000,0,0,1.00,9.00
2025,822067,A.J. Causey,Surprise Saguaros,2025-10-22,Scottsdale Scorpions,True,True,825586,R,P,2.0,0,1,0,0,1,1.000,0,0,1.00,4.50
2025,822067,A.J. Causey,Surprise Saguaros,2025-10-26,Peoria Javelinas,True,True,825584,R,P,1.2,0,0,0,0,0,1.000,0,0,0.00,0.00
2025,822067,A.J. Causey,Surprise Saguaros,2025-10-30,Peoria Javelinas,False,False,825642,R,P,1.0,0,1,0,0,1,1.000,0,0,1.00,9.00
2025,822067,A.J. Causey,Surprise Saguaros,2025-11-01,Peoria Javelinas,True,True,825578,R,P,0.1,0,0,0,0,0,1.000,0,0,0.00,0.00
2025,822067,A.J. Causey,Surprise Saguaros,2025-11-04,Salt River Rafters,True,True,825579,R,P,1.0,0,0,0,0,0,1.000,0,0,0.00,0.00
2025,822067,A.J. Causey,Surprise Saguaros,2025-11-10,Peoria Javelinas,True,False,825575,R,P,1.0,0,0,0,0,0,1.000,0,0,0.00,0.00
2025,822067,A.J. Causey,Surprise Saguaros,2025-11-13,Mesa Solar Sox,True,True,825580,L,P,1.0,0,0,0,0,0,.000,0,0,0.00,0.00
2025,701207,Dennis Colleran Jr.,Surprise Saguaros,2025-10-08,Glendale Desert Dogs,True,True,825591,R,P,1.0,0,0,0,0,0,.000,0,0,0.00,0.00
2025,701207,Dennis Colleran Jr.,Surprise Saguaros,2025-10-16,Salt River Rafters,False,True,825633,R,P,1.0,0,0,0,0,0,.000,0,0,0.00,0.00
2025,701207,Dennis Colleran Jr.,Surprise Saguaros,2025-10-18,Scottsdale Scorpions,False,False,825614,R,P,1.0,0,0,0,0,0,.000,0,0,0.00,0.00
2025,701207,Dennis Colleran Jr.,Surprise Saguaros,2025-10-25,Mesa Solar Sox,True,False,825585,R,P,1.0,0,0,0,0,0,.000,0,0,0.00,0.00
2025,701207,Dennis Colleran Jr.,Surprise Saguaros,2025-10-30,Peoria Javelinas,False,False,825642,R,P,1.0,0,0,0,0,0,.000,0,0,0.00,0.00
2025,701207,Dennis Colleran Jr.,Surprise Saguaros,2025-11-02,Glendale Desert Dogs,False,True,825658,R,P,1.2,0,0,1,0,1,.000,0,0,0.00,0.00
2025,701207,Dennis Colleran Jr.,Surprise Saguaros,2025-11-07,Salt River Rafters,True,True,825576,R,P,1.0,0,0,0,0,0,.000,0,0,0.00,0.00
2025,701207,Dennis Colleran Jr.,Surprise Saguaros,2025-11-13,Mesa Solar Sox,True,True,825580,L,P,1.0,0,0,0,0,0,.000,0,0,0.00,0.00
2025,692030,Jose Corniell,Surprise Saguaros,2025-10-14,Mesa Solar Sox,False,False,825604,R,P,4.0,0,0,0,0,0,.000,0,0,0.00,0.00
2025,692030,Jose Corniell,Surprise Saguaros,2025-10-21,Glendale Desert Dogs,True,True,825581,R,P,4.0,1,0,0,0,1,1.000,0,0,1.00,2.25
2025,692030,Jose Corniell,Surprise Saguaros,2025-10-28,Scottsdale Scorpions,False,False,825613,R,P,4.0,0,1,0,0,1,1.000,0,0,1.00,2.25
2025,692030,Jose Corniell,Surprise Saguaros,2025-11-04,Salt River Rafters,True,True,825579,R,P,3.0,0,0,0,0,0,1.000,0,0,0.00,0.00
2025,692030,Jose Corniell,Surprise Saguaros,2025-11-11,Salt River Rafters,False,False,825617,R,P,3.0,0,0,0,0,0,1.000,0,0,0.00,0.00
2025,806641,Kolton Curtis,Surprise Saguaros,2025-10-15,Mesa Solar Sox,True,True,825589,R,P,1.0,0,0,0,0,0,.000,0,0,0.00,0.00
2025,806641,Kolton Curtis,Surprise Saguaros,2025-10-19,Scottsdale Scorpions,False,False,825615,R,P,1.1,0,0,0,0,0,.000,0,0,0.00,0.00
2025,806641,Kolton Curtis,Surprise Saguaros,2025-10-25,Mesa Solar Sox,True,False,825585,R,P,2.0,0,0,0,0,0,.000,0,0,0.00,0.00
2025,806641,Kolton Curtis,Surprise Saguaros,2025-10-31,Mesa Solar Sox,True,False,825582,R,P,1.1,0,0,0,0,0,.000,0,0,0.00,0.00
2025,806641,Kolton Curtis,Surprise Saguaros,2025-11-07,Salt River Rafters,True,True,825576,R,P,2.0,0,0,0,0,0,.000,0,0,0.00,0.00
2025,806585,Jack Dallas,Surprise Saguaros,2025-10-09,Peoria Javelinas,False,True,825652,R,P,3.0,0,0,0,0,0,.000,0,0,0.00,0.00
2025,806585,Jack Dallas,Surprise Saguaros,2025-10-15,Mesa Solar Sox,True,True,825589,R,P,2.0,0,0,0,0,0,.000,0,0,0.00,0.00
2025,806585,Jack Dallas,Surprise Saguaros,2025-10-26,Peoria Javelinas,True,True,825584,R,P,2.0,0,1,0,0,1,1.000,0,0,1.00,4.50
2025,806585,Jack Dallas,Surprise Saguaros,2025-11-01,Peoria Javelinas,True,True,825578,R,P,2.0,0,0,0,0,0,1.000,0,0,0.00,0.00
2025,806585,Jack Dallas,Surprise Saguaros,2025-11-13,Mesa Solar Sox,True,True,825580,L,P,1.2,0,0,0,0,0,.000,0,0,0.00,0.00
2025,828506,Joey Danielson,Surprise Saguaros,2025-10-09,Peoria Javelinas,False,True,825652,R,P,1.0,0,0,0,0,0,.000,0,0,0.00,0.00
2025,828506,Joey Danielson,Surprise Saguaros,2025-10-17,Glendale Desert Dogs,True,False,825587,R,P,0.2,0,0,0,0,0,.000,0,0,0.00,0.00
2025,828506,Joey Danielson,Surprise Saguaros,2025-10-21,Glendale Desert Dogs,True,True,825664,R,P,1.0,0,0,0,0,0,.000,0,0,0.00,0.00
2025,828506,Joey Danielson,Surprise Saguaros,2025-10-26,Peoria Javelinas,True,True,825584,R,P,0.1,0,0,0,0,0,.000,0,0,0.00,0.00
2025,828506,Joey Danielson,Surprise Saguaros,2025-10-31,Mesa Solar Sox,True,False,825582,R,P,1.0,0,0,0,0,0,.000,0,0,0.00,0.00
2025,828506,Joey Danielson,Surprise Saguaros,2025-11-06,Salt River Rafters,False,True,825624,R,P,1.0,0,0,0,0,0,.000,0,0,0.00,0.00
2025,828506,Joey Danielson,Surprise Saguaros,2025-11-11,Salt River Rafters,False,False,825617,R,P,1.0,0,0,0,0,0,.000,0,0,0.00,0.00
2025,671143,Trenton Denholm,Surprise Saguaros,2025-10-07,Mesa Solar Sox,False,True,825607,R,P,2.0,0,1,0,0,1,1.000,0,0,1.00,4.50
2025,671143,Trenton Denholm,Surprise Saguaros,2025-10-16,Salt River Rafters,False,True,825633,R,P,0.2,0,0,0,0,0,1.000,0,0,0.00,0.00
2025,671143,Trenton Denholm,Surprise Saguaros,2025-10-23,Mesa Solar Sox,False,True,825600,R,P,3.0,0,0,0,0,0,1.000,0,0,0.00,0.00
2025,671143,Trenton Denholm,Surprise Saguaros,2025-10-30,Peoria Javelinas,False,False,825642,R,P,3.0,0,1,0,0,1,1.000,0,0,1.00,3.00
2025,671143,Trenton Denholm,Surprise Saguaros,2025-11-06,Salt River Rafters,False,True,825624,R,P,4.0,0,1,0,0,1,1.000,0,0,1.00,2.25
2025,671143,Trenton Denholm,Surprise Saguaros,2025-11-13,Mesa Solar Sox,True,True,825580,L,P,4.0,0,0,0,0,0,.000,0,0,0.00,0.00
2025,701392,Marco Dinges,Surprise Saguaros,2025-10-07,Mesa Solar Sox,False,True,825607,R,C,9.0,10,0,0,0,10,1.000,0,0,10.00,10.00
2025,701392,Marco Dinges,Surprise Saguaros,2025-10-09,Peoria Javelinas,False,True,825652,R,DH,0.0,0,0,0,0,0,1.000,0,0,0.00,-.--
2025,702662,Dylan Dreiling,Surprise Saguaros,2025-10-08,Glendale Desert Dogs,True,True,825591,R,RF,10.0,2,0,0,0,2,1.000,0,0,2.00,1.80
2025,702662,Dylan Dreiling,Surprise Saguaros,2025-10-14,Mesa Solar Sox,False,False,825604,R,RF,8.0,1,0,0,0,1,1.000,0,0,1.00,1.13
2025,702662,Dylan Dreiling,Surprise Saguaros,2025-10-16,Salt River Rafters,False,True,825633,R,LF,9.0,0,0,0,0,0,1.000,0,0,0.00,0.00
2025,702662,Dylan Dreiling,Surprise Saguaros,2025-10-17,Glendale Desert Dogs,True,False,825587,R,RF,9.0,0,0,0,0,0,1.000,0,0,0.00,0.00
2025,702662,Dylan Dreiling,Surprise Saguaros,2025-10-19,Scottsdale Scorpions,False,False,825615,R,RF,7.0,2,0,0,0,2,1.000,0,0,2.00,2.57
2025,702662,Dylan Dreiling,Surprise Saguaros,2025-10-21,Glendale Desert Dogs,True,True,825664,R,LF,7.0,3,0,0,0,3,1.000,0,0,3.00,3.86
2025,702662,Dylan Dreiling,Surprise Saguaros,2025-10-23,Mesa Solar Sox,False,True,825600,R,LF,9.0,1,0,0,0,1,1.000,0,0,1.00,1.00
2025,702662,Dylan Dreiling,Surprise Saguaros,2025-10-26,Peoria Javelinas,True,True,825584,R,CF,9.0,0,0,0,0,0,1.000,0,0,0.00,0.00
2025,702662,Dylan Dreiling,Surprise Saguaros,2025-10-28,Scottsdale Scorpions,False,False,825613,R,RF,8.0,1,0,0,0,1,1.000,0,0,1.00,1.13
2025,702662,Dylan Dreiling,Surprise Saguaros,2025-10-30,Peoria Javelinas,False,False,825642,R,LF,9.0,0,0,0,0,0,1.000,0,0,0.00,0.00
2025,702662,Dylan Dreiling,Surprise Saguaros,2025-11-01,Peoria Javelinas,True,True,825578,R,RF,9.0,4,1,0,0,5,1.000,1,0,5.00,5.00
2025,702662,Dylan Dreiling,Surprise Saguaros,2025-11-04,Salt River Rafters,True,True,825579,R,LF,9.0,1,0,0,0,1,1.000,0,0,1.00,1.00
2025,702662,Dylan Dreiling,Surprise Saguaros,2025-11-06,Salt River Rafters,False,True,825624,R,LF,7.0,0,0,0,0,0,1.000,0,0,0.00,0.00
2025,702662,Dylan Dreiling,Surprise Saguaros,2025-11-11,Salt River Rafters,False,False,825617,R,LF,6.0,0,0,0,0,0,1.000,0,0,0.00,0.00
2025,702662,Dylan Dreiling,Surprise Saguaros,2025-11-14,Peoria Javelinas,True,True,825572,W,RF,4.0,0,0,0,0,0,.000,0,0,0.00,0.00
2025,682982,Daniel Espino,Surprise Saguaros,2025-10-07,Mesa Solar Sox,False,True,825607,R,P,1.0,0,0,0,0,0,.000,0,0,0.00,0.00
2025,682982,Daniel Espino,Surprise Saguaros,2025-10-15,Mesa Solar Sox,True,True,825589,R,P,1.0,0,0,0,0,0,.000,0,0,0.00,0.00
2025,682982,Daniel Espino,Surprise Saguaros,2025-10-22,Scottsdale Scorpions,True,True,825586,R,P,1.0,0,0,0,0,0,.000,0,0,0.00,0.00
2025,682982,Daniel Espino,Surprise Saguaros,2025-10-29,Scottsdale Scorpions,True,True,825583,R,P,1.2,1,0,0,0,1,1.000,0,0,1.00,9.00
2025,692838,Jaydenn Estanista,Surprise Saguaros,2025-10-08,Glendale Desert Dogs,True,True,825591,R,P,0.2,0,0,0,0,0,.000,0,0,0.00,0.00
2025,692838,Jaydenn Estanista,Surprise Saguaros,2025-10-17,Glendale Desert Dogs,True,False,825587,R,P,2.0,0,0,0,0,0,.000,0,0,0.00,0.00
2025,692838,Jaydenn Estanista,Surprise Saguaros,2025-10-21,Glendale Desert Dogs,True,True,825664,R,P,1.0,0,0,0,0,0,.000,0,0,0.00,0.00
2025,692838,Jaydenn Estanista,Surprise Saguaros,2025-10-25,Mesa Solar Sox,True,False,825585,R,P,0.1,0,0,0,0,0,.000,0,0,0.00,0.00
2025,692838,Jaydenn Estanista,Surprise Saguaros,2025-10-30,Peoria Javelinas,False,False,825642,R,P,1.0,0,0,0,0,0,.000,0,0,0.00,0.00
2025,692838,Jaydenn Estanista,Surprise Saguaros,2025-11-01,Peoria Javelinas,True,True,825578,R,P,1.0,0,0,0,0,0,.000,0,0,0.00,0.00
2025,692838,Jaydenn Estanista,Surprise Saguaros,2025-11-06,Salt River Rafters,False,True,825624,R,P,1.0,0,0,0,0,0,.000,0,0,0.00,0.00
2025,692838,Jaydenn Estanista,Surprise Saguaros,2025-11-11,Salt River Rafters,False,False,825617,R,P,1.0,0,1,0,0,1,1.000,0,0,1.00,9.00
2025,692838,Jaydenn Estanista,Surprise Saguaros,2025-11-14,Peoria Javelinas,True,True,825572,W,P,1.0,0,0,0,0,0,.000,0,0,0.00,0.00
2025,800260,Anthony Flores,Surprise Saguaros,2025-10-07,Mesa Solar Sox,False,True,825607,R,P,1.0,0,0,0,0,0,.000,0,0,0.00,0.00
2025,800260,Anthony Flores,Surprise Saguaros,2025-10-16,Salt River Rafters,False,True,825633,R,P,1.1,0,0,0,0,0,.000,0,0,0.00,0.00
2025,800260,Anthony Flores,Surprise Saguaros,2025-10-19,Scottsdale Scorpions,False,False,825615,R,P,2.0,0,0,0,0,0,.000,0,0,0.00,0.00
2025,800260,Anthony Flores,Surprise Saguaros,2025-10-25,Mesa Solar Sox,True,False,825585,R,P,1.0,0,0,0,0,0,.000,0,0,0.00,0.00
2025,800260,Anthony Flores,Surprise Saguaros,2025-10-30,Peoria Javelinas,False,False,825642,R,P,2.0,0,1,0,0,1,1.000,0,0,1.00,4.50
2025,800260,Anthony Flores,Surprise Saguaros,2025-11-02,Glendale Desert Dogs,False,True,825658,R,P,1.1,0,1,0,0,1,1.000,0,0,1.00,9.00
2025,800260,Anthony Flores,Surprise Saguaros,2025-11-07,Salt River Rafters,True,True,825576,R,P,1.0,0,0,0,0,0,1.000,0,0,0.00,0.00
2025,800260,Anthony Flores,Surprise Saguaros,2025-11-14,Peoria Javelinas,True,True,825572,W,P,2.0,0,0,0,0,0,.000,0,0,0.00,0.00
2025,694725,Michael Fowler,Surprise Saguaros,2025-10-07,Mesa Solar Sox,False,True,825607,R,P,1.0,1,0,0,0,1,1.000,0,0,1.00,9.00
2025,694725,Michael Fowler,Surprise Saguaros,2025-10-16,Salt River Rafters,False,True,825633,R,P,2.0,0,0,0,0,0,1.000,0,0,0.00,0.00
2025,694725,Michael Fowler,Surprise Saguaros,2025-10-21,Glendale Desert Dogs,True,True,825581,R,P,1.0,0,0,0,0,0,1.000,0,0,0.00,0.00
2025,694725,Michael Fowler,Surprise Saguaros,2025-10-25,Mesa Solar Sox,True,False,825585,R,P,1.0,0,0,0,0,0,1.000,0,0,0.00,0.00
2025,694725,Michael Fowler,Surprise Saguaros,2025-11-01,Peoria Javelinas,True,True,825578,R,P,1.0,1,0,0,0,1,1.000,0,0,1.00,9.00
2025,694725,Michael Fowler,Surprise Saguaros,2025-11-05,Scottsdale Scorpions,True,False,825577,R,P,1.0,0,0,0,0,0,1.000,0,0,0.00,0.00
2025,679702,Daniel Harper,Surprise Saguaros,2025-10-09,Peoria Javelinas,False,True,825652,R,P,1.0,0,0,0,0,0,.000,0,0,0.00,0.00
2025,679702,Daniel Harper,Surprise Saguaros,2025-10-17,Glendale Desert Dogs,True,False,825587,R,P,0.1,0,0,0,0,0,.000,0,0,0.00,0.00
2025,679702,Daniel Harper,Surprise Saguaros,2025-10-19,Scottsdale Scorpions,False,False,825615,R,P,0.2,0,0,0,0,0,.000,0,0,0.00,0.00
2025,679702,Daniel Harper,Surprise Saguaros,2025-10-23,Mesa Solar Sox,False,True,825600,R,P,1.0,1,0,0,0,1,1.000,0,0,1.00,9.00
2025,679702,Daniel Harper,Surprise Saguaros,2025-10-28,Scottsdale Scorpions,False,False,825613,R,P,0.2,0,0,0,0,0,1.000,0,0,0.00,0.00
2025,679702,Daniel Harper,Surprise Saguaros,2025-11-01,Peoria Javelinas,True,True,825578,R,P,2.0,0,0,0,0,0,1.000,0,0,0.00,0.00
2025,679702,Daniel Harper,Surprise Saguaros,2025-11-07,Salt River Rafters,True,True,825576,R,P,1.0,0,0,0,0,0,1.000,0,0,0.00,0.00
2025,679702,Daniel Harper,Surprise Saguaros,2025-11-14,Peoria Javelinas,True,True,825572,W,P,1.0,0,0,0,0,0,.000,0,0,0.00,0.00
2025,803015,Ben Hartl,Surprise Saguaros,2025-10-08,Glendale Desert Dogs,True,True,825591,R,1B,10.0,7,1,0,0,8,1.000,0,0,8.00,7.20
2025,803015,Ben Hartl,Surprise Saguaros,2025-10-09,Peoria Javelinas,False,True,825652,R,DH,0.0,0,0,0,0,0,1.000,0,0,0.00,-.--
2025,803015,Ben Hartl,Surprise Saguaros,2025-10-16,Salt River Rafters,False,True,825633,R,1B,9.0,4,0,0,0,4,1.000,1,0,4.00,4.00
2025,803015,Ben Hartl,Surprise Saguaros,2025-10-19,Scottsdale Scorpions,False,False,825615,R,C,7.0,6,0,1,1,7,.947,0,0,6.00,7.71
2025,803015,Ben Hartl,Surprise Saguaros,2025-10-21,Glendale Desert Dogs,True,True,825664,R,1B,7.0,5,0,0,0,5,.958,1,0,5.00,6.43
2025,803015,Ben Hartl,Surprise Saguaros,2025-10-31,Mesa Solar Sox,True,False,825582,R,1B,7.0,8,0,0,0,8,.969,1,0,8.00,10.29
2025,803015,Ben Hartl,Surprise Saguaros,2025-11-02,Glendale Desert Dogs,False,True,825658,R,1B,7.0,5,1,0,0,6,.974,2,0,6.00,7.71
2025,803015,Ben Hartl,Surprise Saguaros,2025-11-07,Salt River Rafters,True,True,825576,R,C,9.0,11,1,0,0,12,.980,0,0,12.00,12.00
2025,803015,Ben Hartl,Surprise Saguaros,2025-11-11,Salt River Rafters,False,False,825617,R,1B,6.0,8,0,0,0,8,.983,0,0,8.00,12.00
2025,801367,Matt Jachec,Surprise Saguaros,2025-10-14,Mesa Solar Sox,False,False,825604,R,P,1.0,0,0,0,0,0,.000,0,0,0.00,0.00
2025,801367,Matt Jachec,Surprise Saguaros,2025-10-17,Glendale Desert Dogs,True,False,825587,R,P,0.1,0,0,0,0,0,.000,0,0,0.00,0.00
2025,801367,Matt Jachec,Surprise Saguaros,2025-10-21,Glendale Desert Dogs,True,True,825581,R,P,2.0,0,0,0,0,0,.000,0,0,0.00,0.00
2025,801367,Matt Jachec,Surprise Saguaros,2025-10-25,Mesa Solar Sox,True,False,825585,R,P,1.0,0,0,0,0,0,.000,0,0,0.00,0.00
2025,801367,Matt Jachec,Surprise Saguaros,2025-10-31,Mesa Solar Sox,True,False,825582,R,P,2.0,0,2,0,0,2,1.000,0,0,2.00,9.00
2025,801367,Matt Jachec,Surprise Saguaros,2025-11-04,Salt River Rafters,True,True,825579,R,P,1.0,0,1,0,0,1,1.000,1,0,1.00,9.00
2025,801367,Matt Jachec,Surprise Saguaros,2025-11-07,Salt River Rafters,True,True,825576,R,P,1.0,0,0,0,0,0,1.000,0,0,0.00,0.00
2025,801367,Matt Jachec,Surprise Saguaros,2025-11-13,Mesa Solar Sox,True,True,825580,L,P,1.1,0,0,0,0,0,.000,0,0,0.00,0.00
2025,683720,Edwin Jimenez,Surprise Saguaros,2025-10-07,Mesa Solar Sox,False,True,825607,R,P,1.0,0,0,0,0,0,.000,0,0,0.00,0.00
2025,683720,Edwin Jimenez,Surprise Saguaros,2025-10-17,Glendale Desert Dogs,True,False,825587,R,P,1.0,0,0,0,0,0,.000,0,0,0.00,0.00
2025,683720,Edwin Jimenez,Surprise Saguaros,2025-10-21,Glendale Desert Dogs,True,True,825664,R,P,1.0,0,0,0,0,0,.000,0,0,0.00,0.00
2025,683720,Edwin Jimenez,Surprise Saguaros,2025-10-26,Peoria Javelinas,True,True,825584,R,P,1.0,0,0,0,0,0,.000,0,0,0.00,0.00
2025,683720,Edwin Jimenez,Surprise Saguaros,2025-10-31,Mesa Solar Sox,True,False,825582,R,P,2.0,0,1,0,0,1,1.000,0,0,1.00,4.50
2025,683720,Edwin Jimenez,Surprise Saguaros,2025-11-05,Scottsdale Scorpions,True,False,825577,R,P,1.1,0,0,0,0,0,1.000,0,0,0.00,0.00
2025,683720,Edwin Jimenez,Surprise Saguaros,2025-11-10,Peoria Javelinas,True,False,825575,R,P,1.0,0,0,0,0,0,1.000,0,0,0.00,0.00
2025,683720,Edwin Jimenez,Surprise Saguaros,2025-11-14,Peoria Javelinas,True,True,825572,W,P,2.0,0,0,0,0,0,.000,0,0,0.00,0.00
2025,802407,Joe Lampe,Surprise Saguaros,2025-10-09,Peoria Javelinas,False,True,825652,R,RF,7.0,3,0,0,0,3,1.000,0,0,3.00,3.86
2025,802407,Joe Lampe,Surprise Saguaros,2025-10-16,Salt River Rafters,False,True,825633,R,RF,9.0,3,0,0,0,3,1.000,0,0,3.00,3.00
2025,802407,Joe Lampe,Surprise Saguaros,2025-10-17,Glendale Desert Dogs,True,False,825587,R,CF,9.0,2,0,1,1,3,.889,0,0,2.00,2.00
2025,802407,Joe Lampe,Surprise Saguaros,2025-10-21,Glendale Desert Dogs,True,True,825581,R,RF,7.0,2,0,0,0,2,.909,0,0,2.00,2.57
2025,802407,Joe Lampe,Surprise Saguaros,2025-10-21,Glendale Desert Dogs,True,True,825664,R,CF,1.0,1,0,0,0,1,.917,0,0,1.00,9.00
2025,802407,Joe Lampe,Surprise Saguaros,2025-10-22,Scottsdale Scorpions,True,True,825586,R,DH,0.0,0,0,0,0,0,.917,0,0,0.00,-.--
2025,802407,Joe Lampe,Surprise Saguaros,2025-10-23,Mesa Solar Sox,False,True,825600,R,CF,2.0,0,0,0,0,0,.917,0,0,0.00,0.00
2025,802407,Joe Lampe,Surprise Saguaros,2025-10-26,Peoria Javelinas,True,True,825584,R,DH,0.0,0,0,0,0,0,.917,0,0,0.00,-.--
2025,802407,Joe Lampe,Surprise Saguaros,2025-10-29,Scottsdale Scorpions,True,True,825583,R,RF,7.0,0,0,0,0,0,.917,0,0,0.00,0.00
2025,802407,Joe Lampe,Surprise Saguaros,2025-10-30,Peoria Javelinas,False,False,825642,R,DH,0.0,0,0,0,0,0,.917,0,0,0.00,-.--
2025,802407,Joe Lampe,Surprise Saguaros,2025-11-01,Peoria Javelinas,True,True,825578,R,CF,9.0,5,0,0,0,5,.941,0,0,5.00,5.00
2025,802407,Joe Lampe,Surprise Saguaros,2025-11-02,Glendale Desert Dogs,False,True,825658,R,DH,0.0,0,0,0,0,0,.941,0,0,0.00,-.--
2025,802407,Joe Lampe,Surprise Saguaros,2025-11-06,Salt River Rafters,False,True,825624,R,RF,7.0,2,0,0,0,2,.947,0,0,2.00,2.57
2025,802407,Joe Lampe,Surprise Saguaros,2025-11-07,Salt River Rafters,True,True,825576,R,LF,9.0,1,0,0,0,1,.950,0,0,1.00,1.00
2025,802407,Joe Lampe,Surprise Saguaros,2025-11-11,Salt River Rafters,False,False,825617,R,DH,0.0,0,0,0,0,0,.950,0,0,0.00,-.--
2025,802407,Joe Lampe,Surprise Saguaros,2025-11-13,Mesa Solar Sox,True,True,825580,L,RF,9.0,3,1,0,0,4,1.000,0,0,4.00,4.00
2025,802407,Joe Lampe,Surprise Saguaros,2025-11-14,Peoria Javelinas,True,True,825572,W,RF,5.0,1,0,0,0,1,1.000,0,0,1.00,1.80
2025,692137,L.P. Langevin,Surprise Saguaros,2025-10-08,Glendale Desert Dogs,True,True,825591,R,P,1.0,0,0,0,0,0,.000,0,0,0.00,0.00
2025,692137,L.P. Langevin,Surprise Saguaros,2025-10-19,Scottsdale Scorpions,False,False,825615,R,P,1.0,0,0,0,0,0,.000,0,0,0.00,0.00
2025,692137,L.P. Langevin,Surprise Saguaros,2025-10-25,Mesa Solar Sox,True,False,825585,R,P,1.0,0,0,0,0,0,.000,0,0,0.00,0.00
2025,692137,L.P. Langevin,Surprise Saguaros,2025-10-29,Scottsdale Scorpions,True,True,825583,R,P,1.1,0,0,0,0,0,.000,0,0,0.00,0.00
2025,692137,L.P. Langevin,Surprise Saguaros,2025-11-01,Peoria Javelinas,True,True,825578,R,P,0.2,0,0,0,0,0,.000,0,0,0.00,0.00
2025,692137,L.P. Langevin,Surprise Saguaros,2025-11-05,Scottsdale Scorpions,True,False,825577,R,P,1.2,0,0,0,0,0,.000,0,0,0.00,0.00
2025,702045,Rorik Maltrud,Surprise Saguaros,2025-10-07,Mesa Solar Sox,False,True,825607,R,P,2.0,0,1,0,0,1,1.000,0,0,1.00,4.50
2025,702045,Rorik Maltrud,Surprise Saguaros,2025-10-16,Salt River Rafters,False,True,825633,R,P,2.1,0,0,0,0,0,1.000,0,0,0.00,0.00
2025,702045,Rorik Maltrud,Surprise Saguaros,2025-10-23,Mesa Solar Sox,False,True,825600,R,P,3.0,0,1,0,0,1,1.000,0,0,1.00,3.00
2025,702045,Rorik Maltrud,Surprise Saguaros,2025-10-30,Peoria Javelinas,False,False,825642,R,P,1.0,1,0,0,0,1,1.000,0,0,1.00,9.00
2025,702045,Rorik Maltrud,Surprise Saguaros,2025-11-11,Salt River Rafters,False,False,825617,R,P,1.0,0,0,0,0,0,1.000,0,0,0.00,0.00
2025,814803,Logan Martin,Surprise Saguaros,2025-10-08,Glendale Desert Dogs,True,True,825591,R,P,3.0,0,1,0,0,1,1.000,0,0,1.00,3.00
2025,814803,Logan Martin,Surprise Saguaros,2025-10-17,Glendale Desert Dogs,True,False,825587,R,P,2.2,0,0,0,0,0,1.000,0,0,0.00,0.00
2025,814803,Logan Martin,Surprise Saguaros,2025-10-25,Mesa Solar Sox,True,False,825585,R,P,1.2,0,1,0,0,1,1.000,0,0,1.00,9.00
2025,814803,Logan Martin,Surprise Saguaros,2025-10-31,Mesa Solar Sox,True,False,825582,R,P,0.2,0,0,0,0,0,1.000,0,0,0.00,0.00
2025,814803,Logan Martin,Surprise Saguaros,2025-11-07,Salt River Rafters,True,True,825576,R,P,3.0,0,0,0,0,0,1.000,0,0,0.00,0.00
2025,814803,Logan Martin,Surprise Saguaros,2025-11-14,Peoria Javelinas,True,True,825572,W,P,1.0,0,0,1,1,1,.000,0,0,0.00,0.00
2025,695294,Tommy McCollum,Surprise Saguaros,2025-10-08,Glendale Desert Dogs,True,True,825591,R,P,1.0,0,0,0,0,0,.000,0,0,0.00,0.00
2025,695294,Tommy McCollum,Surprise Saguaros,2025-10-16,Salt River Rafters,False,True,825633,R,P,1.1,0,0,0,0,0,.000,0,0,0.00,0.00
2025,695294,Tommy McCollum,Surprise Saguaros,2025-10-19,Scottsdale Scorpions,False,False,825615,R,P,1.0,0,0,0,0,0,.000,0,0,0.00,0.00
2025,695294,Tommy McCollum,Surprise Saguaros,2025-10-23,Mesa Solar Sox,False,True,825600,R,P,1.0,0,0,0,0,0,.000,0,0,0.00,0.00
2025,695294,Tommy McCollum,Surprise Saguaros,2025-10-29,Scottsdale Scorpions,True,True,825583,R,P,0.2,0,0,0,0,0,.000,0,0,0.00,0.00
2025,805810,Blake Mitchell,Surprise Saguaros,2025-10-07,Mesa Solar Sox,False,True,825607,R,DH,0.0,0,0,0,0,0,.000,0,0,0.00,-.--
2025,805810,Blake Mitchell,Surprise Saguaros,2025-10-08,Glendale Desert Dogs,True,True,825591,R,C,10.0,12,0,1,1,13,.923,0,0,12.00,10.80
2025,805810,Blake Mitchell,Surprise Saguaros,2025-10-14,Mesa Solar Sox,False,False,825604,R,DH,0.0,0,0,0,0,0,.923,0,0,0.00,-.--
2025,805810,Blake Mitchell,Surprise Saguaros,2025-10-15,Mesa Solar Sox,True,True,825589,R,C,9.0,11,1,0,0,12,.960,0,0,12.00,12.00
2025,805810,Blake Mitchell,Surprise Saguaros,2025-10-16,Salt River Rafters,False,True,825633,R,DH,0.0,0,0,0,0,0,.960,0,0,0.00,-.--
2025,805810,Blake Mitchell,Surprise Saguaros,2025-10-17,Glendale Desert Dogs,True,False,825587,R,C,9.0,7,1,0,0,8,.970,0,0,8.00,8.00
2025,805810,Blake Mitchell,Surprise Saguaros,2025-10-18,Scottsdale Scorpions,False,False,825614,R,DH,0.0,0,0,0,0,0,.970,0,0,0.00,-.--
2025,805810,Blake Mitchell,Surprise Saguaros,2025-10-21,Glendale Desert Dogs,True,True,825581,R,DH,0.0,0,0,0,0,0,.970,0,0,0.00,-.--
2025,805810,Blake Mitchell,Surprise Saguaros,2025-10-21,Glendale Desert Dogs,True,True,825664,R,C,7.0,8,0,0,0,8,.976,0,0,8.00,10.29
2025,805810,Blake Mitchell,Surprise Saguaros,2025-10-23,Mesa Solar Sox,False,True,825600,R,C,9.0,11,0,0,0,11,.981,0,0,11.00,11.00
2025,805810,Blake Mitchell,Surprise Saguaros,2025-10-25,Mesa Solar Sox,True,False,825585,R,C,10.0,12,0,0,0,12,.984,0,0,12.00,10.80
2025,805810,Blake Mitchell,Surprise Saguaros,2025-10-28,Scottsdale Scorpions,False,False,825613,R,DH,0.0,0,0,0,0,0,.984,0,0,0.00,-.--
2025,805810,Blake Mitchell,Surprise Saguaros,2025-10-29,Scottsdale Scorpions,True,True,825583,R,C,7.0,13,0,0,0,13,.987,0,0,13.00,16.71
2025,805810,Blake Mitchell,Surprise Saguaros,2025-10-30,Peoria Javelinas,False,False,825642,R,DH,0.0,0,0,0,0,0,.987,0,0,0.00,-.--
2025,805810,Blake Mitchell,Surprise Saguaros,2025-10-31,Mesa Solar Sox,True,False,825582,R,C,7.0,9,0,0,0,9,.988,0,0,9.00,11.57
2025,805810,Blake Mitchell,Surprise Saguaros,2025-11-02,Glendale Desert Dogs,False,True,825658,R,C,7.0,8,0,0,0,8,.989,0,0,8.00,10.29
2025,805810,Blake Mitchell,Surprise Saguaros,2025-11-04,Salt River Rafters,True,True,825579,R,DH,0.0,0,0,0,0,0,.989,0,0,0.00,-.--
2025,805810,Blake Mitchell,Surprise Saguaros,2025-11-10,Peoria Javelinas,True,False,825575,R,DH,0.0,0,0,0,0,0,.989,0,0,0.00,-.--
2025,805810,Blake Mitchell,Surprise Saguaros,2025-11-11,Salt River Rafters,False,False,825617,R,C,6.0,5,0,0,0,5,.990,0,0,5.00,7.50
2025,805810,Blake Mitchell,Surprise Saguaros,2025-11-13,Mesa Solar Sox,True,True,825580,L,C,9.0,9,1,0,0,10,1.000,0,0,10.00,10.00
2025,805810,Blake Mitchell,Surprise Saguaros,2025-11-14,Peoria Javelinas,True,True,825572,W,C,9.0,15,0,0,0,15,1.000,0,0,15.00,15.00
2025,702270,Malcolm Moore,Surprise Saguaros,2025-10-08,Glendale Desert Dogs,True,True,825591,R,DH,0.0,0,0,0,0,0,.000,0,0,0.00,-.--
2025,702270,Malcolm Moore,Surprise Saguaros,2025-10-09,Peoria Javelinas,False,True,825652,R,C,9.0,12,1,0,0,13,1.000,2,0,13.00,13.00
2025,702270,Malcolm Moore,Surprise Saguaros,2025-10-14,Mesa Solar Sox,False,False,825604,R,C,8.0,9,0,0,0,9,1.000,0,0,9.00,10.13
2025,702270,Malcolm Moore,Surprise Saguaros,2025-10-15,Mesa Solar Sox,True,True,825589,R,DH,0.0,0,0,0,0,0,1.000,0,0,0.00,-.--
2025,702270,Malcolm Moore,Surprise Saguaros,2025-10-16,Salt River Rafters,False,True,825633,R,C,9.0,14,0,0,0,14,1.000,0,0,14.00,14.00
2025,702270,Malcolm Moore,Surprise Saguaros,2025-10-18,Scottsdale Scorpions,False,False,825614,R,C,6.0,11,0,0,0,11,1.000,0,0,11.00,16.50
2025,702270,Malcolm Moore,Surprise Saguaros,2025-10-21,Glendale Desert Dogs,True,True,825581,R,C,7.0,5,0,0,0,5,1.000,0,0,5.00,6.43
2025,702270,Malcolm Moore,Surprise Saguaros,2025-10-22,Scottsdale Scorpions,True,True,825586,R,C,9.0,14,0,0,0,14,1.000,0,0,14.00,14.00
2025,702270,Malcolm Moore,Surprise Saguaros,2025-10-26,Peoria Javelinas,True,True,825584,R,C,9.0,12,0,0,0,12,1.000,0,0,12.00,12.00
2025,702270,Malcolm Moore,Surprise Saguaros,2025-10-28,Scottsdale Scorpions,False,False,825613,R,C,8.0,11,1,0,0,12,1.000,0,0,12.00,13.50
2025,702270,Malcolm Moore,Surprise Saguaros,2025-10-30,Peoria Javelinas,False,False,825642,R,C,9.0,12,0,0,0,12,1.000,0,0,12.00,12.00
2025,702270,Malcolm Moore,Surprise Saguaros,2025-10-31,Mesa Solar Sox,True,False,825582,R,DH,0.0,0,0,0,0,0,1.000,0,0,0.00,-.--
2025,702270,Malcolm Moore,Surprise Saguaros,2025-11-01,Peoria Javelinas,True,True,825578,R,C,9.0,13,0,0,0,13,1.000,0,0,13.00,13.00
2025,702270,Malcolm Moore,Surprise Saguaros,2025-11-04,Salt River Rafters,True,True,825579,R,C,9.0,14,1,1,0,16,.992,1,0,15.00,15.00
2025,702270,Malcolm Moore,Surprise Saguaros,2025-11-05,Scottsdale Scorpions,True,False,825577,R,C,9.0,8,1,0,0,9,.993,0,0,9.00,9.00
2025,702270,Malcolm Moore,Surprise Saguaros,2025-11-06,Salt River Rafters,False,True,825624,R,C,7.0,10,1,0,0,11,.993,0,0,11.00,14.14
2025,702270,Malcolm Moore,Surprise Saguaros,2025-11-10,Peoria Javelinas,True,False,825575,R,C,7.0,7,0,0,0,7,.994,0,0,7.00,9.00
2025,702270,Malcolm Moore,Surprise Saguaros,2025-11-13,Mesa Solar Sox,True,True,825580,L,DH,0.0,0,0,0,0,0,.000,0,0,0.00,-.--
2025,689557,Zane Morehouse,Surprise Saguaros,2025-10-09,Peoria Javelinas,False,True,825652,R,P,1.0,0,0,0,0,0,.000,0,0,0.00,0.00
2025,689557,Zane Morehouse,Surprise Saguaros,2025-10-16,Salt River Rafters,False,True,825633,R,P,0.1,0,0,0,0,0,.000,0,0,0.00,0.00
2025,689557,Zane Morehouse,Surprise Saguaros,2025-10-18,Scottsdale Scorpions,False,False,825614,R,P,0.2,0,0,0,0,0,.000,0,0,0.00,0.00
2025,689557,Zane Morehouse,Surprise Saguaros,2025-10-22,Scottsdale Scorpions,True,True,825586,R,P,0.1,0,0,0,0,0,.000,0,0,0.00,0.00
2025,689557,Zane Morehouse,Surprise Saguaros,2025-10-25,Mesa Solar Sox,True,False,825585,R,P,1.0,0,0,0,0,0,.000,0,0,0.00,0.00
2025,689557,Zane Morehouse,Surprise Saguaros,2025-10-29,Scottsdale Scorpions,True,True,825583,R,P,0.1,0,0,0,0,0,.000,0,0,0.00,0.00
2025,689557,Zane Morehouse,Surprise Saguaros,2025-11-01,Peoria Javelinas,True,True,825578,R,P,2.0,0,0,0,0,0,.000,0,0,0.00,0.00
2025,689557,Zane Morehouse,Surprise Saguaros,2025-11-06,Salt River Rafters,False,True,825624,R,P,0.1,0,0,0,0,0,.000,0,0,0.00,0.00
2025,807276,Dante Nori,Surprise Saguaros,2025-10-07,Mesa Solar Sox,False,True,825607,R,CF,4.0,2,0,0,0,2,1.000,0,0,2.00,4.50
2025,807276,Dante Nori,Surprise Saguaros,2025-10-21,Glendale Desert Dogs,True,True,825664,R,CF,6.0,1,0,0,0,1,1.000,0,0,1.00,1.50
2025,807276,Dante Nori,Surprise Saguaros,2025-10-23,Mesa Solar Sox,False,True,825600,R,CF,7.0,1,0,0,0,1,1.000,0,0,1.00,1.29
2025,807276,Dante Nori,Surprise Saguaros,2025-10-25,Mesa Solar Sox,True,False,825585,R,CF,10.0,0,0,0,0,0,1.000,0,0,0.00,0.00
2025,807276,Dante Nori,Surprise Saguaros,2025-10-28,Scottsdale Scorpions,False,False,825613,R,CF,8.0,0,0,0,0,0,1.000,0,0,0.00,0.00
2025,807276,Dante Nori,Surprise Saguaros,2025-10-29,Scottsdale Scorpions,True,True,825583,R,CF,7.0,2,0,0,0,2,1.000,0,0,2.00,2.57
2025,807276,Dante Nori,Surprise Saguaros,2025-10-31,Mesa Solar Sox,True,False,825582,R,CF,7.0,0,0,0,0,0,1.000,0,0,0.00,0.00
2025,807276,Dante Nori,Surprise Saguaros,2025-11-02,Glendale Desert Dogs,False,True,825658,R,CF,7.0,3,0,0,0,3,1.000,0,0,3.00,3.86
2025,807276,Dante Nori,Surprise Saguaros,2025-11-05,Scottsdale Scorpions,True,False,825577,R,CF,9.0,1,0,0,0,1,1.000,0,0,1.00,1.00
2025,807276,Dante Nori,Surprise Saguaros,2025-11-06,Salt River Rafters,False,True,825624,R,DH,0.0,0,0,0,0,0,1.000,0,0,0.00,-.--
2025,807276,Dante Nori,Surprise Saguaros,2025-11-10,Peoria Javelinas,True,False,825575,R,CF,7.0,2,0,0,0,2,1.000,0,0,2.00,2.57
2025,807276,Dante Nori,Surprise Saguaros,2025-11-11,Salt River Rafters,False,False,825617,R,CF,6.0,1,0,0,0,1,1.000,0,0,1.00,1.50
2025,807276,Dante Nori,Surprise Saguaros,2025-11-13,Mesa Solar Sox,True,True,825580,L,CF,9.0,2,0,0,0,2,1.000,0,0,2.00,2.00
2025,807276,Dante Nori,Surprise Saguaros,2025-11-14,Peoria Javelinas,True,True,825572,W,CF,5.0,0,0,0,0,0,.000,0,0,0.00,0.00
2025,802506,Dylan O'Rae,Surprise Saguaros,2025-10-08,Glendale Desert Dogs,True,True,825591,R,DH,0.0,0,0,0,0,0,.000,0,0,0.00,-.--
2025,802506,Dylan O'Rae,Surprise Saguaros,2025-10-09,Peoria Javelinas,False,True,825652,R,2B,9.0,0,2,0,0,2,1.000,0,0,2.00,2.00
2025,802506,Dylan O'Rae,Surprise Saguaros,2025-10-15,Mesa Solar Sox,True,True,825589,R,2B,9.0,1,2,0,0,3,1.000,0,0,3.00,3.00
2025,802506,Dylan O'Rae,Surprise Saguaros,2025-10-17,Glendale Desert Dogs,True,False,825587,R,2B,9.0,5,5,0,0,10,1.000,1,0,10.00,10.00
2025,802506,Dylan O'Rae,Surprise Saguaros,2025-10-19,Scottsdale Scorpions,False,False,825615,R,2B,7.0,1,4,0,0,5,1.000,1,0,5.00,6.43
2025,802506,Dylan O'Rae,Surprise Saguaros,2025-10-21,Glendale Desert Dogs,True,True,825664,R,2B,7.0,1,1,0,0,2,1.000,0,0,2.00,2.57
2025,802506,Dylan O'Rae,Surprise Saguaros,2025-10-22,Scottsdale Scorpions,True,True,825586,R,2B,9.0,1,2,0,0,3,1.000,0,0,3.00,3.00
2025,802506,Dylan O'Rae,Surprise Saguaros,2025-10-23,Mesa Solar Sox,False,True,825600,R,2B,9.0,1,2,0,0,3,1.000,0,0,3.00,3.00
2025,802506,Dylan O'Rae,Surprise Saguaros,2025-10-26,Peoria Javelinas,True,True,825584,R,2B,9.0,2,3,0,0,5,1.000,0,0,5.00,5.00
2025,802506,Dylan O'Rae,Surprise Saguaros,2025-10-29,Scottsdale Scorpions,True,True,825583,R,2B,7.0,0,1,0,0,1,1.000,0,0,1.00,1.29
2025,802506,Dylan O'Rae,Surprise Saguaros,2025-10-30,Peoria Javelinas,False,False,825642,R,2B,9.0,0,3,0,0,3,1.000,0,0,3.00,3.00
2025,802506,Dylan O'Rae,Surprise Saguaros,2025-10-31,Mesa Solar Sox,True,False,825582,R,2B,7.0,1,3,0,0,4,1.000,1,0,4.00,5.14
2025,802506,Dylan O'Rae,Surprise Saguaros,2025-11-02,Glendale Desert Dogs,False,True,825658,R,2B,7.0,3,1,0,0,4,1.000,1,0,4.00,5.14
2025,802506,Dylan O'Rae,Surprise Saguaros,2025-11-05,Scottsdale Scorpions,True,False,825577,R,2B,9.0,3,4,0,0,7,1.000,1,0,7.00,7.00
2025,802506,Dylan O'Rae,Surprise Saguaros,2025-11-13,Mesa Solar Sox,True,True,825580,L,2B,9.0,1,0,0,0,1,1.000,0,0,1.00,1.00
2025,802506,Dylan O'Rae,Surprise Saguaros,2025-11-14,Peoria Javelinas,True,True,825572,W,2B,9.0,2,1,0,0,3,1.000,0,0,3.00,3.00
2025,694818,Hunter Owen,Surprise Saguaros,2025-10-08,Glendale Desert Dogs,True,True,825591,R,P,2.1,0,1,0,0,1,1.000,0,0,1.00,4.50
2025,694818,Hunter Owen,Surprise Saguaros,2025-10-17,Glendale Desert Dogs,True,False,825587,R,P,2.0,0,0,0,0,0,1.000,0,0,0.00,0.00
2025,685396,Nate Peterson,Surprise Saguaros,2025-10-15,Mesa Solar Sox,True,True,825589,R,P,2.0,0,2,0,0,2,1.000,0,0,2.00,9.00
2025,685396,Nate Peterson,Surprise Saguaros,2025-10-22,Scottsdale Scorpions,True,True,825586,R,P,2.2,0,0,0,0,0,1.000,0,0,0.00,0.00
2025,685396,Nate Peterson,Surprise Saguaros,2025-10-29,Scottsdale Scorpions,True,True,825583,R,P,0.2,0,0,0,0,0,1.000,0,0,0.00,0.00
2025,685396,Nate Peterson,Surprise Saguaros,2025-11-05,Scottsdale Scorpions,True,False,825577,R,P,3.0,1,0,0,0,1,1.000,0,0,1.00,3.00
2025,702550,Chandler Pollard,Surprise Saguaros,2025-10-16,Salt River Rafters,False,True,825633,R,SS,9.0,0,2,3,2,5,.400,0,0,2.00,2.00
2025,702550,Chandler Pollard,Surprise Saguaros,2025-10-18,Scottsdale Scorpions,False,False,825614,R,2B,6.0,2,0,0,0,2,.571,0,0,2.00,3.00
2025,702550,Chandler Pollard,Surprise Saguaros,2025-10-21,Glendale Desert Dogs,True,True,825664,R,3B,7.0,0,0,0,0,0,.571,0,0,0.00,0.00
2025,702550,Chandler Pollard,Surprise Saguaros,2025-10-23,Mesa Solar Sox,False,True,825600,R,3B,9.0,0,1,0,0,1,.625,0,0,1.00,1.00
2025,702550,Chandler Pollard,Surprise Saguaros,2025-10-25,Mesa Solar Sox,True,False,825585,R,2B,8.0,2,0,1,1,3,.636,0,0,2.00,2.25
2025,702550,Chandler Pollard,Surprise Saguaros,2025-10-28,Scottsdale Scorpions,False,False,825613,R,3B,8.0,0,1,0,0,1,.667,0,0,1.00,1.13
2025,702550,Chandler Pollard,Surprise Saguaros,2025-10-29,Scottsdale Scorpions,True,True,825583,R,3B,7.0,1,0,0,0,1,.692,0,0,1.00,1.29
2025,702550,Chandler Pollard,Surprise Saguaros,2025-11-01,Peoria Javelinas,True,True,825578,R,2B,9.0,2,0,0,0,2,.733,0,0,2.00,2.00
2025,702550,Chandler Pollard,Surprise Saguaros,2025-11-04,Salt River Rafters,True,True,825579,R,CF,9.0,3,0,0,0,3,.778,0,0,3.00,3.00
2025,702550,Chandler Pollard,Surprise Saguaros,2025-11-06,Salt River Rafters,False,True,825624,R,3B,7.0,0,0,0,0,0,.778,0,0,0.00,0.00
2025,702550,Chandler Pollard,Surprise Saguaros,2025-11-07,Salt River Rafters,True,True,825576,R,3B,9.0,1,3,0,0,4,.818,0,0,4.00,4.00
2025,702550,Chandler Pollard,Surprise Saguaros,2025-11-11,Salt River Rafters,False,False,825617,R,3B,6.0,0,5,0,0,5,.852,1,0,5.00,7.50
2025,702550,Chandler Pollard,Surprise Saguaros,2025-11-13,Mesa Solar Sox,True,True,825580,L,DH,0.0,0,0,0,0,0,.000,0,0,0.00,-.--
2025,702550,Chandler Pollard,Surprise Saguaros,2025-11-14,Peoria Javelinas,True,True,825572,W,CF,4.0,0,0,0,0,0,.000,0,0,0.00,0.00
2025,699707,Danyony Pulido,Surprise Saguaros,2025-11-06,Salt River Rafters,False,True,825624,R,P,0.2,0,0,0,0,0,.000,0,0,0.00,0.00
2025,699707,Danyony Pulido,Surprise Saguaros,2025-11-10,Peoria Javelinas,True,False,825575,R,P,1.0,0,0,0,0,0,.000,0,0,0.00,0.00
2025,699707,Danyony Pulido,Surprise Saguaros,2025-11-28,Sydney Blue Sox,False,False,825530,R,P,1.1,0,0,0,0,0,.000,0,0,0.00,0.00
2025,699707,Danyony Pulido,Surprise Saguaros,2025-12-05,Brisbane Bandits,True,True,825524,R,P,0.2,0,0,0,0,0,.000,0,0,0.00,0.00
2025,699707,Danyony Pulido,Surprise Saguaros,2025-12-07,Brisbane Bandits,True,False,825518,R,P,1.0,0,0,0,0,0,.000,0,0,0.00,0.00
2025,699707,Danyony Pulido,Surprise Saguaros,2025-12-11,Brisbane Bandits,False,False,825517,R,P,0.1,0,0,0,0,0,.000,0,0,0.00,0.00
2025,699707,Danyony Pulido,Surprise Saguaros,2025-12-13,Brisbane Bandits,False,True,825513,R,P,1.0,0,0,0,0,0,.000,0,0,0.00,0.00
2025,699707,Danyony Pulido,Surprise Saguaros,2025-12-18,Sydney Blue Sox,False,False,825505,R,P,0.1,0,0,0,0,0,.000,0,0,0.00,0.00
2025,699707,Danyony Pulido,Surprise Saguaros,2025-12-20,Sydney Blue Sox,False,True,825501,R,P,1.1,0,0,0,0,0,.000,0,0,0.00,0.00
2025,699707,Danyony Pulido,Surprise Saguaros,2025-12-26,Perth Heat,True,True,825500,R,P,1.0,0,0,0,0,0,.000,0,0,0.00,0.00
2025,699707,Danyony Pulido,Surprise Saguaros,2025-12-28,Perth Heat,True,True,825496,R,P,1.0,0,0,0,0,0,.000,0,0,0.00,0.00
2025,699707,Danyony Pulido,Surprise Saguaros,2026-01-01,Sydney Blue Sox,True,True,825493,R,P,1.0,0,0,0,0,0,.000,0,0,0.00,0.00
2025,699707,Danyony Pulido,Surprise Saguaros,2026-01-04,Sydney Blue Sox,True,False,825485,R,P,1.0,0,0,0,0,0,.000,0,0,0.00,0.00
2025,699707,Danyony Pulido,Surprise Saguaros,2026-01-08,Brisbane Bandits,False,True,825483,R,P,1.0,0,0,0,0,0,.000,0,0,0.00,0.00
2025,699707,Danyony Pulido,Surprise Saguaros,2026-01-10,Brisbane Bandits,False,True,825480,R,P,1.2,0,0,0,0,0,.000,0,0,0.00,0.00
2025,699707,Danyony Pulido,Surprise Saguaros,2026-01-16,Perth Heat,True,True,825475,R,P,1.0,0,1,0,0,1,1.000,0,0,1.00,9.00
2025,699707,Danyony Pulido,Surprise Saguaros,2026-01-18,Perth Heat,True,False,825470,R,P,1.0,0,0,0,0,0,1.000,0,0,0.00,0.00
2025,699707,Danyony Pulido,Surprise Saguaros,2026-01-25,Sydney Blue Sox,False,True,838661,W,P,1.0,0,0,0,0,0,.000,0,0,0.00,0.00
2025,804858,Bryan Rincon,Surprise Saguaros,2025-10-09,Peoria Javelinas,False,True,825652,R,SS,9.0,2,2,0,0,4,1.000,2,0,4.00,4.00
2025,804858,Bryan Rincon,Surprise Saguaros,2025-10-15,Mesa Solar Sox,True,True,825589,R,SS,9.0,2,1,0,0,3,1.000,0,0,3.00,3.00
2025,804858,Bryan Rincon,Surprise Saguaros,2025-10-17,Glendale Desert Dogs,True,False,825587,R,SS,9.0,2,2,0,0,4,1.000,1,0,4.00,4.00
2025,804858,Bryan Rincon,Surprise Saguaros,2025-10-19,Scottsdale Scorpions,False,False,825615,R,SS,7.0,2,3,1,1,6,.941,1,0,5.00,6.43
2025,804858,Bryan Rincon,Surprise Saguaros,2025-10-21,Glendale Desert Dogs,True,True,825664,R,SS,7.0,2,3,1,1,6,.913,1,0,5.00,6.43
2025,804858,Bryan Rincon,Surprise Saguaros,2025-10-23,Mesa Solar Sox,False,True,825600,R,SS,9.0,1,5,0,0,6,.931,2,0,6.00,6.00
2025,804858,Bryan Rincon,Surprise Saguaros,2025-10-26,Peoria Javelinas,True,True,825584,R,SS,9.0,2,3,0,0,5,.941,0,0,5.00,5.00
2025,804858,Bryan Rincon,Surprise Saguaros,2025-10-29,Scottsdale Scorpions,True,True,825583,R,SS,7.0,2,1,2,1,5,.897,0,0,3.00,3.86
2025,804858,Bryan Rincon,Surprise Saguaros,2025-10-30,Peoria Javelinas,False,False,825642,R,3B,9.0,0,1,0,0,1,.900,0,0,1.00,1.00
2025,804858,Bryan Rincon,Surprise Saguaros,2025-11-01,Peoria Javelinas,True,True,825578,R,SS,9.0,0,0,0,0,0,.900,0,0,0.00,0.00
2025,804858,Bryan Rincon,Surprise Saguaros,2025-11-04,Salt River Rafters,True,True,825579,R,SS,9.0,0,1,0,0,1,.902,0,0,1.00,1.00
2025,804858,Bryan Rincon,Surprise Saguaros,2025-11-06,Salt River Rafters,False,True,825624,R,SS,7.0,2,2,1,0,5,.891,0,0,4.00,5.14
2025,804858,Bryan Rincon,Surprise Saguaros,2025-11-10,Peoria Javelinas,True,False,825575,R,SS,7.0,1,1,1,1,3,.878,0,0,2.00,2.57
2025,804858,Bryan Rincon,Surprise Saguaros,2025-11-11,Salt River Rafters,False,False,825617,R,SS,6.0,0,1,0,0,1,.880,0,0,1.00,1.50
2025,811287,Carson Roccaforte,Surprise Saguaros,2025-10-07,Mesa Solar Sox,False,True,825607,R,LF,4.0,0,0,0,0,0,.000,0,0,0.00,0.00
2025,811287,Carson Roccaforte,Surprise Saguaros,2025-10-07,Mesa Solar Sox,False,True,825607,R,CF,5.0,1,0,0,0,1,1.000,0,0,1.00,1.80
2025,811287,Carson Roccaforte,Surprise Saguaros,2025-10-08,Glendale Desert Dogs,True,True,825591,R,CF,10.0,2,0,0,0,2,1.000,0,0,2.00,1.80
2025,811287,Carson Roccaforte,Surprise Saguaros,2025-10-14,Mesa Solar Sox,False,False,825604,R,CF,8.0,4,0,0,0,4,1.000,0,0,4.00,4.50
2025,811287,Carson Roccaforte,Surprise Saguaros,2025-10-15,Mesa Solar Sox,True,True,825589,R,CF,9.0,1,0,0,0,1,1.000,0,0,1.00,1.00
2025,811287,Carson Roccaforte,Surprise Saguaros,2025-10-16,Salt River Rafters,False,True,825633,R,CF,9.0,2,0,0,0,2,1.000,0,0,2.00,2.00
2025,811287,Carson Roccaforte,Surprise Saguaros,2025-10-18,Scottsdale Scorpions,False,False,825614,R,CF,6.0,2,0,0,0,2,1.000,0,0,2.00,3.00
2025,811287,Carson Roccaforte,Surprise Saguaros,2025-10-19,Scottsdale Scorpions,False,False,825615,R,DH,0.0,0,0,0,0,0,1.000,0,0,0.00,-.--
2025,811287,Carson Roccaforte,Surprise Saguaros,2025-10-21,Glendale Desert Dogs,True,True,825581,R,CF,7.0,1,1,0,0,2,1.000,0,0,2.00,2.57
2025,811287,Carson Roccaforte,Surprise Saguaros,2025-10-22,Scottsdale Scorpions,True,True,825586,R,CF,9.0,1,0,0,0,1,1.000,0,0,1.00,1.00
2025,811287,Carson Roccaforte,Surprise Saguaros,2025-10-25,Mesa Solar Sox,True,False,825585,R,RF,10.0,2,0,0,0,2,1.000,0,0,2.00,1.80
2025,811287,Carson Roccaforte,Surprise Saguaros,2025-10-28,Scottsdale Scorpions,False,False,825613,R,LF,8.0,2,0,0,0,2,1.000,0,0,2.00,2.25
2025,811287,Carson Roccaforte,Surprise Saguaros,2025-10-30,Peoria Javelinas,False,False,825642,R,CF,9.0,2,1,0,0,3,1.000,0,0,3.00,3.00
2025,811287,Carson Roccaforte,Surprise Saguaros,2025-10-31,Mesa Solar Sox,True,False,825582,R,RF,7.0,3,0,0,0,3,1.000,0,0,3.00,3.86
2025,811287,Carson Roccaforte,Surprise Saguaros,2025-11-02,Glendale Desert Dogs,False,True,825658,R,RF,7.0,0,0,0,0,0,1.000,0,0,0.00,0.00
2025,811287,Carson Roccaforte,Surprise Saguaros,2025-11-05,Scottsdale Scorpions,True,False,825577,R,RF,9.0,4,0,0,0,4,1.000,0,0,4.00,4.00
2025,811287,Carson Roccaforte,Surprise Saguaros,2025-11-06,Salt River Rafters,False,True,825624,R,CF,7.0,1,0,0,0,1,1.000,0,0,1.00,1.29
2025,811287,Carson Roccaforte,Surprise Saguaros,2025-11-07,Salt River Rafters,True,True,825576,R,DH,0.0,0,0,0,0,0,1.000,0,0,0.00,-.--
2025,811287,Carson Roccaforte,Surprise Saguaros,2025-11-10,Peoria Javelinas,True,False,825575,R,RF,7.0,2,0,0,0,2,1.000,0,0,2.00,2.57
2025,806210,Alfonsin Rosario,Surprise Saguaros,2025-10-23,Mesa Solar Sox,False,True,825600,R,RF,9.0,2,0,1,1,3,.667,0,0,2.00,2.00
2025,806210,Alfonsin Rosario,Surprise Saguaros,2025-10-25,Mesa Solar Sox,True,False,825585,R,DH,0.0,0,0,0,0,0,.667,0,0,0.00,-.--
2025,806210,Alfonsin Rosario,Surprise Saguaros,2025-10-26,Peoria Javelinas,True,True,825584,R,RF,9.0,3,0,0,0,3,.833,0,0,3.00,3.00
2025,806210,Alfonsin Rosario,Surprise Saguaros,2025-10-29,Scottsdale Scorpions,True,True,825583,R,DH,0.0,0,0,0,0,0,.833,0,0,0.00,-.--
2025,806210,Alfonsin Rosario,Surprise Saguaros,2025-10-30,Peoria Javelinas,False,False,825642,R,RF,9.0,2,0,0,0,2,.875,0,0,2.00,2.00
2025,806210,Alfonsin Rosario,Surprise Saguaros,2025-11-01,Peoria Javelinas,True,True,825578,R,DH,0.0,0,0,0,0,0,.875,0,0,0.00,-.--
2025,806210,Alfonsin Rosario,Surprise Saguaros,2025-11-04,Salt River Rafters,True,True,825579,R,RF,9.0,2,0,0,0,2,.900,0,0,2.00,2.00
2025,806210,Alfonsin Rosario,Surprise Saguaros,2025-11-05,Scottsdale Scorpions,True,False,825577,R,DH,0.0,0,0,0,0,0,.900,0,0,0.00,-.--
2025,806210,Alfonsin Rosario,Surprise Saguaros,2025-11-07,Salt River Rafters,True,True,825576,R,RF,9.0,2,0,0,0,2,.917,0,0,2.00,2.00
2025,806210,Alfonsin Rosario,Surprise Saguaros,2025-11-11,Salt River Rafters,False,False,825617,R,RF,6.0,1,0,0,0,1,.923,0,0,1.00,1.50
2025,692437,Winston Santos,Surprise Saguaros,2025-10-14,Mesa Solar Sox,False,False,825604,R,P,3.0,0,0,0,0,0,.000,0,0,0.00,0.00
2025,692437,Winston Santos,Surprise Saguaros,2025-10-21,Glendale Desert Dogs,True,True,825664,R,P,4.0,0,1,0,0,1,1.000,0,0,1.00,2.25
2025,692437,Winston Santos,Surprise Saguaros,2025-10-28,Scottsdale Scorpions,False,False,825613,R,P,3.1,0,0,0,0,0,1.000,0,0,0.00,0.00
2025,692437,Winston Santos,Surprise Saguaros,2025-11-04,Salt River Rafters,True,True,825579,R,P,4.0,0,0,0,0,0,1.000,0,0,0.00,0.00
2025,692437,Winston Santos,Surprise Saguaros,2025-11-10,Peoria Javelinas,True,False,825575,R,P,4.0,1,0,0,0,1,1.000,0,0,1.00,2.25
2025,693713,Emiliano Teodo,Surprise Saguaros,2025-10-07,Mesa Solar Sox,False,True,825607,R,P,1.0,0,0,0,0,0,.000,0,0,0.00,0.00
2025,693713,Emiliano Teodo,Surprise Saguaros,2025-10-15,Mesa Solar Sox,True,True,825589,R,P,1.0,0,0,0,0,0,.000,0,0,0.00,0.00
2025,693713,Emiliano Teodo,Surprise Saguaros,2025-10-19,Scottsdale Scorpions,False,False,825615,R,P,1.0,0,0,0,0,0,.000,0,0,0.00,0.00
2025,693713,Emiliano Teodo,Surprise Saguaros,2025-10-23,Mesa Solar Sox,False,True,825600,R,P,1.0,0,0,0,0,0,.000,0,0,0.00,0.00
2025,694187,Daniel Vazquez,Surprise Saguaros,2025-10-07,Mesa Solar Sox,False,True,825607,R,3B,9.0,0,0,0,0,0,.000,0,0,0.00,0.00
2025,694187,Daniel Vazquez,Surprise Saguaros,2025-10-08,Glendale Desert Dogs,True,True,825591,R,SS,10.0,1,1,1,1,3,.667,0,0,2.00,1.80
2025,694187,Daniel Vazquez,Surprise Saguaros,2025-10-14,Mesa Solar Sox,False,False,825604,R,SS,8.0,1,3,0,0,4,.857,0,0,4.00,4.50
2025,694187,Daniel Vazquez,Surprise Saguaros,2025-10-15,Mesa Solar Sox,True,True,825589,R,3B,9.0,0,1,0,0,1,.875,0,0,1.00,1.00
2025,694187,Daniel Vazquez,Surprise Saguaros,2025-10-16,Salt River Rafters,False,True,825633,R,3B,9.0,0,2,0,0,2,.900,1,0,2.00,2.00
2025,694187,Daniel Vazquez,Surprise Saguaros,2025-10-17,Glendale Desert Dogs,True,False,825587,R,DH,0.0,0,0,0,0,0,.900,0,0,0.00,-.--
2025,694187,Daniel Vazquez,Surprise Saguaros,2025-10-18,Scottsdale Scorpions,False,False,825614,R,SS,6.0,0,1,0,0,1,.909,0,0,1.00,1.50
2025,694187,Daniel Vazquez,Surprise Saguaros,2025-10-19,Scottsdale Scorpions,False,False,825615,R,3B,7.0,1,1,0,0,2,.923,1,0,2.00,2.57
2025,694187,Daniel Vazquez,Surprise Saguaros,2025-10-21,Glendale Desert Dogs,True,True,825581,R,SS,7.0,0,3,0,0,3,.938,0,0,3.00,3.86
2025,694187,Daniel Vazquez,Surprise Saguaros,2025-10-22,Scottsdale Scorpions,True,True,825586,R,SS,9.0,0,3,0,0,3,.947,0,0,3.00,3.00
2025,694187,Daniel Vazquez,Surprise Saguaros,2025-10-23,Mesa Solar Sox,False,True,825600,R,DH,0.0,0,0,0,0,0,.947,0,0,0.00,-.--
2025,694187,Daniel Vazquez,Surprise Saguaros,2025-10-25,Mesa Solar Sox,True,False,825585,R,SS,10.0,1,5,0,0,6,.960,0,0,6.00,5.40
2025,694187,Daniel Vazquez,Surprise Saguaros,2025-10-26,Peoria Javelinas,True,True,825584,R,3B,9.0,1,3,0,0,4,.966,0,0,4.00,4.00
2025,694187,Daniel Vazquez,Surprise Saguaros,2025-10-28,Scottsdale Scorpions,False,False,825613,R,SS,8.0,0,4,0,0,4,.970,0,0,4.00,4.50
2025,694187,Daniel Vazquez,Surprise Saguaros,2025-10-30,Peoria Javelinas,False,False,825642,R,SS,9.0,1,2,0,0,3,.972,0,0,3.00,3.00
2025,694187,Daniel Vazquez,Surprise Saguaros,2025-10-31,Mesa Solar Sox,True,False,825582,R,SS,7.0,0,2,0,0,2,.974,0,0,2.00,2.57
2025,694187,Daniel Vazquez,Surprise Saguaros,2025-11-01,Peoria Javelinas,True,True,825578,R,3B,9.0,0,1,0,0,1,.974,0,0,1.00,1.00
2025,694187,Daniel Vazquez,Surprise Saguaros,2025-11-02,Glendale Desert Dogs,False,True,825658,R,SS,7.0,1,1,0,0,2,.976,1,0,2.00,2.57
2025,694187,Daniel Vazquez,Surprise Saguaros,2025-11-04,Salt River Rafters,True,True,825579,R,3B,9.0,0,0,0,0,0,.976,0,0,0.00,0.00
2025,694187,Daniel Vazquez,Surprise Saguaros,2025-11-05,Scottsdale Scorpions,True,False,825577,R,SS,9.0,1,1,0,0,2,.977,1,0,2.00,2.00
2025,694187,Daniel Vazquez,Surprise Saguaros,2025-11-07,Salt River Rafters,True,True,825576,R,SS,9.0,0,5,0,0,5,.979,1,0,5.00,5.00
2025,694187,Daniel Vazquez,Surprise Saguaros,2025-11-10,Peoria Javelinas,True,False,825575,R,3B,7.0,1,1,0,0,2,.980,1,0,2.00,2.57
2025,694187,Daniel Vazquez,Surprise Saguaros,2025-11-13,Mesa Solar Sox,True,True,825580,L,SS,9.0,0,5,0,0,5,1.000,0,0,5.00,5.00
2025,694187,Daniel Vazquez,Surprise Saguaros,2025-11-14,Peoria Javelinas,True,True,825572,W,SS,9.0,2,2,0,0,4,1.000,0,0,4.00,4.00
2025,806964,Sebastian Walcott,Surprise Saguaros,2025-10-07,Mesa Solar Sox,False,True,825607,R,SS,9.0,1,2,0,0,3,1.000,0,0,3.00,3.00
2025,694757,Maui Ahuna,Scottsdale Scorpions,2025-10-08,Salt River Rafters,True,True,825619,R,2B,9.0,2,2,0,0,4,1.000,0,0,4.00,4.00
2025,694757,Maui Ahuna,Scottsdale Scorpions,2025-10-10,Mesa Solar Sox,True,True,825620,R,SS,9.0,0,1,0,0,1,1.000,0,0,1.00,1.00
2025,694757,Maui Ahuna,Scottsdale Scorpions,2025-10-14,Peoria Javelinas,False,True,825649,R,2B,9.0,3,2,0,0,5,1.000,0,0,5.00,5.00
2025,694757,Maui Ahuna,Scottsdale Scorpions,2025-10-16,Glendale Desert Dogs,True,True,825621,R,SS,9.0,2,3,0,0,5,1.000,1,0,5.00,5.00
2025,694757,Maui Ahuna,Scottsdale Scorpions,2025-10-19,Surprise Saguaros,True,True,825615,R,SS,7.1,2,1,0,0,3,1.000,0,0,3.00,3.86
2025,694757,Maui Ahuna,Scottsdale Scorpions,2025-10-21,Peoria Javelinas,False,False,825616,R,2B,6.0,0,2,0,0,2,1.000,1,0,2.00,3.00
2025,694757,Maui Ahuna,Scottsdale Scorpions,2025-10-22,Surprise Saguaros,False,False,825586,R,SS,8.0,2,0,0,0,2,1.000,0,0,2.00,2.25
2025,694757,Maui Ahuna,Scottsdale Scorpions,2025-10-24,Salt River Rafters,False,True,825629,R,SS,10.0,1,1,0,0,2,1.000,0,0,2.00,1.80
2025,694757,Maui Ahuna,Scottsdale Scorpions,2025-10-28,Surprise Saguaros,True,True,825613,R,2B,9.0,3,2,2,0,7,.935,1,0,5.00,5.00
2025,694757,Maui Ahuna,Scottsdale Scorpions,2025-11-06,Mesa Solar Sox,False,True,825593,R,2B,7.0,3,3,0,0,6,.946,1,0,6.00,7.71
2025,694757,Maui Ahuna,Scottsdale Scorpions,2025-11-10,Salt River Rafters,False,False,825623,R,2B,6.0,1,0,0,0,1,.947,0,0,1.00,1.50
2025,692454,Pablo Aldonis,Scottsdale Scorpions,2025-10-08,Salt River Rafters,True,True,825619,R,P,2.0,0,0,0,0,0,.000,0,0,0.00,0.00
2025,692454,Pablo Aldonis,Scottsdale Scorpions,2025-10-15,Salt River Rafters,True,False,825622,R,P,2.0,0,0,0,0,0,.000,0,0,0.00,0.00
2025,692454,Pablo Aldonis,Scottsdale Scorpions,2025-10-18,Surprise Saguaros,True,True,825614,R,P,2.0,0,1,0,0,1,1.000,0,0,1.00,4.50
2025,692454,Pablo Aldonis,Scottsdale Scorpions,2025-10-23,Peoria Javelinas,False,True,825638,R,P,2.0,0,1,0,0,1,1.000,0,0,1.00,4.50
2025,692454,Pablo Aldonis,Scottsdale Scorpions,2025-10-30,Glendale Desert Dogs,True,True,825612,R,P,1.1,0,0,0,0,0,1.000,0,0,0.00,0.00
2025,692454,Pablo Aldonis,Scottsdale Scorpions,2025-11-04,Mesa Solar Sox,False,False,825596,R,P,2.0,1,0,0,0,1,1.000,0,0,1.00,4.50
2025,692454,Pablo Aldonis,Scottsdale Scorpions,2025-11-13,Peoria Javelinas,True,False,825571,L,P,1.1,0,0,0,0,0,.000,0,0,0.00,0.00
2025,694544,Austin Amaral,Scottsdale Scorpions,2025-10-06,Peoria Javelinas,True,False,825618,R,P,1.0,0,0,0,0,0,.000,0,0,0.00,0.00
2025,694544,Austin Amaral,Scottsdale Scorpions,2025-10-09,Glendale Desert Dogs,False,False,825666,R,P,0.2,0,0,0,0,0,.000,0,0,0.00,0.00
2025,694544,Austin Amaral,Scottsdale Scorpions,2025-10-15,Salt River Rafters,True,False,825622,R,P,0.2,0,1,0,0,1,1.000,0,0,1.00,0.00
2025,694544,Austin Amaral,Scottsdale Scorpions,2025-10-19,Surprise Saguaros,True,True,825615,R,P,2.0,1,0,0,0,1,1.000,0,0,1.00,4.50
2025,694544,Austin Amaral,Scottsdale Scorpions,2025-10-23,Peoria Javelinas,False,True,825638,R,P,1.0,0,0,0,0,0,1.000,0,0,0.00,0.00
2025,694544,Austin Amaral,Scottsdale Scorpions,2025-10-30,Glendale Desert Dogs,True,True,825612,R,P,2.0,0,1,0,0,1,1.000,0,0,1.00,4.50
2025,694544,Austin Amaral,Scottsdale Scorpions,2025-11-04,Mesa Solar Sox,False,False,825596,R,P,2.0,0,0,0,0,0,1.000,0,0,0.00,0.00
2025,694544,Austin Amaral,Scottsdale Scorpions,2025-11-07,Glendale Desert Dogs,False,False,825655,R,P,0.1,0,0,0,0,0,1.000,0,0,0.00,0.00
2025,694544,Austin Amaral,Scottsdale Scorpions,2025-11-10,Salt River Rafters,False,False,825623,R,P,1.0,0,1,0,0,1,1.000,0,0,1.00,9.00
2025,694544,Austin Amaral,Scottsdale Scorpions,2025-11-13,Peoria Javelinas,True,False,825571,L,P,1.0,0,0,0,0,0,.000,0,0,0.00,0.00
2025,801194,Max Anderson,Scottsdale Scorpions,2025-10-06,Peoria Javelinas,True,False,825618,R,3B,9.0,0,2,1,0,3,.667,0,0,2.00,2.00
2025,801194,Max Anderson,Scottsdale Scorpions,2025-10-09,Glendale Desert Dogs,False,False,825666,R,3B,8.0,1,1,0,0,2,.800,0,0,2.00,2.25
2025,801194,Max Anderson,Scottsdale Scorpions,2025-10-14,Peoria Javelinas,False,True,825649,R,3B,9.0,1,1,0,0,2,.857,0,0,2.00,2.00
2025,801194,Max Anderson,Scottsdale Scorpions,2025-10-17,Mesa Solar Sox,False,True,825595,R,3B,9.0,1,2,0,0,3,.900,0,0,3.00,3.00
2025,801194,Max Anderson,Scottsdale Scorpions,2025-10-19,Surprise Saguaros,True,True,825615,R,DH,0.0,0,0,0,0,0,.900,0,0,0.00,-.--
2025,801194,Max Anderson,Scottsdale Scorpions,2025-10-21,Peoria Javelinas,False,True,825646,R,3B,7.0,1,0,0,0,1,.909,0,0,1.00,1.29
2025,801194,Max Anderson,Scottsdale Scorpions,2025-10-23,Peoria Javelinas,False,True,825638,R,DH,0.0,0,0,0,0,0,.909,0,0,0.00,-.--
2025,801194,Max Anderson,Scottsdale Scorpions,2025-10-24,Salt River Rafters,False,True,825629,R,DH,0.0,0,0,0,0,0,.909,0,0,0.00,-.--
2025,801194,Max Anderson,Scottsdale Scorpions,2025-10-28,Surprise Saguaros,True,True,825613,R,3B,9.0,0,1,0,0,1,.917,0,0,1.00,1.00
2025,801194,Max Anderson,Scottsdale Scorpions,2025-10-30,Glendale Desert Dogs,True,True,825612,R,DH,0.0,0,0,0,0,0,.917,0,0,0.00,-.--
2025,801194,Max Anderson,Scottsdale Scorpions,2025-11-01,Salt River Rafters,True,True,825611,R,3B,9.0,0,3,0,0,3,.933,0,0,3.00,3.00
2025,801194,Max Anderson,Scottsdale Scorpions,2025-11-04,Mesa Solar Sox,False,False,825596,R,3B,8.0,1,3,1,0,5,.900,1,0,4.00,4.50
2025,801194,Max Anderson,Scottsdale Scorpions,2025-11-06,Mesa Solar Sox,False,True,825593,R,DH,0.0,0,0,0,0,0,.900,0,0,0.00,-.--
2025,801194,Max Anderson,Scottsdale Scorpions,2025-11-10,Salt River Rafters,False,False,825623,R,3B,6.0,1,0,0,0,1,.905,0,0,1.00,1.50
2025,801194,Max Anderson,Scottsdale Scorpions,2025-11-13,Peoria Javelinas,True,False,825571,L,DH,0.0,0,0,0,0,0,.000,0,0,0.00,-.--
2025,688781,Brett Banks,Scottsdale Scorpions,2025-10-08,Salt River Rafters,True,True,825619,R,P,1.0,0,0,0,0,0,.000,0,0,0.00,0.00
2025,688781,Brett Banks,Scottsdale Scorpions,2025-10-15,Salt River Rafters,True,False,825622,R,P,1.0,0,0,0,0,0,.000,0,0,0.00,0.00
2025,688781,Brett Banks,Scottsdale Scorpions,2025-10-18,Surprise Saguaros,True,True,825614,R,P,0.1,0,0,0,0,0,.000,0,0,0.00,0.00
2025,688781,Brett Banks,Scottsdale Scorpions,2025-10-22,Surprise Saguaros,False,False,825586,R,P,1.2,0,0,0,0,0,.000,0,0,0.00,0.00
2025,688781,Brett Banks,Scottsdale Scorpions,2025-10-28,Surprise Saguaros,True,True,825613,R,P,1.0,0,0,0,0,0,.000,0,0,0.00,0.00
2025,688781,Brett Banks,Scottsdale Scorpions,2025-11-02,Peoria Javelinas,True,True,825610,R,P,1.0,0,0,0,0,0,.000,0,0,0.00,0.00
2025,700083,John Bay,Scottsdale Scorpions,2025-11-04,Mesa Solar Sox,False,False,825596,R,LF,8.0,1,0,1,1,2,.500,0,0,1.00,1.13
2025,700083,John Bay,Scottsdale Scorpions,2025-11-07,Glendale Desert Dogs,False,False,825655,R,RF,8.0,2,0,0,0,2,.750,0,0,2.00,2.25
2025,700083,John Bay,Scottsdale Scorpions,2025-11-11,Glendale Desert Dogs,True,False,825608,R,LF,7.0,3,0,0,0,3,.857,0,0,3.00,3.86
2025,687562,Jake Bennett,Scottsdale Scorpions,2025-10-06,Peoria Javelinas,True,False,825618,R,P,4.0,0,0,0,0,0,.000,0,0,0.00,0.00
2025,687562,Jake Bennett,Scottsdale Scorpions,2025-10-14,Peoria Javelinas,False,True,825649,R,P,4.0,0,0,0,0,0,.000,0,0,0.00,0.00
2025,687562,Jake Bennett,Scottsdale Scorpions,2025-10-19,Surprise Saguaros,True,True,825615,R,P,3.0,0,0,0,0,0,.000,0,0,0.00,0.00
2025,687562,Jake Bennett,Scottsdale Scorpions,2025-10-26,Mesa Solar Sox,True,True,825609,R,P,4.0,0,0,0,0,0,.000,0,0,0.00,0.00
2025,687562,Jake Bennett,Scottsdale Scorpions,2025-11-01,Salt River Rafters,True,True,825611,R,P,5.0,0,2,0,0,2,1.000,0,0,2.00,3.60
2025,820901,Anderson Brito,Scottsdale Scorpions,2025-10-10,Mesa Solar Sox,True,True,825620,R,P,2.2,0,1,0,0,1,1.000,0,0,1.00,4.50
2025,820901,Anderson Brito,Scottsdale Scorpions,2025-10-17,Mesa Solar Sox,False,True,825595,R,P,3.0,0,0,0,0,0,1.000,0,0,0.00,0.00
2025,820901,Anderson Brito,Scottsdale Scorpions,2025-10-24,Salt River Rafters,False,True,825629,R,P,2.2,1,0,0,0,1,1.000,0,0,1.00,4.50
2025,820901,Anderson Brito,Scottsdale Scorpions,2025-10-31,Salt River Rafters,False,True,825626,R,P,3.0,1,0,0,0,1,1.000,0,0,1.00,3.00
2025,813844,Will Bush,Scottsdale Scorpions,2025-10-16,Glendale Desert Dogs,True,True,825621,R,1B,9.0,11,0,0,0,11,1.000,1,0,11.00,11.00
2025,813844,Will Bush,Scottsdale Scorpions,2025-10-18,Surprise Saguaros,True,True,825614,R,DH,0.0,0,0,0,0,0,1.000,0,0,0.00,-.--
2025,813844,Will Bush,Scottsdale Scorpions,2025-10-19,Surprise Saguaros,True,True,825615,R,1B,1.1,1,0,0,0,1,1.000,0,0,1.00,9.00
2025,813844,Will Bush,Scottsdale Scorpions,2025-10-21,Peoria Javelinas,False,False,825616,R,DH,0.0,0,0,0,0,0,1.000,0,0,0.00,-.--
2025,813844,Will Bush,Scottsdale Scorpions,2025-10-22,Surprise Saguaros,False,False,825586,R,1B,8.0,3,0,1,0,4,.938,0,0,3.00,3.38
2025,813844,Will Bush,Scottsdale Scorpions,2025-10-28,Surprise Saguaros,True,True,825613,R,DH,0.0,0,0,0,0,0,.938,0,0,0.00,-.--
2025,813844,Will Bush,Scottsdale Scorpions,2025-10-30,Glendale Desert Dogs,True,True,825612,R,1B,9.0,8,0,0,0,8,.958,0,0,8.00,8.00
2025,813844,Will Bush,Scottsdale Scorpions,2025-11-01,Salt River Rafters,True,True,825611,R,1B,9.0,13,0,1,0,14,.947,0,0,13.00,13.00
2025,813844,Will Bush,Scottsdale Scorpions,2025-11-02,Peoria Javelinas,True,True,825610,R,1B,9.0,8,1,0,0,9,.957,2,0,9.00,9.00
2025,813844,Will Bush,Scottsdale Scorpions,2025-11-05,Surprise Saguaros,False,True,825577,R,1B,9.0,10,0,0,0,10,.965,0,0,10.00,10.00
2025,813844,Will Bush,Scottsdale Scorpions,2025-11-06,Mesa Solar Sox,False,True,825593,R,1B,7.0,7,0,0,0,7,.969,1,0,7.00,9.00
2025,813844,Will Bush,Scottsdale Scorpions,2025-11-11,Glendale Desert Dogs,True,False,825608,R,1B,7.0,8,0,0,0,8,.972,0,0,8.00,10.29
2025,698962,Ricardo Estrada,Scottsdale Scorpions,2025-10-09,Glendale Desert Dogs,False,False,825666,R,P,1.1,0,0,0,0,0,.000,0,0,0.00,0.00
2025,698962,Ricardo Estrada,Scottsdale Scorpions,2025-10-16,Glendale Desert Dogs,True,True,825621,R,P,1.2,0,0,0,0,0,.000,0,0,0.00,0.00
2025,698962,Ricardo Estrada,Scottsdale Scorpions,2025-10-21,Peoria Javelinas,False,True,825646,R,P,2.0,0,0,0,0,0,.000,0,0,0.00,0.00
2025,698962,Ricardo Estrada,Scottsdale Scorpions,2025-10-28,Surprise Saguaros,True,True,825613,R,P,2.0,0,0,0,0,0,.000,0,0,0.00,0.00
2025,698962,Ricardo Estrada,Scottsdale Scorpions,2025-11-02,Peoria Javelinas,True,True,825610,R,P,2.0,0,0,1,1,1,.000,0,0,0.00,0.00
2025,698962,Ricardo Estrada,Scottsdale Scorpions,2025-11-06,Mesa Solar Sox,False,True,825593,R,P,2.0,0,0,0,0,0,.000,0,0,0.00,0.00
2025,698962,Ricardo Estrada,Scottsdale Scorpions,2025-11-13,Peoria Javelinas,True,False,825571,L,P,2.0,0,0,0,0,0,.000,0,0,0.00,0.00
2025,829338,Dariel Fregio,Scottsdale Scorpions,2025-10-08,Salt River Rafters,True,True,825619,R,P,2.0,0,0,0,0,0,.000,0,0,0.00,0.00
2025,829338,Dariel Fregio,Scottsdale Scorpions,2025-10-14,Peoria Javelinas,False,True,825649,R,P,1.0,0,0,0,0,0,.000,0,0,0.00,0.00
2025,829338,Dariel Fregio,Scottsdale Scorpions,2025-10-17,Mesa Solar Sox,False,True,825595,R,P,1.0,0,0,0,0,0,.000,0,0,0.00,0.00
2025,829338,Dariel Fregio,Scottsdale Scorpions,2025-10-22,Surprise Saguaros,False,False,825586,R,P,2.0,0,0,0,0,0,.000,0,0,0.00,0.00
2025,829338,Dariel Fregio,Scottsdale Scorpions,2025-10-26,Mesa Solar Sox,True,True,825609,R,P,1.0,0,0,0,0,0,.000,0,0,0.00,0.00
2025,829338,Dariel Fregio,Scottsdale Scorpions,2025-10-30,Glendale Desert Dogs,True,True,825612,R,P,1.1,0,0,0,0,0,.000,0,0,0.00,0.00
2025,829338,Dariel Fregio,Scottsdale Scorpions,2025-11-04,Mesa Solar Sox,False,False,825596,R,P,0.2,0,0,0,0,0,.000,0,0,0.00,0.00
2025,829338,Dariel Fregio,Scottsdale Scorpions,2025-11-07,Glendale Desert Dogs,False,False,825655,R,P,1.0,0,0,0,0,0,.000,0,0,0.00,0.00
2025,829338,Dariel Fregio,Scottsdale Scorpions,2025-11-13,Peoria Javelinas,True,False,825571,L,P,1.1,0,0,0,0,0,.000,0,0,0.00,0.00
2025,801221,Pedro Garcia,Scottsdale Scorpions,2025-10-29,Surprise Saguaros,False,False,825583,R,P,1.0,0,0,0,0,0,.000,0,0,0.00,0.00
2025,801221,Pedro Garcia,Scottsdale Scorpions,2025-11-04,Mesa Solar Sox,False,False,825596,R,P,1.0,0,0,1,1,1,.000,0,0,0.00,0.00
2025,801221,Pedro Garcia,Scottsdale Scorpions,2025-11-07,Glendale Desert Dogs,False,False,825655,R,P,2.0,0,0,0,0,0,.000,0,0,0.00,0.00
2025,801221,Pedro Garcia,Scottsdale Scorpions,2025-11-11,Glendale Desert Dogs,True,False,825608,R,P,1.1,0,0,0,0,0,.000,0,0,0.00,0.00
2025,802363,Jordan Geber,Scottsdale Scorpions,2025-10-23,Peoria Javelinas,False,True,825638,R,P,1.0,0,0,0,0,0,.000,0,0,0.00,0.00
2025,802363,Jordan Geber,Scottsdale Scorpions,2025-11-01,Salt River Rafters,True,True,825611,R,P,1.0,0,0,0,0,0,.000,0,0,0.00,0.00
2025,802363,Jordan Geber,Scottsdale Scorpions,2025-11-05,Surprise Saguaros,False,True,825577,R,P,1.1,0,1,0,0,1,1.000,0,0,1.00,9.00
2025,802363,Jordan Geber,Scottsdale Scorpions,2025-11-11,Glendale Desert Dogs,True,False,825608,R,P,0.2,0,0,0,0,0,1.000,0,0,0.00,0.00
2025,692238,Parks Harber,Scottsdale Scorpions,2025-10-06,Peoria Javelinas,True,False,825618,R,1B,9.0,11,0,0,0,11,1.000,2,0,11.00,11.00
2025,692238,Parks Harber,Scottsdale Scorpions,2025-10-09,Glendale Desert Dogs,False,False,825666,R,1B,8.0,5,0,0,0,5,1.000,1,0,5.00,5.63
2025,692238,Parks Harber,Scottsdale Scorpions,2025-10-14,Peoria Javelinas,False,True,825649,R,1B,9.0,4,0,0,0,4,1.000,0,0,4.00,4.00
2025,692238,Parks Harber,Scottsdale Scorpions,2025-10-15,Salt River Rafters,True,False,825622,R,1B,9.0,9,2,0,0,11,1.000,0,0,11.00,11.00
2025,692238,Parks Harber,Scottsdale Scorpions,2025-10-18,Surprise Saguaros,True,True,825614,R,1B,7.0,6,0,0,0,6,1.000,1,0,6.00,7.71
2025,692238,Parks Harber,Scottsdale Scorpions,2025-10-21,Peoria Javelinas,False,False,825616,R,1B,6.0,7,0,0,0,7,1.000,1,0,7.00,10.50
2025,692238,Parks Harber,Scottsdale Scorpions,2025-10-23,Peoria Javelinas,False,True,825638,R,1B,7.0,6,0,0,0,6,1.000,1,0,6.00,7.71
2025,692238,Parks Harber,Scottsdale Scorpions,2025-10-24,Salt River Rafters,False,True,825629,R,RF,10.0,0,0,0,0,0,1.000,0,0,0.00,0.00
2025,692238,Parks Harber,Scottsdale Scorpions,2025-10-26,Mesa Solar Sox,True,True,825609,R,1B,9.0,7,0,0,0,7,1.000,0,0,7.00,7.00
2025,692238,Parks Harber,Scottsdale Scorpions,2025-10-28,Surprise Saguaros,True,True,825613,R,1B,9.0,7,2,0,0,9,1.000,2,0,9.00,9.00
2025,692238,Parks Harber,Scottsdale Scorpions,2025-10-29,Surprise Saguaros,False,False,825583,R,3B,6.0,1,1,0,0,2,1.000,0,0,2.00,3.00
2025,692238,Parks Harber,Scottsdale Scorpions,2025-10-30,Glendale Desert Dogs,True,True,825612,R,RF,9.0,4,0,0,0,4,1.000,0,0,4.00,4.00
2025,692238,Parks Harber,Scottsdale Scorpions,2025-10-31,Salt River Rafters,False,True,825626,R,DH,0.0,0,0,0,0,0,1.000,0,0,0.00,-.--
2025,692238,Parks Harber,Scottsdale Scorpions,2025-11-04,Mesa Solar Sox,False,False,825596,R,1B,8.0,9,1,0,0,10,1.000,1,0,10.00,11.25
2025,692238,Parks Harber,Scottsdale Scorpions,2025-11-05,Surprise Saguaros,False,True,825577,R,RF,9.0,0,0,0,0,0,1.000,0,0,0.00,0.00
2025,692238,Parks Harber,Scottsdale Scorpions,2025-11-07,Glendale Desert Dogs,False,False,825655,R,1B,8.0,15,1,0,0,16,1.000,0,0,16.00,18.00
2025,692238,Parks Harber,Scottsdale Scorpions,2025-11-11,Glendale Desert Dogs,True,False,825608,R,RF,7.0,1,0,1,1,2,.990,0,0,1.00,1.29
2025,692238,Parks Harber,Scottsdale Scorpions,2025-11-13,Peoria Javelinas,True,False,825571,L,1B,9.0,7,1,0,0,8,1.000,0,0,8.00,8.00
2025,801802,James Hicks,Scottsdale Scorpions,2025-10-10,Mesa Solar Sox,True,True,825620,R,P,4.0,1,0,0,0,1,1.000,0,0,1.00,2.25
2025,801802,James Hicks,Scottsdale Scorpions,2025-10-18,Surprise Saguaros,True,True,825614,R,P,3.0,0,0,0,0,0,1.000,0,0,0.00,0.00
2025,801802,James Hicks,Scottsdale Scorpions,2025-10-24,Salt River Rafters,False,True,825629,R,P,4.0,0,1,0,0,1,1.000,0,0,1.00,2.25
2025,801802,James Hicks,Scottsdale Scorpions,2025-10-31,Salt River Rafters,False,True,825626,R,P,3.0,0,0,0,0,0,1.000,0,0,0.00,0.00
2025,801075,Walker Janek,Scottsdale Scorpions,2025-10-06,Peoria Javelinas,True,False,825618,R,C,9.0,12,0,0,0,12,1.000,0,0,12.00,12.00
2025,801075,Walker Janek,Scottsdale Scorpions,2025-10-09,Glendale Desert Dogs,False,False,825666,R,C,8.0,10,0,1,1,11,.957,0,0,10.00,11.25
2025,801075,Walker Janek,Scottsdale Scorpions,2025-10-10,Mesa Solar Sox,True,True,825620,R,C,9.0,14,0,0,0,14,.973,0,0,14.00,14.00
2025,801075,Walker Janek,Scottsdale Scorpions,2025-10-14,Peoria Javelinas,False,True,825649,R,C,9.0,12,0,0,0,12,.980,0,0,12.00,12.00
2025,801075,Walker Janek,Scottsdale Scorpions,2025-10-16,Glendale Desert Dogs,True,True,825621,R,C,9.0,7,2,1,1,10,.966,0,0,9.00,9.00
2025,801075,Walker Janek,Scottsdale Scorpions,2025-10-17,Mesa Solar Sox,False,True,825595,R,C,9.0,10,0,0,0,10,.971,0,0,10.00,10.00
2025,801075,Walker Janek,Scottsdale Scorpions,2025-10-19,Surprise Saguaros,True,True,825615,R,C,7.1,9,1,0,0,10,.975,0,0,10.00,12.86
2025,801075,Walker Janek,Scottsdale Scorpions,2025-10-21,Peoria Javelinas,False,False,825616,R,C,6.0,3,0,0,0,3,.976,0,0,3.00,4.50
2025,801075,Walker Janek,Scottsdale Scorpions,2025-10-22,Surprise Saguaros,False,False,825586,R,C,8.0,11,0,0,0,11,.978,0,0,11.00,12.38
2025,801075,Walker Janek,Scottsdale Scorpions,2025-10-24,Salt River Rafters,False,True,825629,R,C,10.0,15,1,0,0,16,.982,1,0,16.00,14.40
2025,801075,Walker Janek,Scottsdale Scorpions,2025-10-26,Mesa Solar Sox,True,True,825609,R,C,9.0,11,1,0,0,12,.983,0,0,12.00,12.00
2025,801075,Walker Janek,Scottsdale Scorpions,2025-10-28,Surprise Saguaros,True,True,825613,R,C,9.0,11,2,0,0,13,.985,0,0,13.00,13.00
2025,801075,Walker Janek,Scottsdale Scorpions,2025-10-30,Glendale Desert Dogs,True,True,825612,R,C,9.0,8,3,1,1,12,.979,0,0,11.00,11.00
2025,808743,Bryce Jenkins,Scottsdale Scorpions,2025-10-08,Salt River Rafters,True,True,825619,R,P,1.1,0,0,0,0,0,.000,0,0,0.00,0.00
2025,808743,Bryce Jenkins,Scottsdale Scorpions,2025-10-15,Salt River Rafters,True,False,825622,R,P,0.1,0,0,0,0,0,.000,0,0,0.00,0.00
2025,808743,Bryce Jenkins,Scottsdale Scorpions,2025-10-18,Surprise Saguaros,True,True,825614,R,P,1.0,0,0,0,0,0,.000,0,0,0.00,0.00
2025,808743,Bryce Jenkins,Scottsdale Scorpions,2025-10-21,Peoria Javelinas,False,False,825616,R,P,1.0,0,1,0,0,1,1.000,0,0,1.00,9.00
2025,808743,Bryce Jenkins,Scottsdale Scorpions,2025-10-30,Glendale Desert Dogs,True,True,825612,R,P,1.2,1,0,0,0,1,1.000,0,0,1.00,9.00
2025,808743,Bryce Jenkins,Scottsdale Scorpions,2025-11-04,Mesa Solar Sox,False,False,825596,R,P,1.0,0,0,0,0,0,1.000,0,0,0.00,0.00
2025,808743,Bryce Jenkins,Scottsdale Scorpions,2025-11-07,Glendale Desert Dogs,False,False,825655,R,P,1.0,1,0,0,0,1,1.000,0,0,1.00,9.00
2025,808743,Bryce Jenkins,Scottsdale Scorpions,2025-11-11,Glendale Desert Dogs,True,False,825608,R,P,1.0,0,0,0,0,0,1.000,0,0,0.00,0.00
2025,814409,Seaver King,Scottsdale Scorpions,2025-10-06,Peoria Javelinas,True,False,825618,R,DH,0.0,0,0,0,0,0,.000,0,0,0.00,-.--
2025,814409,Seaver King,Scottsdale Scorpions,2025-10-08,Salt River Rafters,True,True,825619,R,SS,9.0,0,2,0,0,2,1.000,0,0,2.00,2.00
2025,814409,Seaver King,Scottsdale Scorpions,2025-10-10,Mesa Solar Sox,True,True,825620,R,DH,0.0,0,0,0,0,0,1.000,0,0,0.00,-.--
2025,814409,Seaver King,Scottsdale Scorpions,2025-10-14,Peoria Javelinas,False,True,825649,R,DH,0.0,0,0,0,0,0,1.000,0,0,0.00,-.--
2025,814409,Seaver King,Scottsdale Scorpions,2025-10-15,Salt River Rafters,True,False,825622,R,SS,9.0,1,1,0,0,2,1.000,0,0,2.00,2.00
2025,814409,Seaver King,Scottsdale Scorpions,2025-10-17,Mesa Solar Sox,False,True,825595,R,SS,9.0,0,4,0,0,4,1.000,3,0,4.00,4.00
2025,814409,Seaver King,Scottsdale Scorpions,2025-10-18,Surprise Saguaros,True,True,825614,R,SS,7.0,1,3,0,0,4,1.000,1,0,4.00,5.14
2025,814409,Seaver King,Scottsdale Scorpions,2025-10-21,Peoria Javelinas,False,False,825616,R,SS,6.0,3,2,1,0,6,.944,1,0,5.00,7.50
2025,814409,Seaver King,Scottsdale Scorpions,2025-10-22,Surprise Saguaros,False,False,825586,R,DH,0.0,0,0,0,0,0,.944,0,0,0.00,-.--
2025,814409,Seaver King,Scottsdale Scorpions,2025-10-23,Peoria Javelinas,False,True,825638,R,SS,7.0,1,1,0,0,2,.950,1,0,2.00,2.57
2025,814409,Seaver King,Scottsdale Scorpions,2025-10-26,Mesa Solar Sox,True,True,825609,R,SS,9.0,1,1,0,0,2,.955,0,0,2.00,2.00
2025,814409,Seaver King,Scottsdale Scorpions,2025-10-28,Surprise Saguaros,True,True,825613,R,SS,9.0,1,0,0,0,1,.957,1,0,1.00,1.00
2025,814409,Seaver King,Scottsdale Scorpions,2025-10-30,Glendale Desert Dogs,True,True,825612,R,SS,4.0,0,0,0,0,0,.957,0,0,0.00,0.00
2025,814409,Seaver King,Scottsdale Scorpions,2025-10-31,Salt River Rafters,False,True,825626,R,SS,7.0,0,1,0,0,1,.958,0,0,1.00,1.29
2025,814409,Seaver King,Scottsdale Scorpions,2025-11-02,Peoria Javelinas,True,True,825610,R,SS,9.0,2,2,0,0,4,.964,1,0,4.00,4.00
2025,814409,Seaver King,Scottsdale Scorpions,2025-11-05,Surprise Saguaros,False,True,825577,R,SS,9.0,2,1,0,0,3,.968,1,0,3.00,3.00
2025,814409,Seaver King,Scottsdale Scorpions,2025-11-06,Mesa Solar Sox,False,True,825593,R,SS,7.0,1,2,0,0,3,.971,0,0,3.00,3.86
2025,814409,Seaver King,Scottsdale Scorpions,2025-11-10,Salt River Rafters,False,False,825623,R,DH,0.0,0,0,0,0,0,.971,0,0,0.00,-.--
2025,814409,Seaver King,Scottsdale Scorpions,2025-11-13,Peoria Javelinas,True,False,825571,L,SS,9.0,1,2,0,0,3,1.000,0,0,3.00,3.00
2025,813865,Hudson Leach,Scottsdale Scorpions,2025-10-10,Mesa Solar Sox,True,True,825620,R,P,1.1,0,0,0,0,0,.000,0,0,0.00,0.00
2025,813865,Hudson Leach,Scottsdale Scorpions,2025-10-15,Salt River Rafters,True,False,825622,R,P,0.2,0,0,0,0,0,.000,0,0,0.00,0.00
2025,813865,Hudson Leach,Scottsdale Scorpions,2025-10-22,Surprise Saguaros,False,False,825586,R,P,1.0,0,1,0,0,1,1.000,0,0,1.00,9.00
2025,813865,Hudson Leach,Scottsdale Scorpions,2025-10-26,Mesa Solar Sox,True,True,825609,R,P,1.0,0,0,0,0,0,1.000,0,0,0.00,0.00
2025,813865,Hudson Leach,Scottsdale Scorpions,2025-11-01,Salt River Rafters,True,True,825611,R,P,1.0,0,0,0,0,0,1.000,0,0,0.00,0.00
2025,813865,Hudson Leach,Scottsdale Scorpions,2025-11-06,Mesa Solar Sox,False,True,825593,R,P,1.0,0,0,0,0,0,1.000,0,0,0.00,0.00
2025,813865,Hudson Leach,Scottsdale Scorpions,2025-11-10,Salt River Rafters,False,False,825623,R,P,0.2,0,0,0,0,0,1.000,0,0,0.00,0.00
2025,813865,Hudson Leach,Scottsdale Scorpions,2025-11-13,Peoria Javelinas,True,False,825571,L,P,0.0,0,0,0,0,0,.000,0,0,0.00,-.--
2025,701557,Carlos Lequerica,Scottsdale Scorpions,2025-10-08,Salt River Rafters,True,True,825619,R,P,0.2,0,0,0,0,0,.000,0,0,0.00,0.00
2025,701557,Carlos Lequerica,Scottsdale Scorpions,2025-10-14,Peoria Javelinas,False,True,825649,R,P,1.0,0,0,0,0,0,.000,0,0,0.00,0.00
2025,701557,Carlos Lequerica,Scottsdale Scorpions,2025-10-17,Mesa Solar Sox,False,True,825595,R,P,2.0,1,0,0,0,1,1.000,0,0,1.00,4.50
2025,701557,Carlos Lequerica,Scottsdale Scorpions,2025-10-21,Peoria Javelinas,False,False,825616,R,P,1.2,0,1,0,0,1,1.000,0,0,1.00,9.00
2025,701557,Carlos Lequerica,Scottsdale Scorpions,2025-10-24,Salt River Rafters,False,True,825629,R,P,2.0,0,0,0,0,0,1.000,0,0,0.00,0.00
2025,701557,Carlos Lequerica,Scottsdale Scorpions,2025-10-29,Surprise Saguaros,False,False,825583,R,P,1.2,0,0,0,0,0,1.000,0,0,0.00,0.00
2025,701557,Carlos Lequerica,Scottsdale Scorpions,2025-11-04,Mesa Solar Sox,False,False,825596,R,P,0.1,0,0,0,0,0,1.000,0,0,0.00,0.00
2025,701557,Carlos Lequerica,Scottsdale Scorpions,2025-11-07,Glendale Desert Dogs,False,False,825655,R,P,2.0,0,0,0,0,0,1.000,0,0,0.00,0.00
2025,800344,Sean Paul Liñan,Scottsdale Scorpions,2025-10-06,Peoria Javelinas,True,False,825618,R,P,2.0,0,0,0,0,0,.000,0,0,0.00,0.00
2025,800344,Sean Paul Liñan,Scottsdale Scorpions,2025-10-15,Salt River Rafters,True,False,825622,R,P,3.0,2,0,0,0,2,1.000,0,0,2.00,6.00
2025,806152,Walker Martin,Scottsdale Scorpions,2025-10-08,Salt River Rafters,True,True,825619,R,DH,0.0,0,0,0,0,0,.000,0,0,0.00,-.--
2025,806152,Walker Martin,Scottsdale Scorpions,2025-10-09,Glendale Desert Dogs,False,False,825666,R,SS,8.0,1,1,0,0,2,1.000,1,0,2.00,2.25
2025,806152,Walker Martin,Scottsdale Scorpions,2025-10-15,Salt River Rafters,True,False,825622,R,3B,9.0,0,5,0,0,5,1.000,0,0,5.00,5.00
2025,806152,Walker Martin,Scottsdale Scorpions,2025-10-18,Surprise Saguaros,True,True,825614,R,3B,7.0,0,2,1,0,3,.900,0,0,2.00,2.57
2025,806152,Walker Martin,Scottsdale Scorpions,2025-10-21,Peoria Javelinas,False,False,825616,R,3B,6.0,1,0,0,0,1,.909,0,0,1.00,1.50
2025,806152,Walker Martin,Scottsdale Scorpions,2025-10-23,Peoria Javelinas,False,True,825638,R,3B,7.0,1,1,1,1,3,.857,1,0,2.00,2.57
2025,806152,Walker Martin,Scottsdale Scorpions,2025-10-26,Mesa Solar Sox,True,True,825609,R,DH,0.0,0,0,0,0,0,.857,0,0,0.00,-.--
2025,806152,Walker Martin,Scottsdale Scorpions,2025-10-29,Surprise Saguaros,False,False,825583,R,SS,6.0,4,1,1,1,6,.850,1,0,5.00,7.50
2025,806152,Walker Martin,Scottsdale Scorpions,2025-10-31,Salt River Rafters,False,True,825626,R,3B,7.0,0,1,0,0,1,.857,1,0,1.00,1.29
2025,806152,Walker Martin,Scottsdale Scorpions,2025-11-01,Salt River Rafters,True,True,825611,R,DH,0.0,0,0,0,0,0,.857,0,0,0.00,-.--
2025,806152,Walker Martin,Scottsdale Scorpions,2025-11-04,Mesa Solar Sox,False,False,825596,R,DH,0.0,0,0,0,0,0,.857,0,0,0.00,-.--
2025,806152,Walker Martin,Scottsdale Scorpions,2025-11-05,Surprise Saguaros,False,True,825577,R,3B,9.0,1,3,1,1,5,.846,0,0,4.00,4.00
2025,806152,Walker Martin,Scottsdale Scorpions,2025-11-07,Glendale Desert Dogs,False,False,825655,R,DH,0.0,0,0,0,0,0,.846,0,0,0.00,-.--
2025,806152,Walker Martin,Scottsdale Scorpions,2025-11-11,Glendale Desert Dogs,True,False,825608,R,DH,0.0,0,0,0,0,0,.846,0,0,0.00,-.--
2025,805808,Kevin McGonigle,Scottsdale Scorpions,2025-10-06,Peoria Javelinas,True,False,825618,R,SS,9.0,1,2,0,0,3,1.000,1,0,3.00,3.00
2025,805808,Kevin McGonigle,Scottsdale Scorpions,2025-10-08,Salt River Rafters,True,True,825619,R,3B,9.0,0,0,0,0,0,1.000,0,0,0.00,0.00
2025,805808,Kevin McGonigle,Scottsdale Scorpions,2025-10-10,Mesa Solar Sox,True,True,825620,R,3B,9.0,1,1,0,0,2,1.000,0,0,2.00,2.00
2025,805808,Kevin McGonigle,Scottsdale Scorpions,2025-10-14,Peoria Javelinas,False,True,825649,R,SS,9.0,3,4,0,0,7,1.000,0,0,7.00,7.00
2025,805808,Kevin McGonigle,Scottsdale Scorpions,2025-10-16,Glendale Desert Dogs,True,True,825621,R,3B,9.0,1,1,0,0,2,1.000,0,0,2.00,2.00
2025,805808,Kevin McGonigle,Scottsdale Scorpions,2025-10-17,Mesa Solar Sox,False,True,825595,R,DH,0.0,0,0,0,0,0,1.000,0,0,0.00,-.--
2025,805808,Kevin McGonigle,Scottsdale Scorpions,2025-10-19,Surprise Saguaros,True,True,825615,R,3B,7.1,0,2,0,0,2,1.000,1,0,2.00,2.57
2025,805808,Kevin McGonigle,Scottsdale Scorpions,2025-10-21,Peoria Javelinas,False,True,825646,R,SS,7.0,3,2,1,1,6,.955,2,0,5.00,6.43
2025,805808,Kevin McGonigle,Scottsdale Scorpions,2025-10-22,Surprise Saguaros,False,False,825586,R,3B,8.0,1,0,0,0,1,.957,0,0,1.00,1.13
2025,805808,Kevin McGonigle,Scottsdale Scorpions,2025-10-24,Salt River Rafters,False,True,825629,R,3B,10.0,0,3,0,0,3,.962,0,0,3.00,2.70
2025,805808,Kevin McGonigle,Scottsdale Scorpions,2025-10-26,Mesa Solar Sox,True,True,825609,R,3B,9.0,1,1,0,0,2,.964,0,0,2.00,2.00
2025,805808,Kevin McGonigle,Scottsdale Scorpions,2025-10-30,Glendale Desert Dogs,True,True,825612,R,3B,9.0,0,0,0,0,0,.964,0,0,0.00,0.00
2025,805808,Kevin McGonigle,Scottsdale Scorpions,2025-11-01,Salt River Rafters,True,True,825611,R,SS,9.0,1,5,0,0,6,.971,0,0,6.00,6.00
2025,805808,Kevin McGonigle,Scottsdale Scorpions,2025-11-02,Peoria Javelinas,True,True,825610,R,3B,9.0,1,2,0,0,3,.973,1,0,3.00,3.00
2025,805808,Kevin McGonigle,Scottsdale Scorpions,2025-11-04,Mesa Solar Sox,False,False,825596,R,SS,8.0,1,4,1,0,6,.953,0,0,5.00,5.63
2025,805808,Kevin McGonigle,Scottsdale Scorpions,2025-11-06,Mesa Solar Sox,False,True,825593,R,3B,7.0,0,3,0,0,3,.957,0,0,3.00,3.86
2025,805808,Kevin McGonigle,Scottsdale Scorpions,2025-11-07,Glendale Desert Dogs,False,False,825655,R,3B,8.0,1,4,0,0,5,.961,0,0,5.00,5.63
2025,805808,Kevin McGonigle,Scottsdale Scorpions,2025-11-10,Salt River Rafters,False,False,825623,R,SS,6.0,0,2,0,0,2,.962,0,0,2.00,3.00
2025,805808,Kevin McGonigle,Scottsdale Scorpions,2025-11-11,Glendale Desert Dogs,True,False,825608,R,3B,7.0,0,0,0,0,0,.962,0,0,0.00,0.00
2025,805808,Kevin McGonigle,Scottsdale Scorpions,2025-11-13,Peoria Javelinas,True,False,825571,L,3B,9.0,1,2,0,0,3,1.000,0,0,3.00,3.00
2025,800233,Ernesto Mercedes,Scottsdale Scorpions,2025-10-26,Mesa Solar Sox,True,True,825609,R,P,1.0,0,0,0,0,0,.000,0,0,0.00,0.00
2025,800233,Ernesto Mercedes,Scottsdale Scorpions,2025-11-01,Salt River Rafters,True,True,825611,R,P,0.0,0,0,0,0,0,.000,0,0,0.00,-.--
2025,800233,Ernesto Mercedes,Scottsdale Scorpions,2025-11-05,Surprise Saguaros,False,True,825577,R,P,0.2,0,0,0,0,0,.000,0,0,0.00,0.00
2025,800233,Ernesto Mercedes,Scottsdale Scorpions,2025-11-11,Glendale Desert Dogs,True,False,825608,R,P,1.0,0,0,0,0,0,.000,0,0,0.00,0.00
2025,693686,Spencer Miles,Scottsdale Scorpions,2025-10-09,Glendale Desert Dogs,False,False,825666,R,P,1.0,0,0,0,0,0,.000,0,0,0.00,0.00
2025,693686,Spencer Miles,Scottsdale Scorpions,2025-10-16,Glendale Desert Dogs,True,True,825621,R,P,2.0,0,0,0,0,0,.000,0,0,0.00,0.00
2025,693686,Spencer Miles,Scottsdale Scorpions,2025-10-23,Peoria Javelinas,False,True,825638,R,P,2.0,0,0,0,0,0,.000,0,0,0.00,0.00
2025,693686,Spencer Miles,Scottsdale Scorpions,2025-10-30,Glendale Desert Dogs,True,True,825612,R,P,1.2,1,0,0,0,1,1.000,0,0,1.00,9.00
2025,693686,Spencer Miles,Scottsdale Scorpions,2025-11-06,Mesa Solar Sox,False,True,825593,R,P,2.0,0,0,0,0,0,1.000,0,0,0.00,0.00
2025,693686,Spencer Miles,Scottsdale Scorpions,2025-11-13,Peoria Javelinas,True,False,825571,L,P,1.1,0,0,0,0,0,.000,0,0,0.00,0.00
2025,703492,Nick Morabito,Scottsdale Scorpions,2025-10-06,Peoria Javelinas,True,False,825618,R,CF,9.0,1,0,0,0,1,1.000,0,0,1.00,1.00
2025,703492,Nick Morabito,Scottsdale Scorpions,2025-10-09,Glendale Desert Dogs,False,False,825666,R,CF,8.0,2,0,0,0,2,1.000,0,0,2.00,2.25
2025,703492,Nick Morabito,Scottsdale Scorpions,2025-10-14,Peoria Javelinas,False,True,825649,R,CF,9.0,2,0,0,0,2,1.000,0,0,2.00,2.00
2025,703492,Nick Morabito,Scottsdale Scorpions,2025-10-16,Glendale Desert Dogs,True,True,825621,R,CF,9.0,3,0,0,0,3,1.000,0,0,3.00,3.00
2025,703492,Nick Morabito,Scottsdale Scorpions,2025-10-17,Mesa Solar Sox,False,True,825595,R,CF,9.0,1,0,0,0,1,1.000,0,0,1.00,1.00
2025,703492,Nick Morabito,Scottsdale Scorpions,2025-10-19,Surprise Saguaros,True,True,825615,R,CF,7.1,0,0,0,0,0,1.000,0,0,0.00,0.00
2025,703492,Nick Morabito,Scottsdale Scorpions,2025-10-21,Peoria Javelinas,False,True,825646,R,CF,7.0,1,0,0,0,1,1.000,0,0,1.00,1.29
2025,703492,Nick Morabito,Scottsdale Scorpions,2025-10-22,Surprise Saguaros,False,False,825586,R,CF,8.0,4,0,0,0,4,1.000,0,0,4.00,4.50
2025,703492,Nick Morabito,Scottsdale Scorpions,2025-10-24,Salt River Rafters,False,True,825629,R,CF,10.0,1,0,0,0,1,1.000,0,0,1.00,0.90
2025,703492,Nick Morabito,Scottsdale Scorpions,2025-10-28,Surprise Saguaros,True,True,825613,R,CF,9.0,1,0,0,0,1,1.000,0,0,1.00,1.00
2025,703492,Nick Morabito,Scottsdale Scorpions,2025-10-30,Glendale Desert Dogs,True,True,825612,R,CF,9.0,2,0,0,0,2,1.000,0,0,2.00,2.00
2025,703492,Nick Morabito,Scottsdale Scorpions,2025-10-31,Salt River Rafters,False,True,825626,R,CF,7.0,2,0,0,0,2,1.000,0,0,2.00,2.57
2025,703492,Nick Morabito,Scottsdale Scorpions,2025-11-02,Peoria Javelinas,True,True,825610,R,CF,9.0,2,0,0,0,2,1.000,0,0,2.00,2.00
2025,703492,Nick Morabito,Scottsdale Scorpions,2025-11-04,Mesa Solar Sox,False,False,825596,R,CF,8.0,1,0,0,0,1,1.000,0,0,1.00,1.13
2025,703492,Nick Morabito,Scottsdale Scorpions,2025-11-06,Mesa Solar Sox,False,True,825593,R,CF,7.0,2,0,0,0,2,1.000,0,0,2.00,2.57
2025,703492,Nick Morabito,Scottsdale Scorpions,2025-11-07,Glendale Desert Dogs,False,False,825655,R,CF,8.0,2,0,0,0,2,1.000,0,0,2.00,2.25
2025,703492,Nick Morabito,Scottsdale Scorpions,2025-11-10,Salt River Rafters,False,False,825623,R,CF,6.0,2,0,0,0,2,1.000,0,0,2.00,3.00
2025,703492,Nick Morabito,Scottsdale Scorpions,2025-11-13,Peoria Javelinas,True,False,825571,L,CF,9.0,2,0,0,0,2,1.000,0,0,2.00,2.00
2025,694885,Ryan Murphy,Scottsdale Scorpions,2025-10-09,Glendale Desert Dogs,False,False,825666,R,P,1.2,0,0,0,0,0,.000,0,0,0.00,0.00
2025,694885,Ryan Murphy,Scottsdale Scorpions,2025-10-16,Glendale Desert Dogs,True,True,825621,R,P,1.2,0,0,0,0,0,.000,0,0,0.00,0.00
2025,694885,Ryan Murphy,Scottsdale Scorpions,2025-10-22,Surprise Saguaros,False,False,825586,R,P,3.0,0,0,0,0,0,.000,0,0,0.00,0.00
2025,694885,Ryan Murphy,Scottsdale Scorpions,2025-10-28,Surprise Saguaros,True,True,825613,R,P,3.2,0,1,0,0,1,1.000,0,0,1.00,3.00
2025,694885,Ryan Murphy,Scottsdale Scorpions,2025-11-02,Peoria Javelinas,True,True,825610,R,P,4.0,0,1,0,0,1,1.000,1,0,1.00,2.25
2025,694885,Ryan Murphy,Scottsdale Scorpions,2025-11-10,Salt River Rafters,False,False,825623,R,P,3.0,0,0,0,0,0,1.000,0,0,0.00,0.00
2025,802599,Jack Penney,Scottsdale Scorpions,2025-10-09,Glendale Desert Dogs,False,False,825666,R,2B,8.0,1,3,0,0,4,1.000,1,0,4.00,4.50
2025,802599,Jack Penney,Scottsdale Scorpions,2025-10-15,Salt River Rafters,True,False,825622,R,2B,9.0,1,2,0,0,3,1.000,0,0,3.00,3.00
2025,802599,Jack Penney,Scottsdale Scorpions,2025-10-17,Mesa Solar Sox,False,True,825595,R,2B,9.0,4,5,0,0,9,1.000,4,0,9.00,9.00
2025,802599,Jack Penney,Scottsdale Scorpions,2025-10-18,Surprise Saguaros,True,True,825614,R,2B,7.0,3,0,0,0,3,1.000,1,0,3.00,3.86
2025,802599,Jack Penney,Scottsdale Scorpions,2025-10-19,Surprise Saguaros,True,True,825615,R,2B,7.1,2,4,0,0,6,1.000,1,0,6.00,7.71
2025,802599,Jack Penney,Scottsdale Scorpions,2025-10-21,Peoria Javelinas,False,True,825646,R,2B,7.0,1,3,0,0,4,1.000,1,0,4.00,5.14
2025,802599,Jack Penney,Scottsdale Scorpions,2025-10-23,Peoria Javelinas,False,True,825638,R,2B,7.0,0,2,0,0,2,1.000,0,0,2.00,2.57
2025,802599,Jack Penney,Scottsdale Scorpions,2025-10-24,Salt River Rafters,False,True,825629,R,2B,10.0,2,1,0,0,3,1.000,1,0,3.00,2.70
2025,802599,Jack Penney,Scottsdale Scorpions,2025-10-29,Surprise Saguaros,False,False,825583,R,2B,6.0,0,1,0,0,1,1.000,0,0,1.00,1.50
2025,802599,Jack Penney,Scottsdale Scorpions,2025-10-30,Glendale Desert Dogs,True,True,825612,R,SS,5.0,1,1,0,0,2,1.000,0,0,2.00,3.60
2025,802599,Jack Penney,Scottsdale Scorpions,2025-10-31,Salt River Rafters,False,True,825626,R,2B,7.0,1,2,0,0,3,1.000,1,0,3.00,3.86
2025,802599,Jack Penney,Scottsdale Scorpions,2025-11-01,Salt River Rafters,True,True,825611,R,2B,9.0,0,3,0,0,3,1.000,0,0,3.00,3.00
2025,802599,Jack Penney,Scottsdale Scorpions,2025-11-02,Peoria Javelinas,True,True,825610,R,DH,0.0,0,0,0,0,0,1.000,0,0,0.00,-.--
2025,802599,Jack Penney,Scottsdale Scorpions,2025-11-04,Mesa Solar Sox,False,False,825596,R,2B,8.0,4,2,0,0,6,1.000,1,0,6.00,6.75
2025,802599,Jack Penney,Scottsdale Scorpions,2025-11-07,Glendale Desert Dogs,False,False,825655,R,SS,8.0,0,3,0,0,3,1.000,0,0,3.00,3.38
2025,802599,Jack Penney,Scottsdale Scorpions,2025-11-11,Glendale Desert Dogs,True,False,825608,R,SS,7.0,0,3,0,0,3,1.000,0,0,3.00,3.86
2025,802599,Jack Penney,Scottsdale Scorpions,2025-11-13,Peoria Javelinas,True,False,825571,L,2B,9.0,2,2,0,0,4,1.000,0,0,4.00,4.00
2025,698952,Jose T. Perez,Scottsdale Scorpions,2025-10-09,Glendale Desert Dogs,False,False,825666,R,P,0.2,0,0,0,0,0,.000,0,0,0.00,0.00
2025,698952,Jose T. Perez,Scottsdale Scorpions,2025-10-16,Glendale Desert Dogs,True,True,825621,R,P,1.1,0,0,0,0,0,.000,0,0,0.00,0.00
2025,698952,Jose T. Perez,Scottsdale Scorpions,2025-10-19,Surprise Saguaros,True,True,825615,R,P,2.0,0,0,0,0,0,.000,0,0,0.00,0.00
2025,698952,Jose T. Perez,Scottsdale Scorpions,2025-10-26,Mesa Solar Sox,True,True,825609,R,P,1.0,0,0,0,0,0,.000,0,0,0.00,0.00
2025,698952,Jose T. Perez,Scottsdale Scorpions,2025-11-02,Peoria Javelinas,True,True,825610,R,P,1.0,0,0,0,0,0,.000,0,0,0.00,0.00
2025,698952,Jose T. Perez,Scottsdale Scorpions,2025-11-07,Glendale Desert Dogs,False,False,825655,R,P,1.0,0,0,0,0,0,.000,0,0,0.00,0.00
2025,698952,Jose T. Perez,Scottsdale Scorpions,2025-11-11,Glendale Desert Dogs,True,False,825608,R,P,1.2,0,0,0,0,0,.000,0,0,0.00,0.00
2025,695763,Sam Petersen,Scottsdale Scorpions,2025-10-06,Peoria Javelinas,True,False,825618,R,LF,9.0,0,0,0,0,0,.000,0,0,0.00,0.00
2025,695763,Sam Petersen,Scottsdale Scorpions,2025-10-09,Glendale Desert Dogs,False,False,825666,R,RF,8.0,3,0,0,0,3,1.000,0,0,3.00,3.38
2025,695763,Sam Petersen,Scottsdale Scorpions,2025-10-10,Mesa Solar Sox,True,True,825620,R,LF,9.0,2,0,0,0,2,1.000,0,0,2.00,2.00
2025,695763,Sam Petersen,Scottsdale Scorpions,2025-10-14,Peoria Javelinas,False,True,825649,R,LF,9.0,0,0,0,0,0,1.000,0,0,0.00,0.00
2025,695763,Sam Petersen,Scottsdale Scorpions,2025-10-16,Glendale Desert Dogs,True,True,825621,R,RF,5.0,1,0,1,0,2,.857,0,0,1.00,1.80
2025,695763,Sam Petersen,Scottsdale Scorpions,2025-10-19,Surprise Saguaros,True,True,825615,R,RF,7.1,2,0,0,0,2,.889,0,0,2.00,2.57
2025,695763,Sam Petersen,Scottsdale Scorpions,2025-10-21,Peoria Javelinas,False,False,825616,R,LF,6.0,3,0,0,0,3,.917,0,0,3.00,4.50
2025,695763,Sam Petersen,Scottsdale Scorpions,2025-10-22,Surprise Saguaros,False,False,825586,R,LF,8.0,2,0,0,0,2,.929,0,0,2.00,2.25
2025,695763,Sam Petersen,Scottsdale Scorpions,2025-10-23,Peoria Javelinas,False,True,825638,R,CF,7.0,1,0,0,0,1,.933,0,0,1.00,1.29
2025,695763,Sam Petersen,Scottsdale Scorpions,2025-10-28,Surprise Saguaros,True,True,825613,R,LF,9.0,2,0,0,0,2,.941,0,0,2.00,2.00
2025,695763,Sam Petersen,Scottsdale Scorpions,2025-10-29,Surprise Saguaros,False,False,825583,R,LF,6.0,3,0,0,0,3,.950,0,0,3.00,4.50
2025,695763,Sam Petersen,Scottsdale Scorpions,2025-10-31,Salt River Rafters,False,True,825626,R,LF,7.0,1,0,0,0,1,.952,0,0,1.00,1.29
2025,695763,Sam Petersen,Scottsdale Scorpions,2025-11-01,Salt River Rafters,True,True,825611,R,LF,9.0,0,0,0,0,0,.952,0,0,0.00,0.00
2025,695763,Sam Petersen,Scottsdale Scorpions,2025-11-02,Peoria Javelinas,True,True,825610,R,RF,9.0,2,0,0,0,2,.957,0,0,2.00,2.00
2025,695763,Sam Petersen,Scottsdale Scorpions,2025-11-05,Surprise Saguaros,False,True,825577,R,LF,9.0,4,0,0,0,4,.963,0,0,4.00,4.00
2025,695763,Sam Petersen,Scottsdale Scorpions,2025-11-06,Mesa Solar Sox,False,True,825593,R,LF,7.0,1,0,0,0,1,.964,0,0,1.00,1.29
2025,695763,Sam Petersen,Scottsdale Scorpions,2025-11-10,Salt River Rafters,False,False,825623,R,LF,6.0,3,0,0,0,3,.968,0,0,3.00,4.50
2025,695763,Sam Petersen,Scottsdale Scorpions,2025-11-13,Peoria Javelinas,True,False,825571,L,LF,9.0,2,0,0,0,2,1.000,0,0,2.00,2.00
2025,701337,Ethan Petry,Scottsdale Scorpions,2025-10-06,Peoria Javelinas,True,False,825618,R,RF,9.0,1,0,0,0,1,1.000,0,0,1.00,1.00
2025,701337,Ethan Petry,Scottsdale Scorpions,2025-10-08,Salt River Rafters,True,True,825619,R,RF,9.0,1,0,0,0,1,1.000,0,0,1.00,1.00
2025,701337,Ethan Petry,Scottsdale Scorpions,2025-10-10,Mesa Solar Sox,True,True,825620,R,RF,9.0,1,0,0,0,1,1.000,0,0,1.00,1.00
2025,701337,Ethan Petry,Scottsdale Scorpions,2025-10-15,Salt River Rafters,True,False,825622,R,RF,9.0,0,0,0,0,0,1.000,0,0,0.00,0.00
2025,701337,Ethan Petry,Scottsdale Scorpions,2025-10-16,Glendale Desert Dogs,True,True,825621,R,RF,4.0,0,0,0,0,0,1.000,0,0,0.00,0.00
2025,701337,Ethan Petry,Scottsdale Scorpions,2025-10-17,Mesa Solar Sox,False,True,825595,R,RF,9.0,1,0,0,0,1,1.000,0,0,1.00,1.00
2025,701337,Ethan Petry,Scottsdale Scorpions,2025-10-18,Surprise Saguaros,True,True,825614,R,LF,7.0,1,1,0,0,2,1.000,1,0,2.00,2.57
2025,701337,Ethan Petry,Scottsdale Scorpions,2025-10-21,Peoria Javelinas,False,True,825646,R,RF,7.0,2,0,0,0,2,1.000,0,0,2.00,2.57
2025,701337,Ethan Petry,Scottsdale Scorpions,2025-10-21,Peoria Javelinas,False,False,825616,R,RF,6.0,1,0,0,0,1,1.000,0,0,1.00,1.50
2025,701337,Ethan Petry,Scottsdale Scorpions,2025-10-23,Peoria Javelinas,False,True,825638,R,RF,7.0,2,0,0,0,2,1.000,0,0,2.00,2.57
2025,701337,Ethan Petry,Scottsdale Scorpions,2025-10-26,Mesa Solar Sox,True,True,825609,R,RF,9.0,0,0,0,0,0,1.000,0,0,0.00,0.00
2025,701337,Ethan Petry,Scottsdale Scorpions,2025-10-28,Surprise Saguaros,True,True,825613,R,RF,9.0,2,0,0,0,2,1.000,0,0,2.00,2.00
2025,701337,Ethan Petry,Scottsdale Scorpions,2025-10-29,Surprise Saguaros,False,False,825583,R,RF,6.0,1,0,0,0,1,1.000,0,0,1.00,1.50
2025,701337,Ethan Petry,Scottsdale Scorpions,2025-10-31,Salt River Rafters,False,True,825626,R,RF,7.0,2,0,0,0,2,1.000,0,0,2.00,2.57
2025,701337,Ethan Petry,Scottsdale Scorpions,2025-11-01,Salt River Rafters,True,True,825611,R,RF,9.0,4,0,0,0,4,1.000,0,0,4.00,4.00
2025,701337,Ethan Petry,Scottsdale Scorpions,2025-11-04,Mesa Solar Sox,False,False,825596,R,RF,8.0,1,0,0,0,1,1.000,0,0,1.00,1.13
2025,701337,Ethan Petry,Scottsdale Scorpions,2025-11-06,Mesa Solar Sox,False,True,825593,R,RF,7.0,0,0,0,0,0,1.000,0,0,0.00,0.00
2025,701337,Ethan Petry,Scottsdale Scorpions,2025-11-10,Salt River Rafters,False,False,825623,R,RF,6.0,2,0,0,0,2,1.000,0,0,2.00,3.00
2025,701337,Ethan Petry,Scottsdale Scorpions,2025-11-13,Peoria Javelinas,True,False,825571,L,RF,9.0,1,0,0,0,1,1.000,0,0,1.00,1.00
2025,800208,Axiel Plaz,Scottsdale Scorpions,2025-10-08,Salt River Rafters,True,True,825619,R,1B,9.0,6,0,0,0,6,1.000,0,0,6.00,6.00
2025,800208,Axiel Plaz,Scottsdale Scorpions,2025-10-15,Salt River Rafters,True,False,825622,R,C,9.0,9,0,0,0,9,1.000,0,0,9.00,9.00
2025,800208,Axiel Plaz,Scottsdale Scorpions,2025-10-17,Mesa Solar Sox,False,True,825595,R,1B,9.0,9,1,0,0,10,1.000,4,0,10.00,10.00
2025,800208,Axiel Plaz,Scottsdale Scorpions,2025-10-19,Surprise Saguaros,True,True,825615,R,1B,6.0,4,0,0,0,4,1.000,1,0,4.00,6.00
2025,800208,Axiel Plaz,Scottsdale Scorpions,2025-10-21,Peoria Javelinas,False,True,825646,R,1B,7.0,4,0,0,0,4,1.000,2,0,4.00,5.14
2025,800208,Axiel Plaz,Scottsdale Scorpions,2025-10-23,Peoria Javelinas,False,True,825638,R,C,7.0,10,0,0,0,10,1.000,0,0,10.00,12.86
2025,800208,Axiel Plaz,Scottsdale Scorpions,2025-10-24,Salt River Rafters,False,True,825629,R,1B,10.0,5,0,0,0,5,1.000,0,0,5.00,4.50
2025,800208,Axiel Plaz,Scottsdale Scorpions,2025-10-29,Surprise Saguaros,False,False,825583,R,1B,6.0,2,0,0,0,2,1.000,1,0,2.00,3.00
2025,800208,Axiel Plaz,Scottsdale Scorpions,2025-10-31,Salt River Rafters,False,True,825626,R,C,7.0,10,0,1,1,11,.984,0,0,10.00,12.86
2025,800208,Axiel Plaz,Scottsdale Scorpions,2025-11-02,Peoria Javelinas,True,True,825610,R,C,9.0,11,1,0,0,12,.986,0,0,12.00,12.00
2025,800208,Axiel Plaz,Scottsdale Scorpions,2025-11-05,Surprise Saguaros,False,True,825577,R,C,9.0,8,2,1,0,11,.976,0,0,10.00,10.00
2025,800208,Axiel Plaz,Scottsdale Scorpions,2025-11-07,Glendale Desert Dogs,False,False,825655,R,C,8.0,1,3,1,1,5,.966,0,0,4.00,4.50
2025,800208,Axiel Plaz,Scottsdale Scorpions,2025-11-10,Salt River Rafters,False,False,825623,R,1B,6.0,4,0,0,0,4,.968,0,0,4.00,6.00
2025,800208,Axiel Plaz,Scottsdale Scorpions,2025-11-11,Glendale Desert Dogs,True,False,825608,R,C,7.0,7,1,2,2,10,.951,0,0,8.00,10.29
2025,678738,Juan Sanchez,Scottsdale Scorpions,2025-10-09,Glendale Desert Dogs,False,False,825666,R,P,1.0,0,0,0,0,0,.000,0,0,0.00,0.00
2025,678738,Juan Sanchez,Scottsdale Scorpions,2025-10-16,Glendale Desert Dogs,True,True,825621,R,P,1.2,0,0,0,0,0,.000,0,0,0.00,0.00
2025,678738,Juan Sanchez,Scottsdale Scorpions,2025-10-21,Peoria Javelinas,False,True,825646,R,P,2.0,0,1,0,0,1,1.000,0,0,1.00,4.50
2025,678738,Juan Sanchez,Scottsdale Scorpions,2025-10-28,Surprise Saguaros,True,True,825613,R,P,1.1,0,0,0,0,0,1.000,0,0,0.00,0.00
2025,678738,Juan Sanchez,Scottsdale Scorpions,2025-11-02,Peoria Javelinas,True,True,825610,R,P,1.0,0,1,0,0,1,1.000,0,0,1.00,9.00
2025,678738,Juan Sanchez,Scottsdale Scorpions,2025-11-06,Mesa Solar Sox,False,True,825593,R,P,2.0,0,0,0,0,0,1.000,0,0,0.00,0.00
2025,678738,Juan Sanchez,Scottsdale Scorpions,2025-11-10,Salt River Rafters,False,False,825623,R,P,1.0,0,0,0,0,0,1.000,0,0,0.00,0.00
2025,690162,Kenny Serwa,Scottsdale Scorpions,2025-10-14,Peoria Javelinas,False,True,825649,R,P,3.0,0,1,0,0,1,1.000,0,0,1.00,3.00
2025,690162,Kenny Serwa,Scottsdale Scorpions,2025-10-21,Peoria Javelinas,False,False,825616,R,P,3.1,0,0,0,0,0,1.000,0,0,0.00,0.00
2025,690162,Kenny Serwa,Scottsdale Scorpions,2025-10-29,Surprise Saguaros,False,False,825583,R,P,3.1,0,0,1,1,1,.500,0,0,0.00,0.00
2025,690162,Kenny Serwa,Scottsdale Scorpions,2025-11-05,Surprise Saguaros,False,True,825577,R,P,4.0,0,2,0,0,2,.750,0,0,2.00,4.50
2025,688692,Jared Simpson,Scottsdale Scorpions,2025-10-06,Peoria Javelinas,True,False,825618,R,P,2.0,1,1,0,0,2,1.000,1,0,2.00,9.00
2025,688692,Jared Simpson,Scottsdale Scorpions,2025-10-10,Mesa Solar Sox,True,True,825620,R,P,0.1,0,0,0,0,0,1.000,0,0,0.00,0.00
2025,688692,Jared Simpson,Scottsdale Scorpions,2025-10-17,Mesa Solar Sox,False,True,825595,R,P,2.0,0,0,0,0,0,1.000,0,0,0.00,0.00
2025,688692,Jared Simpson,Scottsdale Scorpions,2025-10-21,Peoria Javelinas,False,True,825646,R,P,2.0,0,0,0,0,0,1.000,0,0,0.00,0.00
2025,688692,Jared Simpson,Scottsdale Scorpions,2025-10-24,Salt River Rafters,False,True,825629,R,P,1.1,0,0,0,0,0,1.000,0,0,0.00,0.00
2025,688692,Jared Simpson,Scottsdale Scorpions,2025-10-28,Surprise Saguaros,True,True,825613,R,P,1.0,0,0,0,0,0,1.000,0,0,0.00,0.00
2025,688692,Jared Simpson,Scottsdale Scorpions,2025-11-01,Salt River Rafters,True,True,825611,R,P,2.0,0,0,0,0,0,1.000,0,0,0.00,0.00
2025,688692,Jared Simpson,Scottsdale Scorpions,2025-11-05,Surprise Saguaros,False,True,825577,R,P,2.0,0,0,0,0,0,1.000,0,0,0.00,0.00
2025,688692,Jared Simpson,Scottsdale Scorpions,2025-11-10,Salt River Rafters,False,False,825623,R,P,0.1,0,0,0,0,0,1.000,0,0,0.00,0.00
2025,688692,Jared Simpson,Scottsdale Scorpions,2025-11-13,Peoria Javelinas,True,False,825571,L,P,2.0,0,2,0,0,2,1.000,0,0,2.00,9.00
2025,694266,D'Andre Smith,Scottsdale Scorpions,2025-10-08,Salt River Rafters,True,True,825619,R,LF,9.0,1,0,0,0,1,1.000,0,0,1.00,1.00
2025,694266,D'Andre Smith,Scottsdale Scorpions,2025-10-09,Glendale Desert Dogs,False,False,825666,R,LF,8.0,1,1,1,1,3,.750,0,0,2.00,2.25
2025,694266,D'Andre Smith,Scottsdale Scorpions,2025-10-14,Peoria Javelinas,False,True,825649,R,RF,9.0,2,0,0,0,2,.833,0,0,2.00,2.00
2025,694266,D'Andre Smith,Scottsdale Scorpions,2025-10-16,Glendale Desert Dogs,True,True,825621,R,LF,9.0,1,0,0,0,1,.857,0,0,1.00,1.00
2025,694266,D'Andre Smith,Scottsdale Scorpions,2025-10-18,Surprise Saguaros,True,True,825614,R,RF,7.0,2,0,0,0,2,.889,0,0,2.00,2.57
2025,694266,D'Andre Smith,Scottsdale Scorpions,2025-10-19,Surprise Saguaros,True,True,825615,R,LF,7.1,1,1,0,0,2,.909,0,0,2.00,2.57
2025,694266,D'Andre Smith,Scottsdale Scorpions,2025-10-21,Peoria Javelinas,False,True,825646,R,LF,7.0,1,0,0,0,1,.917,0,0,1.00,1.29
2025,694266,D'Andre Smith,Scottsdale Scorpions,2025-10-22,Surprise Saguaros,False,False,825586,R,RF,8.0,1,0,0,0,1,.923,0,0,1.00,1.13
2025,801523,Chris Suero,Scottsdale Scorpions,2025-10-08,Salt River Rafters,True,True,825619,R,C,9.0,15,0,0,0,15,1.000,0,0,15.00,15.00
2025,801523,Chris Suero,Scottsdale Scorpions,2025-10-10,Mesa Solar Sox,True,True,825620,R,1B,9.0,4,1,0,0,5,1.000,0,0,5.00,5.00
2025,801523,Chris Suero,Scottsdale Scorpions,2025-10-15,Salt River Rafters,True,False,825622,R,LF,9.0,2,0,0,0,2,1.000,0,0,2.00,2.00
2025,801523,Chris Suero,Scottsdale Scorpions,2025-10-17,Mesa Solar Sox,False,True,825595,R,LF,9.0,0,0,0,0,0,1.000,0,0,0.00,0.00
2025,801523,Chris Suero,Scottsdale Scorpions,2025-10-18,Surprise Saguaros,True,True,825614,R,C,7.0,7,0,0,0,7,1.000,0,0,7.00,9.00
2025,801523,Chris Suero,Scottsdale Scorpions,2025-10-21,Peoria Javelinas,False,True,825646,R,C,7.0,8,0,0,0,8,1.000,0,0,8.00,10.29
2025,801523,Chris Suero,Scottsdale Scorpions,2025-10-23,Peoria Javelinas,False,True,825638,R,LF,7.0,0,0,0,0,0,1.000,0,0,0.00,0.00
2025,801523,Chris Suero,Scottsdale Scorpions,2025-10-26,Mesa Solar Sox,True,True,825609,R,LF,9.0,0,1,0,0,1,1.000,0,0,1.00,1.00
2025,801523,Chris Suero,Scottsdale Scorpions,2025-10-29,Surprise Saguaros,False,False,825583,R,C,6.0,5,0,0,0,5,1.000,0,0,5.00,7.50
2025,801523,Chris Suero,Scottsdale Scorpions,2025-10-31,Salt River Rafters,False,True,825626,R,1B,7.0,4,0,0,0,4,1.000,1,0,4.00,5.14
2025,801523,Chris Suero,Scottsdale Scorpions,2025-11-01,Salt River Rafters,True,True,825611,R,C,9.0,9,0,0,0,9,1.000,0,0,9.00,9.00
2025,801523,Chris Suero,Scottsdale Scorpions,2025-11-04,Mesa Solar Sox,False,False,825596,R,C,8.0,5,3,0,0,8,1.000,0,0,8.00,9.00
2025,801523,Chris Suero,Scottsdale Scorpions,2025-11-05,Surprise Saguaros,False,True,825577,R,DH,0.0,0,0,0,0,0,1.000,0,0,0.00,-.--
2025,801523,Chris Suero,Scottsdale Scorpions,2025-11-06,Mesa Solar Sox,False,True,825593,R,C,7.0,7,0,0,0,7,1.000,0,0,7.00,9.00
2025,801523,Chris Suero,Scottsdale Scorpions,2025-11-10,Salt River Rafters,False,False,825623,R,C,6.0,5,2,0,0,7,1.000,0,0,7.00,10.50
2025,801523,Chris Suero,Scottsdale Scorpions,2025-11-13,Peoria Javelinas,True,False,825571,L,C,9.0,11,1,0,0,12,1.000,0,0,12.00,12.00
2025,813896,Joseph Sullivan,Scottsdale Scorpions,2025-10-08,Salt River Rafters,True,True,825619,R,CF,9.0,2,0,0,0,2,1.000,0,0,2.00,2.00
2025,813896,Joseph Sullivan,Scottsdale Scorpions,2025-10-10,Mesa Solar Sox,True,True,825620,R,CF,9.0,3,0,0,0,3,1.000,0,0,3.00,3.00
2025,813896,Joseph Sullivan,Scottsdale Scorpions,2025-10-15,Salt River Rafters,True,False,825622,R,CF,9.0,3,0,0,0,3,1.000,0,0,3.00,3.00
2025,813896,Joseph Sullivan,Scottsdale Scorpions,2025-10-16,Glendale Desert Dogs,True,True,825621,R,DH,0.0,0,0,0,0,0,1.000,0,0,0.00,-.--
2025,813896,Joseph Sullivan,Scottsdale Scorpions,2025-10-18,Surprise Saguaros,True,True,825614,R,CF,7.0,1,0,0,0,1,1.000,0,0,1.00,1.29
2025,813896,Joseph Sullivan,Scottsdale Scorpions,2025-10-21,Peoria Javelinas,False,False,825616,R,CF,6.0,0,0,0,0,0,1.000,0,0,0.00,0.00
2025,813896,Joseph Sullivan,Scottsdale Scorpions,2025-10-24,Salt River Rafters,False,True,825629,R,LF,10.0,5,1,0,0,6,1.000,0,0,6.00,5.40
2025,813896,Joseph Sullivan,Scottsdale Scorpions,2025-10-26,Mesa Solar Sox,True,True,825609,R,CF,9.0,5,0,0,0,5,1.000,0,0,5.00,5.00
2025,813896,Joseph Sullivan,Scottsdale Scorpions,2025-10-29,Surprise Saguaros,False,False,825583,R,CF,6.0,2,0,0,0,2,1.000,0,0,2.00,3.00
2025,813896,Joseph Sullivan,Scottsdale Scorpions,2025-10-30,Glendale Desert Dogs,True,True,825612,R,LF,9.0,1,0,0,0,1,1.000,0,0,1.00,1.00
2025,813896,Joseph Sullivan,Scottsdale Scorpions,2025-11-01,Salt River Rafters,True,True,825611,R,CF,9.0,0,0,0,0,0,1.000,0,0,0.00,0.00
2025,813896,Joseph Sullivan,Scottsdale Scorpions,2025-11-02,Peoria Javelinas,True,True,825610,R,LF,9.0,0,0,0,0,0,1.000,0,0,0.00,0.00
2025,813896,Joseph Sullivan,Scottsdale Scorpions,2025-11-05,Surprise Saguaros,False,True,825577,R,CF,9.0,0,0,0,0,0,1.000,0,0,0.00,0.00
2025,813896,Joseph Sullivan,Scottsdale Scorpions,2025-11-07,Glendale Desert Dogs,False,False,825655,R,LF,8.0,2,0,0,0,2,1.000,0,0,2.00,2.25
2025,813896,Joseph Sullivan,Scottsdale Scorpions,2025-11-11,Glendale Desert Dogs,True,False,825608,R,CF,7.0,1,0,0,0,1,1.000,0,0,1.00,1.29
2025,809340,Austin Troesser,Scottsdale Scorpions,2025-10-08,Salt River Rafters,True,True,825619,R,P,2.0,0,1,0,0,1,1.000,0,0,1.00,4.50
2025,809340,Austin Troesser,Scottsdale Scorpions,2025-10-15,Salt River Rafters,True,False,825622,R,P,1.1,0,0,0,0,0,1.000,0,0,0.00,0.00
2025,809340,Austin Troesser,Scottsdale Scorpions,2025-10-19,Surprise Saguaros,True,True,825615,R,P,0.1,0,0,0,0,0,1.000,0,0,0.00,0.00
2025,809340,Austin Troesser,Scottsdale Scorpions,2025-10-23,Peoria Javelinas,False,True,825638,R,P,1.0,0,0,0,0,0,1.000,0,0,0.00,0.00
2025,689223,Derek True,Scottsdale Scorpions,2025-10-10,Mesa Solar Sox,True,True,825620,R,P,0.2,0,0,0,0,0,.000,0,0,0.00,0.00
2025,689223,Derek True,Scottsdale Scorpions,2025-10-17,Mesa Solar Sox,False,True,825595,R,P,1.0,0,0,0,0,0,.000,0,0,0.00,0.00
2025,689223,Derek True,Scottsdale Scorpions,2025-10-21,Peoria Javelinas,False,True,825646,R,P,1.0,0,0,0,0,0,.000,0,0,0.00,0.00
2025,689223,Derek True,Scottsdale Scorpions,2025-10-26,Mesa Solar Sox,True,True,825609,R,P,1.0,0,0,0,0,0,.000,0,0,0.00,0.00
2025,689223,Derek True,Scottsdale Scorpions,2025-10-31,Salt River Rafters,False,True,825626,R,P,1.0,0,0,0,0,0,.000,0,0,0.00,0.00
2025,689223,Derek True,Scottsdale Scorpions,2025-11-05,Surprise Saguaros,False,True,825577,R,P,1.0,0,0,0,0,0,.000,0,0,0.00,0.00
2025,689223,Derek True,Scottsdale Scorpions,2025-11-11,Glendale Desert Dogs,True,False,825608,R,P,1.0,0,0,0,0,0,.000,0,0,0.00,0.00
2025,700784,Jeron Williams,Scottsdale Scorpions,2025-10-06,Peoria Javelinas,True,False,825618,R,2B,9.0,0,5,0,0,5,1.000,0,0,5.00,5.00
2025,700784,Jeron Williams,Scottsdale Scorpions,2025-10-09,Glendale Desert Dogs,False,False,825666,R,DH,0.0,0,0,0,0,0,1.000,0,0,0.00,-.--
2025,700784,Jeron Williams,Scottsdale Scorpions,2025-10-10,Mesa Solar Sox,True,True,825620,R,2B,9.0,1,1,0,0,2,1.000,0,0,2.00,2.00
2025,700784,Jeron Williams,Scottsdale Scorpions,2025-10-15,Salt River Rafters,True,False,825622,R,DH,0.0,0,0,0,0,0,1.000,0,0,0.00,-.--
2025,700784,Jeron Williams,Scottsdale Scorpions,2025-10-16,Glendale Desert Dogs,True,True,825621,R,2B,9.0,1,6,1,0,8,.933,1,0,7.00,7.00
2025,700784,Jeron Williams,Scottsdale Scorpions,2025-10-21,Peoria Javelinas,False,True,825646,R,DH,0.0,0,0,0,0,0,.933,0,0,0.00,-.--
2025,700784,Jeron Williams,Scottsdale Scorpions,2025-10-22,Surprise Saguaros,False,False,825586,R,2B,8.0,0,1,1,0,2,.882,0,0,1.00,1.13
2025,700784,Jeron Williams,Scottsdale Scorpions,2025-10-26,Mesa Solar Sox,True,True,825609,R,2B,9.0,2,4,0,0,6,.913,0,0,6.00,6.00
2025,700784,Jeron Williams,Scottsdale Scorpions,2025-10-29,Surprise Saguaros,False,False,825583,R,DH,0.0,0,0,0,0,0,.913,0,0,0.00,-.--
2025,700784,Jeron Williams,Scottsdale Scorpions,2025-10-30,Glendale Desert Dogs,True,True,825612,R,2B,9.0,1,4,0,0,5,.929,0,0,5.00,5.00
2025,700784,Jeron Williams,Scottsdale Scorpions,2025-11-02,Peoria Javelinas,True,True,825610,R,2B,9.0,1,4,0,0,5,.939,1,0,5.00,5.00
2025,700784,Jeron Williams,Scottsdale Scorpions,2025-11-05,Surprise Saguaros,False,True,825577,R,2B,9.0,2,3,0,0,5,.947,0,0,5.00,5.00
2025,700784,Jeron Williams,Scottsdale Scorpions,2025-11-07,Glendale Desert Dogs,False,False,825655,R,2B,8.0,0,3,0,0,3,.951,0,0,3.00,3.38
2025,700784,Jeron Williams,Scottsdale Scorpions,2025-11-11,Glendale Desert Dogs,True,False,825608,R,2B,7.0,1,5,1,1,7,.938,0,0,6.00,7.71
2025,691028,Nate Wohlgemuth,Scottsdale Scorpions,2025-10-09,Glendale Desert Dogs,False,False,825666,R,P,1.2,0,0,0,0,0,.000,0,0,0.00,0.00
2025,691028,Nate Wohlgemuth,Scottsdale Scorpions,2025-10-16,Glendale Desert Dogs,True,True,825621,R,P,0.2,0,0,0,0,0,.000,0,0,0.00,0.00
2025,691028,Nate Wohlgemuth,Scottsdale Scorpions,2025-10-18,Surprise Saguaros,True,True,825614,R,P,0.2,0,0,0,0,0,.000,0,0,0.00,0.00
2025,691028,Nate Wohlgemuth,Scottsdale Scorpions,2025-10-22,Surprise Saguaros,False,False,825586,R,P,0.1,0,0,0,0,0,.000,0,0,0.00,0.00
2025,691028,Nate Wohlgemuth,Scottsdale Scorpions,2025-10-30,Glendale Desert Dogs,True,True,825612,R,P,1.0,0,0,0,0,0,.000,0,0,0.00,0.00
2025,691028,Nate Wohlgemuth,Scottsdale Scorpions,2025-11-04,Mesa Solar Sox,False,False,825596,R,P,1.0,0,0,0,0,0,.000,0,0,0.00,0.00
2025,691028,Nate Wohlgemuth,Scottsdale Scorpions,2025-11-07,Glendale Desert Dogs,False,False,825655,R,P,0.2,0,0,0,0,0,.000,0,0,0.00,0.00
2025,691028,Nate Wohlgemuth,Scottsdale Scorpions,2025-11-11,Glendale Desert Dogs,True,False,825608,R,P,0.1,0,1,0,0,1,1.000,0,0,1.00,0.00
2025,686672,Mark Adamiak,Mesa Solar Sox,2025-10-07,Surprise Saguaros,True,False,825607,R,P,1.0,0,0,0,0,0,.000,0,0,0.00,0.00
2025,686672,Mark Adamiak,Mesa Solar Sox,2025-10-09,Salt River Rafters,False,True,825637,R,P,1.0,0,0,0,0,0,.000,0,0,0.00,0.00
2025,686672,Mark Adamiak,Mesa Solar Sox,2025-10-17,Scottsdale Scorpions,True,False,825595,R,P,1.0,0,0,0,0,0,.000,0,0,0.00,0.00
2025,686672,Mark Adamiak,Mesa Solar Sox,2025-10-23,Surprise Saguaros,True,False,825600,R,P,1.0,0,0,0,0,0,.000,0,0,0.00,0.00
2025,686672,Mark Adamiak,Mesa Solar Sox,2025-10-28,Glendale Desert Dogs,True,True,825599,R,P,1.0,0,0,0,0,0,.000,0,0,0.00,0.00
2025,686672,Mark Adamiak,Mesa Solar Sox,2025-10-31,Surprise Saguaros,False,True,825582,R,P,0.1,0,0,0,0,0,.000,0,0,0.00,0.00
2025,686672,Mark Adamiak,Mesa Solar Sox,2025-11-04,Scottsdale Scorpions,True,True,825596,R,P,0.2,0,0,0,0,0,.000,0,0,0.00,0.00
2025,687020,Mason Auer,Mesa Solar Sox,2025-10-07,Surprise Saguaros,True,False,825607,R,P,0.1,0,0,0,0,0,.000,0,0,0.00,0.00
2025,687020,Mason Auer,Mesa Solar Sox,2025-10-16,Peoria Javelinas,True,False,825603,R,P,0.1,1,0,0,0,1,1.000,0,0,1.00,0.00
2025,687020,Mason Auer,Mesa Solar Sox,2025-10-18,Glendale Desert Dogs,False,True,825663,R,P,1.0,0,0,0,0,0,1.000,0,0,0.00,0.00
2025,687020,Mason Auer,Mesa Solar Sox,2025-10-22,Salt River Rafters,False,False,825631,R,P,0.2,0,0,0,0,0,1.000,0,0,0.00,0.00
2025,687020,Mason Auer,Mesa Solar Sox,2025-10-25,Surprise Saguaros,False,True,825585,R,P,0.2,0,0,0,0,0,1.000,0,0,0.00,0.00
2025,687020,Mason Auer,Mesa Solar Sox,2025-10-31,Surprise Saguaros,False,True,825582,R,P,0.2,0,0,0,0,0,1.000,0,0,0.00,0.00
2025,687020,Mason Auer,Mesa Solar Sox,2025-11-04,Scottsdale Scorpions,True,True,825596,R,P,0.2,0,0,0,0,0,1.000,0,0,0.00,0.00
2025,687020,Mason Auer,Mesa Solar Sox,2025-11-10,Glendale Desert Dogs,False,True,825653,R,P,1.0,0,0,0,0,0,1.000,0,0,0.00,0.00
2025,813895,Corey Avant,Mesa Solar Sox,2025-10-09,Salt River Rafters,False,True,825637,R,P,3.0,0,0,0,0,0,.000,0,0,0.00,0.00
2025,813895,Corey Avant,Mesa Solar Sox,2025-10-17,Scottsdale Scorpions,True,False,825595,R,P,0.2,0,0,0,0,0,.000,0,0,0.00,0.00
2025,813895,Corey Avant,Mesa Solar Sox,2025-10-22,Salt River Rafters,False,False,825631,R,P,2.0,0,0,0,0,0,.000,0,0,0.00,0.00
2025,813895,Corey Avant,Mesa Solar Sox,2025-10-25,Surprise Saguaros,False,True,825585,R,P,2.0,0,0,0,0,0,.000,0,0,0.00,0.00
2025,813895,Corey Avant,Mesa Solar Sox,2025-10-30,Salt River Rafters,False,True,825627,R,P,3.0,0,0,1,1,1,.000,0,0,0.00,0.00
2025,813895,Corey Avant,Mesa Solar Sox,2025-11-05,Glendale Desert Dogs,True,False,825594,R,P,1.2,0,0,0,0,0,.000,0,0,0.00,0.00
2025,689196,Owen Ayers,Mesa Solar Sox,2025-10-07,Surprise Saguaros,True,False,825607,R,C,9.0,9,2,0,0,11,1.000,1,0,11.00,11.00
2025,689196,Owen Ayers,Mesa Solar Sox,2025-10-09,Salt River Rafters,False,True,825637,R,C,9.0,12,3,0,0,15,1.000,0,0,15.00,15.00
2025,689196,Owen Ayers,Mesa Solar Sox,2025-10-10,Scottsdale Scorpions,False,False,825620,R,C,8.0,10,1,1,1,12,.974,0,0,11.00,12.38
2025,689196,Owen Ayers,Mesa Solar Sox,2025-10-14,Surprise Saguaros,True,True,825604,R,DH,0.0,0,0,0,0,0,.974,0,0,0.00,-.--
2025,689196,Owen Ayers,Mesa Solar Sox,2025-10-15,Surprise Saguaros,False,False,825589,R,C,8.0,6,2,1,1,9,.957,1,0,8.00,9.00
2025,689196,Owen Ayers,Mesa Solar Sox,2025-10-17,Scottsdale Scorpions,True,False,825595,R,C,9.0,11,0,0,0,11,.966,0,0,11.00,11.00
2025,689196,Owen Ayers,Mesa Solar Sox,2025-10-19,Peoria Javelinas,False,True,825645,R,C,8.0,6,0,0,0,6,.969,0,0,6.00,6.75
2025,689196,Owen Ayers,Mesa Solar Sox,2025-10-21,Salt River Rafters,True,False,825601,R,C,7.0,7,2,0,0,9,.973,0,0,9.00,11.57
2025,689196,Owen Ayers,Mesa Solar Sox,2025-10-23,Surprise Saguaros,True,False,825600,R,C,9.0,14,1,0,0,15,.977,0,0,15.00,15.00
2025,689196,Owen Ayers,Mesa Solar Sox,2025-10-25,Surprise Saguaros,False,True,825585,R,RF,10.0,3,0,0,0,3,.978,0,0,3.00,2.70
2025,689196,Owen Ayers,Mesa Solar Sox,2025-10-26,Scottsdale Scorpions,False,False,825609,R,C,8.0,13,1,0,0,14,.981,0,0,14.00,15.75
2025,689196,Owen Ayers,Mesa Solar Sox,2025-10-28,Glendale Desert Dogs,True,True,825599,R,C,9.0,8,0,0,0,8,.982,0,0,8.00,8.00
2025,689196,Owen Ayers,Mesa Solar Sox,2025-10-29,Glendale Desert Dogs,False,False,825656,R,RF,6.0,2,1,0,0,3,.983,1,0,3.00,4.50
2025,689196,Owen Ayers,Mesa Solar Sox,2025-10-30,Salt River Rafters,False,True,825627,R,C,9.0,11,2,0,0,13,.984,0,0,13.00,13.00
2025,689196,Owen Ayers,Mesa Solar Sox,2025-11-01,Glendale Desert Dogs,True,True,825598,R,C,9.0,2,2,0,0,4,.985,0,0,4.00,4.00
2025,689196,Owen Ayers,Mesa Solar Sox,2025-11-02,Salt River Rafters,True,True,825597,R,1B,9.0,7,1,0,0,8,.986,2,0,8.00,8.00
2025,689196,Owen Ayers,Mesa Solar Sox,2025-11-04,Scottsdale Scorpions,True,True,825596,R,1B,9.0,9,1,0,0,10,.987,3,0,10.00,10.00
2025,689196,Owen Ayers,Mesa Solar Sox,2025-11-05,Glendale Desert Dogs,True,False,825594,R,C,6.0,3,1,0,0,4,.987,0,0,4.00,6.00
2025,689196,Owen Ayers,Mesa Solar Sox,2025-11-07,Peoria Javelinas,False,False,825640,R,C,8.0,8,0,0,0,8,.988,0,0,8.00,9.00
2025,689196,Owen Ayers,Mesa Solar Sox,2025-11-11,Peoria Javelinas,True,True,825592,R,C,7.0,12,0,0,0,12,.989,0,0,12.00,15.43
2025,689196,Owen Ayers,Mesa Solar Sox,2025-11-12,Salt River Rafters,True,True,825574,D,C,9.0,6,1,0,0,7,1.000,0,0,7.00,7.00
2025,689196,Owen Ayers,Mesa Solar Sox,2025-11-13,Surprise Saguaros,False,False,825580,L,C,8.2,9,0,0,0,9,1.000,0,0,9.00,10.13
2025,691765,Jackson Baumeister,Mesa Solar Sox,2025-10-14,Surprise Saguaros,True,True,825604,R,P,1.2,0,0,0,0,0,.000,0,0,0.00,0.00
2025,691765,Jackson Baumeister,Mesa Solar Sox,2025-10-21,Salt River Rafters,True,False,825601,R,P,4.0,0,0,0,0,0,.000,0,0,0.00,0.00
2025,691765,Jackson Baumeister,Mesa Solar Sox,2025-10-28,Glendale Desert Dogs,True,True,825599,R,P,3.0,0,1,0,0,1,1.000,0,0,1.00,3.00
2025,691765,Jackson Baumeister,Mesa Solar Sox,2025-11-04,Scottsdale Scorpions,True,True,825596,R,P,0.1,0,0,0,0,0,1.000,0,0,0.00,0.00
2025,694793,Jadon Bercovich,Mesa Solar Sox,2025-10-10,Scottsdale Scorpions,False,False,825620,R,P,1.0,0,0,0,0,0,.000,0,0,0.00,0.00
2025,694793,Jadon Bercovich,Mesa Solar Sox,2025-10-15,Surprise Saguaros,False,False,825589,R,P,1.1,0,0,0,0,0,.000,0,0,0.00,0.00
2025,694793,Jadon Bercovich,Mesa Solar Sox,2025-10-23,Surprise Saguaros,True,False,825600,R,P,1.0,0,0,0,0,0,.000,0,0,0.00,0.00
2025,694793,Jadon Bercovich,Mesa Solar Sox,2025-10-29,Glendale Desert Dogs,False,False,825656,R,P,1.0,0,0,0,0,0,.000,0,0,0.00,0.00
2025,694793,Jadon Bercovich,Mesa Solar Sox,2025-11-02,Salt River Rafters,True,True,825597,R,P,0.1,0,0,0,0,0,.000,0,0,0.00,0.00
2025,694793,Jadon Bercovich,Mesa Solar Sox,2025-11-06,Scottsdale Scorpions,True,False,825593,R,P,1.1,0,0,0,0,0,.000,0,0,0.00,0.00
2025,694793,Jadon Bercovich,Mesa Solar Sox,2025-11-13,Surprise Saguaros,False,False,825580,L,P,0.1,0,0,0,0,0,.000,0,0,0.00,0.00
2025,806965,Starlyn Caba,Mesa Solar Sox,2025-10-07,Surprise Saguaros,True,False,825607,R,SS,6.0,4,1,0,0,5,1.000,2,0,5.00,7.50
2025,806965,Starlyn Caba,Mesa Solar Sox,2025-10-10,Scottsdale Scorpions,False,False,825620,R,SS,8.0,2,4,0,0,6,1.000,1,0,6.00,6.75
2025,806965,Starlyn Caba,Mesa Solar Sox,2025-10-14,Surprise Saguaros,True,True,825604,R,SS,9.0,2,2,0,0,4,1.000,1,0,4.00,4.00
2025,806965,Starlyn Caba,Mesa Solar Sox,2025-10-15,Surprise Saguaros,False,False,825589,R,SS,8.0,1,4,1,0,6,.952,0,0,5.00,5.63
2025,806965,Starlyn Caba,Mesa Solar Sox,2025-10-17,Scottsdale Scorpions,True,False,825595,R,SS,9.0,2,3,0,0,5,.962,2,0,5.00,5.00
2025,806965,Starlyn Caba,Mesa Solar Sox,2025-10-19,Peoria Javelinas,False,True,825645,R,SS,9.0,2,2,1,0,5,.935,0,0,4.00,4.00
2025,806965,Starlyn Caba,Mesa Solar Sox,2025-10-21,Salt River Rafters,True,True,825605,R,SS,7.0,0,3,0,0,3,.941,0,0,3.00,3.86
2025,806965,Starlyn Caba,Mesa Solar Sox,2025-10-23,Surprise Saguaros,True,False,825600,R,SS,9.0,1,1,0,0,2,.944,0,0,2.00,2.00
2025,806965,Starlyn Caba,Mesa Solar Sox,2025-10-25,Surprise Saguaros,False,True,825585,R,SS,10.0,3,5,0,0,8,.955,3,0,8.00,7.20
2025,806965,Starlyn Caba,Mesa Solar Sox,2025-10-26,Scottsdale Scorpions,False,False,825609,R,SS,8.0,2,0,0,0,2,.957,0,0,2.00,2.25
2025,806965,Starlyn Caba,Mesa Solar Sox,2025-10-28,Glendale Desert Dogs,True,True,825599,R,SS,9.0,1,2,0,0,3,.959,0,0,3.00,3.00
2025,806965,Starlyn Caba,Mesa Solar Sox,2025-10-30,Salt River Rafters,False,True,825627,R,SS,9.0,2,4,0,0,6,.964,0,0,6.00,6.00
2025,806965,Starlyn Caba,Mesa Solar Sox,2025-10-31,Surprise Saguaros,False,True,825582,R,SS,7.0,0,3,1,0,4,.949,1,0,3.00,3.86
2025,806965,Starlyn Caba,Mesa Solar Sox,2025-11-02,Salt River Rafters,True,True,825597,R,SS,9.0,2,3,0,0,5,.953,2,0,5.00,5.00
2025,806965,Starlyn Caba,Mesa Solar Sox,2025-11-04,Scottsdale Scorpions,True,True,825596,R,SS,9.0,1,4,0,0,5,.957,2,0,5.00,5.00
2025,806965,Starlyn Caba,Mesa Solar Sox,2025-11-05,Glendale Desert Dogs,True,False,825594,R,SS,9.0,3,5,0,0,8,.961,4,0,8.00,8.00
2025,806965,Starlyn Caba,Mesa Solar Sox,2025-11-07,Peoria Javelinas,False,False,825640,R,SS,8.0,1,3,0,0,4,.963,0,0,4.00,4.50
2025,806965,Starlyn Caba,Mesa Solar Sox,2025-11-10,Glendale Desert Dogs,False,True,825653,R,SS,6.0,2,4,0,0,6,.966,0,0,6.00,9.00
2025,701480,Bryce Cunningham,Mesa Solar Sox,2025-10-07,Surprise Saguaros,True,False,825607,R,P,2.0,0,0,0,0,0,.000,0,0,0.00,0.00
2025,701480,Bryce Cunningham,Mesa Solar Sox,2025-10-15,Surprise Saguaros,False,False,825589,R,P,3.2,0,0,0,0,0,.000,0,0,0.00,0.00
2025,701480,Bryce Cunningham,Mesa Solar Sox,2025-10-22,Salt River Rafters,False,False,825631,R,P,2.1,0,0,0,0,0,.000,0,0,0.00,0.00
2025,701480,Bryce Cunningham,Mesa Solar Sox,2025-10-29,Glendale Desert Dogs,False,False,825656,R,P,3.0,0,0,0,0,0,.000,0,0,0.00,0.00
2025,701480,Bryce Cunningham,Mesa Solar Sox,2025-11-06,Scottsdale Scorpions,True,False,825593,R,P,2.0,0,0,0,0,0,.000,0,0,0.00,0.00
2025,701480,Bryce Cunningham,Mesa Solar Sox,2025-11-12,Salt River Rafters,True,True,825574,D,P,4.0,0,0,0,0,0,.000,0,0,0.00,0.00
2025,700579,Nathan Dettmer,Mesa Solar Sox,2025-10-09,Salt River Rafters,False,True,825637,R,P,2.2,0,0,0,0,0,.000,0,0,0.00,0.00
2025,700579,Nathan Dettmer,Mesa Solar Sox,2025-10-17,Scottsdale Scorpions,True,False,825595,R,P,3.1,0,0,0,0,0,.000,0,0,0.00,0.00
2025,700579,Nathan Dettmer,Mesa Solar Sox,2025-10-25,Surprise Saguaros,False,True,825585,R,P,3.0,0,0,0,0,0,.000,0,0,0.00,0.00
2025,700579,Nathan Dettmer,Mesa Solar Sox,2025-11-01,Glendale Desert Dogs,True,True,825598,R,P,2.0,0,0,0,0,0,.000,0,0,0.00,0.00
2025,700579,Nathan Dettmer,Mesa Solar Sox,2025-11-05,Glendale Desert Dogs,True,False,825594,R,P,1.0,0,0,0,0,0,.000,0,0,0.00,0.00
2025,700579,Nathan Dettmer,Mesa Solar Sox,2025-11-11,Peoria Javelinas,True,True,825592,R,P,3.0,0,0,0,0,0,.000,0,0,0.00,0.00
2025,806967,Brailer Guerrero,Mesa Solar Sox,2025-10-07,Surprise Saguaros,True,False,825607,R,RF,9.0,1,0,0,0,1,1.000,0,0,1.00,1.00
2025,806967,Brailer Guerrero,Mesa Solar Sox,2025-10-08,Peoria Javelinas,True,False,825606,R,RF,10.0,4,0,0,0,4,1.000,0,0,4.00,3.60
2025,806967,Brailer Guerrero,Mesa Solar Sox,2025-10-10,Scottsdale Scorpions,False,False,825620,R,RF,8.0,1,0,1,1,2,.857,0,0,1.00,1.13
2025,806967,Brailer Guerrero,Mesa Solar Sox,2025-10-15,Surprise Saguaros,False,False,825589,R,LF,8.0,1,0,0,0,1,.875,0,0,1.00,1.13
2025,806967,Brailer Guerrero,Mesa Solar Sox,2025-10-16,Peoria Javelinas,True,False,825603,R,RF,9.0,3,0,0,0,3,.909,0,0,3.00,3.00
2025,806967,Brailer Guerrero,Mesa Solar Sox,2025-10-18,Glendale Desert Dogs,False,True,825663,R,RF,7.0,4,0,1,0,5,.875,0,0,4.00,5.14
2025,806967,Brailer Guerrero,Mesa Solar Sox,2025-10-21,Salt River Rafters,True,True,825605,R,DH,0.0,0,0,0,0,0,.875,0,0,0.00,-.--
2025,690992,Ed Howard,Mesa Solar Sox,2025-10-07,Surprise Saguaros,True,False,825607,R,2B,9.0,0,2,0,0,2,1.000,0,0,2.00,2.00
2025,690992,Ed Howard,Mesa Solar Sox,2025-10-09,Salt River Rafters,False,True,825637,R,SS,9.0,1,1,0,0,2,1.000,0,0,2.00,2.00
2025,690992,Ed Howard,Mesa Solar Sox,2025-10-16,Peoria Javelinas,True,False,825603,R,SS,9.0,2,0,0,0,2,1.000,0,0,2.00,2.00
2025,690992,Ed Howard,Mesa Solar Sox,2025-10-17,Scottsdale Scorpions,True,False,825595,R,DH,0.0,0,0,0,0,0,1.000,0,0,0.00,-.--
2025,690992,Ed Howard,Mesa Solar Sox,2025-10-18,Glendale Desert Dogs,False,True,825663,R,2B,7.0,1,3,0,0,4,1.000,1,0,4.00,5.14
2025,690992,Ed Howard,Mesa Solar Sox,2025-10-21,Salt River Rafters,True,False,825601,R,2B,7.0,3,1,0,0,4,1.000,0,0,4.00,5.14
2025,690992,Ed Howard,Mesa Solar Sox,2025-10-22,Salt River Rafters,False,False,825631,R,SS,8.0,1,0,0,0,1,1.000,1,0,1.00,1.13
2025,690992,Ed Howard,Mesa Solar Sox,2025-10-26,Scottsdale Scorpions,False,False,825609,R,2B,8.0,3,3,0,0,6,1.000,0,0,6.00,6.75
2025,690992,Ed Howard,Mesa Solar Sox,2025-10-29,Glendale Desert Dogs,False,False,825656,R,2B,6.0,1,2,0,0,3,1.000,0,0,3.00,4.50
2025,690992,Ed Howard,Mesa Solar Sox,2025-10-31,Surprise Saguaros,False,True,825582,R,DH,0.0,0,0,0,0,0,1.000,0,0,0.00,-.--
2025,690992,Ed Howard,Mesa Solar Sox,2025-11-01,Glendale Desert Dogs,True,True,825598,R,SS,9.0,4,4,0,0,8,1.000,3,0,8.00,8.00
2025,690992,Ed Howard,Mesa Solar Sox,2025-11-02,Salt River Rafters,True,True,825597,R,LF,9.0,4,0,0,0,4,1.000,0,0,4.00,4.00
2025,690992,Ed Howard,Mesa Solar Sox,2025-11-04,Scottsdale Scorpions,True,True,825596,R,LF,9.0,1,0,0,0,1,1.000,0,0,1.00,1.00
2025,690992,Ed Howard,Mesa Solar Sox,2025-11-05,Glendale Desert Dogs,True,False,825594,R,2B,9.0,4,2,0,0,6,1.000,2,0,6.00,6.00
2025,690992,Ed Howard,Mesa Solar Sox,2025-11-06,Scottsdale Scorpions,True,False,825593,R,LF,7.0,0,0,0,0,0,1.000,0,0,0.00,0.00
2025,690992,Ed Howard,Mesa Solar Sox,2025-11-10,Glendale Desert Dogs,False,True,825653,R,LF,7.0,2,0,0,0,2,1.000,0,0,2.00,2.57
2025,690992,Ed Howard,Mesa Solar Sox,2025-11-11,Peoria Javelinas,True,True,825592,R,LF,7.0,0,0,0,0,0,1.000,0,0,0.00,0.00
2025,690658,Will Johnston,Mesa Solar Sox,2025-10-07,Surprise Saguaros,True,False,825607,R,P,1.0,0,0,0,0,0,.000,0,0,0.00,0.00
2025,690658,Will Johnston,Mesa Solar Sox,2025-10-14,Surprise Saguaros,True,True,825604,R,P,1.0,0,0,0,0,0,.000,0,0,0.00,0.00
2025,690658,Will Johnston,Mesa Solar Sox,2025-10-17,Scottsdale Scorpions,True,False,825595,R,P,1.0,0,1,0,0,1,1.000,0,0,1.00,9.00
2025,690658,Will Johnston,Mesa Solar Sox,2025-10-21,Salt River Rafters,True,False,825601,R,P,1.0,0,0,0,0,0,1.000,0,0,0.00,0.00
2025,690658,Will Johnston,Mesa Solar Sox,2025-10-25,Surprise Saguaros,False,True,825585,R,P,1.0,0,1,0,0,1,1.000,0,0,1.00,9.00
2025,690658,Will Johnston,Mesa Solar Sox,2025-10-30,Salt River Rafters,False,True,825627,R,P,1.0,0,0,0,0,0,1.000,0,0,0.00,0.00
2025,690658,Will Johnston,Mesa Solar Sox,2025-11-04,Scottsdale Scorpions,True,True,825596,R,P,1.2,1,0,0,0,1,1.000,0,0,1.00,9.00
2025,690658,Will Johnston,Mesa Solar Sox,2025-11-07,Peoria Javelinas,False,False,825640,R,P,1.0,0,0,0,0,0,1.000,0,0,0.00,0.00
2025,690658,Will Johnston,Mesa Solar Sox,2025-11-10,Glendale Desert Dogs,False,True,825653,R,P,1.0,0,0,0,0,0,1.000,0,0,0.00,0.00
2025,690658,Will Johnston,Mesa Solar Sox,2025-11-12,Salt River Rafters,True,True,825574,D,P,1.0,0,0,0,0,0,.000,0,0,0.00,0.00
2025,695366,Holt Jones,Mesa Solar Sox,2025-10-07,Surprise Saguaros,True,False,825607,R,P,2.0,0,0,0,0,0,.000,0,0,0.00,0.00
2025,695366,Holt Jones,Mesa Solar Sox,2025-10-15,Surprise Saguaros,False,False,825589,R,P,1.0,0,0,0,0,0,.000,0,0,0.00,0.00
2025,695366,Holt Jones,Mesa Solar Sox,2025-10-18,Glendale Desert Dogs,False,True,825663,R,P,1.0,0,0,0,0,0,.000,0,0,0.00,0.00
2025,695366,Holt Jones,Mesa Solar Sox,2025-10-21,Salt River Rafters,True,True,825605,R,P,2.0,0,0,0,0,0,.000,0,0,0.00,0.00
2025,695366,Holt Jones,Mesa Solar Sox,2025-10-26,Scottsdale Scorpions,False,False,825609,R,P,2.1,0,0,0,0,0,.000,0,0,0.00,0.00
2025,695366,Holt Jones,Mesa Solar Sox,2025-10-31,Surprise Saguaros,False,True,825582,R,P,1.0,0,0,0,0,0,.000,0,0,0.00,0.00
2025,695366,Holt Jones,Mesa Solar Sox,2025-11-05,Glendale Desert Dogs,True,False,825594,R,P,2.0,0,0,0,0,0,.000,0,0,0.00,0.00
2025,695366,Holt Jones,Mesa Solar Sox,2025-11-10,Glendale Desert Dogs,False,True,825653,R,P,1.0,0,0,0,0,0,.000,0,0,0.00,0.00
2025,695366,Holt Jones,Mesa Solar Sox,2025-11-13,Surprise Saguaros,False,False,825580,L,P,0.2,0,0,0,0,0,.000,0,0,0.00,0.00
2025,802374,Brady Kirtner,Mesa Solar Sox,2025-10-08,Peoria Javelinas,True,False,825606,R,P,1.1,0,0,0,0,0,.000,0,0,0.00,0.00
2025,802374,Brady Kirtner,Mesa Solar Sox,2025-10-16,Peoria Javelinas,True,False,825603,R,P,0.2,0,0,0,0,0,.000,0,0,0.00,0.00
2025,802374,Brady Kirtner,Mesa Solar Sox,2025-10-19,Peoria Javelinas,False,True,825645,R,P,1.1,0,0,0,0,0,.000,0,0,0.00,0.00
2025,802374,Brady Kirtner,Mesa Solar Sox,2025-10-22,Salt River Rafters,False,False,825631,R,P,0.2,0,0,0,0,0,.000,0,0,0.00,0.00
2025,802374,Brady Kirtner,Mesa Solar Sox,2025-10-30,Salt River Rafters,False,True,825627,R,P,1.0,0,0,0,0,0,.000,0,0,0.00,0.00
2025,802374,Brady Kirtner,Mesa Solar Sox,2025-11-02,Salt River Rafters,True,True,825597,R,P,1.0,0,0,0,0,0,.000,0,0,0.00,0.00
2025,802374,Brady Kirtner,Mesa Solar Sox,2025-11-06,Scottsdale Scorpions,True,False,825593,R,P,1.1,1,0,0,0,1,1.000,0,0,1.00,9.00
2025,811965,Joshua Kuroda-Grauer,Mesa Solar Sox,2025-10-07,Surprise Saguaros,True,False,825607,R,SS,3.0,2,0,0,0,2,1.000,0,0,2.00,6.00
2025,811965,Joshua Kuroda-Grauer,Mesa Solar Sox,2025-10-08,Peoria Javelinas,True,False,825606,R,SS,10.0,2,2,0,0,4,1.000,1,0,4.00,3.60
2025,811965,Joshua Kuroda-Grauer,Mesa Solar Sox,2025-10-14,Surprise Saguaros,True,True,825604,R,2B,9.0,0,3,0,0,3,1.000,1,0,3.00,3.00
2025,811965,Joshua Kuroda-Grauer,Mesa Solar Sox,2025-10-16,Peoria Javelinas,True,False,825603,R,DH,0.0,0,0,0,0,0,1.000,0,0,0.00,-.--
2025,811965,Joshua Kuroda-Grauer,Mesa Solar Sox,2025-10-18,Glendale Desert Dogs,False,True,825663,R,SS,7.0,2,4,1,1,7,.938,2,0,6.00,7.71
2025,811965,Joshua Kuroda-Grauer,Mesa Solar Sox,2025-10-21,Salt River Rafters,True,False,825601,R,SS,7.0,0,2,0,0,2,.944,0,0,2.00,2.57
2025,811965,Joshua Kuroda-Grauer,Mesa Solar Sox,2025-10-21,Salt River Rafters,True,True,825605,R,RF,2.0,1,0,0,0,1,.947,0,0,1.00,4.50
2025,811965,Joshua Kuroda-Grauer,Mesa Solar Sox,2025-10-23,Surprise Saguaros,True,False,825600,R,2B,9.0,0,1,0,0,1,.950,0,0,1.00,1.00
2025,811965,Joshua Kuroda-Grauer,Mesa Solar Sox,2025-10-29,Glendale Desert Dogs,False,False,825656,R,SS,6.0,0,1,0,0,1,.952,0,0,1.00,1.50
2025,811965,Joshua Kuroda-Grauer,Mesa Solar Sox,2025-10-30,Salt River Rafters,False,True,825627,R,LF,9.0,0,0,0,0,0,.952,0,0,0.00,0.00
2025,811965,Joshua Kuroda-Grauer,Mesa Solar Sox,2025-10-31,Surprise Saguaros,False,True,825582,R,LF,7.0,1,0,0,0,1,.955,0,0,1.00,1.29
2025,811965,Joshua Kuroda-Grauer,Mesa Solar Sox,2025-11-01,Glendale Desert Dogs,True,True,825598,R,LF,9.0,2,0,0,0,2,.958,0,0,2.00,2.00
2025,811965,Joshua Kuroda-Grauer,Mesa Solar Sox,2025-11-02,Salt River Rafters,True,True,825597,R,2B,9.0,2,2,0,0,4,.964,0,0,4.00,4.00
2025,811965,Joshua Kuroda-Grauer,Mesa Solar Sox,2025-11-05,Glendale Desert Dogs,True,False,825594,R,LF,9.0,1,1,0,0,2,.967,1,0,2.00,2.00
2025,811965,Joshua Kuroda-Grauer,Mesa Solar Sox,2025-11-06,Scottsdale Scorpions,True,False,825593,R,SS,7.0,1,0,0,0,1,.968,0,0,1.00,1.29
2025,811965,Joshua Kuroda-Grauer,Mesa Solar Sox,2025-11-07,Peoria Javelinas,False,False,825640,R,LF,8.0,1,0,0,0,1,.969,0,0,1.00,1.13
2025,811965,Joshua Kuroda-Grauer,Mesa Solar Sox,2025-11-10,Glendale Desert Dogs,False,True,825653,R,SS,1.0,0,0,0,0,0,.969,0,0,0.00,0.00
2025,811965,Joshua Kuroda-Grauer,Mesa Solar Sox,2025-11-11,Peoria Javelinas,True,True,825592,R,SS,7.0,0,0,0,0,0,.969,0,0,0.00,0.00
2025,811965,Joshua Kuroda-Grauer,Mesa Solar Sox,2025-11-12,Salt River Rafters,True,True,825574,D,SS,9.0,0,4,0,0,4,1.000,1,0,4.00,4.00
2025,811965,Joshua Kuroda-Grauer,Mesa Solar Sox,2025-11-13,Surprise Saguaros,False,False,825580,L,SS,8.2,2,2,0,0,4,1.000,1,0,4.00,4.50
2025,805782,Ryan Lasko,Mesa Solar Sox,2025-10-08,Peoria Javelinas,True,False,825606,R,CF,10.0,3,0,0,0,3,1.000,0,0,3.00,2.70
2025,805782,Ryan Lasko,Mesa Solar Sox,2025-10-10,Scottsdale Scorpions,False,False,825620,R,LF,8.0,1,0,0,0,1,1.000,0,0,1.00,1.13
2025,805782,Ryan Lasko,Mesa Solar Sox,2025-10-15,Surprise Saguaros,False,False,825589,R,CF,8.0,4,1,1,1,6,.900,1,0,5.00,5.63
2025,805782,Ryan Lasko,Mesa Solar Sox,2025-10-17,Scottsdale Scorpions,True,False,825595,R,CF,9.0,2,0,0,0,2,.917,0,0,2.00,2.00
2025,805782,Ryan Lasko,Mesa Solar Sox,2025-10-18,Glendale Desert Dogs,False,True,825663,R,CF,7.0,2,0,0,0,2,.929,0,0,2.00,2.57
2025,805782,Ryan Lasko,Mesa Solar Sox,2025-10-19,Peoria Javelinas,False,True,825645,R,RF,9.0,4,0,0,0,4,.944,0,0,4.00,4.00
2025,805782,Ryan Lasko,Mesa Solar Sox,2025-10-21,Salt River Rafters,True,False,825601,R,RF,7.0,3,0,0,0,3,.952,0,0,3.00,3.86
2025,805782,Ryan Lasko,Mesa Solar Sox,2025-10-21,Salt River Rafters,True,True,825605,R,CF,5.0,0,0,0,0,0,.952,0,0,0.00,0.00
2025,805782,Ryan Lasko,Mesa Solar Sox,2025-10-22,Salt River Rafters,False,False,825631,R,LF,8.0,0,0,0,0,0,.952,0,0,0.00,0.00
2025,805782,Ryan Lasko,Mesa Solar Sox,2025-10-23,Surprise Saguaros,True,False,825600,R,CF,9.0,2,0,0,0,2,.957,0,0,2.00,2.00
2025,805782,Ryan Lasko,Mesa Solar Sox,2025-10-25,Surprise Saguaros,False,True,825585,R,CF,10.0,3,0,0,0,3,.962,0,0,3.00,2.70
2025,805782,Ryan Lasko,Mesa Solar Sox,2025-10-26,Scottsdale Scorpions,False,False,825609,R,RF,8.0,0,1,0,0,1,.963,0,0,1.00,1.13
2025,805782,Ryan Lasko,Mesa Solar Sox,2025-10-28,Glendale Desert Dogs,True,True,825599,R,CF,9.0,4,1,0,0,5,.969,0,0,5.00,5.00
2025,805782,Ryan Lasko,Mesa Solar Sox,2025-10-29,Glendale Desert Dogs,False,False,825656,R,CF,6.0,3,0,0,0,3,.971,0,0,3.00,4.50
2025,805782,Ryan Lasko,Mesa Solar Sox,2025-10-30,Salt River Rafters,False,True,825627,R,RF,4.0,1,0,0,0,1,.972,0,0,1.00,2.25
2025,805782,Ryan Lasko,Mesa Solar Sox,2025-10-31,Surprise Saguaros,False,True,825582,R,CF,7.0,3,0,1,1,4,.950,0,0,3.00,3.86
2025,805782,Ryan Lasko,Mesa Solar Sox,2025-11-01,Glendale Desert Dogs,True,True,825598,R,RF,9.0,1,0,0,0,1,.951,0,0,1.00,1.00
2025,805782,Ryan Lasko,Mesa Solar Sox,2025-11-02,Salt River Rafters,True,True,825597,R,RF,9.0,1,0,0,0,1,.952,0,0,1.00,1.00
2025,805782,Ryan Lasko,Mesa Solar Sox,2025-11-05,Glendale Desert Dogs,True,False,825594,R,CF,9.0,3,0,0,0,3,.956,0,0,3.00,3.00
2025,805782,Ryan Lasko,Mesa Solar Sox,2025-11-07,Peoria Javelinas,False,False,825640,R,CF,8.0,2,0,0,0,2,.957,0,0,2.00,2.25
2025,805782,Ryan Lasko,Mesa Solar Sox,2025-11-10,Glendale Desert Dogs,False,True,825653,R,CF,7.0,3,0,0,0,3,.960,0,0,3.00,3.86
2025,805782,Ryan Lasko,Mesa Solar Sox,2025-11-12,Salt River Rafters,True,True,825574,D,CF,9.0,2,0,0,0,2,1.000,0,0,2.00,2.00
2025,805782,Ryan Lasko,Mesa Solar Sox,2025-11-13,Surprise Saguaros,False,False,825580,L,CF,8.2,4,0,0,0,4,1.000,0,0,4.00,4.50
2025,701604,Andrew Lindsey,Mesa Solar Sox,2025-10-08,Peoria Javelinas,True,False,825606,R,P,0.2,0,0,0,0,0,.000,0,0,0.00,0.00
2025,701604,Andrew Lindsey,Mesa Solar Sox,2025-10-14,Surprise Saguaros,True,True,825604,R,P,1.1,0,0,0,0,0,.000,0,0,0.00,0.00
2025,701604,Andrew Lindsey,Mesa Solar Sox,2025-10-19,Peoria Javelinas,False,True,825645,R,P,2.0,0,0,0,0,0,.000,0,0,0.00,0.00
2025,701604,Andrew Lindsey,Mesa Solar Sox,2025-10-23,Surprise Saguaros,True,False,825600,R,P,1.0,0,0,0,0,0,.000,0,0,0.00,0.00
2025,701604,Andrew Lindsey,Mesa Solar Sox,2025-10-28,Glendale Desert Dogs,True,True,825599,R,P,1.2,0,0,0,0,0,.000,0,0,0.00,0.00
2025,701604,Andrew Lindsey,Mesa Solar Sox,2025-11-01,Glendale Desert Dogs,True,True,825598,R,P,2.0,0,0,0,0,0,.000,0,0,0.00,0.00
2025,701604,Andrew Lindsey,Mesa Solar Sox,2025-11-05,Glendale Desert Dogs,True,False,825594,R,P,2.0,0,0,0,0,0,.000,0,0,0.00,0.00
2025,815292,Luis Martinez-Gomez,Mesa Solar Sox,2025-10-07,Surprise Saguaros,True,False,825607,R,P,1.0,0,0,1,1,1,.000,0,0,0.00,0.00
2025,815292,Luis Martinez-Gomez,Mesa Solar Sox,2025-10-14,Surprise Saguaros,True,True,825604,R,P,2.0,0,0,0,0,0,.000,0,0,0.00,0.00
2025,815292,Luis Martinez-Gomez,Mesa Solar Sox,2025-10-23,Surprise Saguaros,True,False,825600,R,P,0.1,0,0,0,0,0,.000,0,0,0.00,0.00
2025,815292,Luis Martinez-Gomez,Mesa Solar Sox,2025-10-26,Scottsdale Scorpions,False,False,825609,R,P,1.0,0,0,0,0,0,.000,0,0,0.00,0.00
2025,815292,Luis Martinez-Gomez,Mesa Solar Sox,2025-10-30,Salt River Rafters,False,True,825627,R,P,1.0,0,0,0,0,0,.000,0,0,0.00,0.00
2025,815292,Luis Martinez-Gomez,Mesa Solar Sox,2025-11-02,Salt River Rafters,True,True,825597,R,P,2.0,0,0,0,0,0,.000,0,0,0.00,0.00
2025,815292,Luis Martinez-Gomez,Mesa Solar Sox,2025-11-07,Peoria Javelinas,False,False,825640,R,P,2.0,0,0,0,0,0,.000,0,0,0.00,0.00
2025,815292,Luis Martinez-Gomez,Mesa Solar Sox,2025-11-12,Salt River Rafters,True,True,825574,D,P,3.0,0,0,0,0,0,.000,0,0,0.00,0.00
2025,695573,Cole Mathis,Mesa Solar Sox,2025-10-08,Peoria Javelinas,True,False,825606,R,3B,1.0,0,0,0,0,0,.000,0,0,0.00,0.00
2025,695573,Cole Mathis,Mesa Solar Sox,2025-10-08,Peoria Javelinas,True,False,825606,R,1B,9.0,4,0,0,0,4,1.000,1,0,4.00,4.00
2025,695573,Cole Mathis,Mesa Solar Sox,2025-10-10,Scottsdale Scorpions,False,False,825620,R,1B,8.0,6,1,0,0,7,1.000,1,0,7.00,7.88
2025,695573,Cole Mathis,Mesa Solar Sox,2025-10-14,Surprise Saguaros,True,True,825604,R,1B,9.0,5,0,0,0,5,1.000,1,0,5.00,5.00
2025,695573,Cole Mathis,Mesa Solar Sox,2025-10-17,Scottsdale Scorpions,True,False,825595,R,1B,9.0,8,0,0,0,8,1.000,2,0,8.00,8.00
2025,695573,Cole Mathis,Mesa Solar Sox,2025-10-19,Peoria Javelinas,False,True,825645,R,1B,9.0,10,0,0,0,10,1.000,0,0,10.00,10.00
2025,695573,Cole Mathis,Mesa Solar Sox,2025-10-21,Salt River Rafters,True,True,825605,R,1B,7.0,6,0,0,0,6,1.000,0,0,6.00,7.71
2025,695573,Cole Mathis,Mesa Solar Sox,2025-10-22,Salt River Rafters,False,False,825631,R,1B,8.0,3,0,0,0,3,1.000,1,0,3.00,3.38
2025,695573,Cole Mathis,Mesa Solar Sox,2025-10-23,Surprise Saguaros,True,False,825600,R,1B,9.0,6,0,0,0,6,1.000,0,0,6.00,6.00
2025,695573,Cole Mathis,Mesa Solar Sox,2025-10-26,Scottsdale Scorpions,False,False,825609,R,1B,8.0,3,2,0,0,5,1.000,0,0,5.00,5.63
2025,695573,Cole Mathis,Mesa Solar Sox,2025-10-28,Glendale Desert Dogs,True,True,825599,R,1B,9.0,7,0,0,0,7,1.000,0,0,7.00,7.00
2025,695573,Cole Mathis,Mesa Solar Sox,2025-10-29,Glendale Desert Dogs,False,False,825656,R,1B,6.0,4,0,0,0,4,1.000,1,0,4.00,6.00
2025,695573,Cole Mathis,Mesa Solar Sox,2025-10-31,Surprise Saguaros,False,True,825582,R,3B,7.0,0,2,0,0,2,1.000,1,0,2.00,2.57
2025,695573,Cole Mathis,Mesa Solar Sox,2025-11-01,Glendale Desert Dogs,True,True,825598,R,1B,9.0,9,0,0,0,9,1.000,3,0,9.00,9.00
2025,695573,Cole Mathis,Mesa Solar Sox,2025-11-05,Glendale Desert Dogs,True,False,825594,R,1B,9.0,4,0,0,0,4,1.000,3,0,4.00,4.00
2025,695573,Cole Mathis,Mesa Solar Sox,2025-11-07,Peoria Javelinas,False,False,825640,R,1B,8.0,9,2,0,0,11,1.000,0,0,11.00,12.38
2025,695573,Cole Mathis,Mesa Solar Sox,2025-11-10,Glendale Desert Dogs,False,True,825653,R,1B,7.0,7,0,0,0,7,1.000,0,0,7.00,9.00
2025,695573,Cole Mathis,Mesa Solar Sox,2025-11-12,Salt River Rafters,True,True,825574,D,1B,9.0,11,0,0,0,11,1.000,1,0,11.00,11.00
2025,695573,Cole Mathis,Mesa Solar Sox,2025-11-13,Surprise Saguaros,False,False,825580,L,1B,8.2,4,0,0,0,4,1.000,1,0,4.00,4.50
2025,801995,Aiden May,Mesa Solar Sox,2025-10-10,Scottsdale Scorpions,False,False,825620,R,P,4.0,0,0,0,0,0,.000,0,0,0.00,0.00
2025,801995,Aiden May,Mesa Solar Sox,2025-10-18,Glendale Desert Dogs,False,True,825663,R,P,4.0,0,0,0,0,0,.000,0,0,0.00,0.00
2025,801995,Aiden May,Mesa Solar Sox,2025-10-26,Scottsdale Scorpions,False,False,825609,R,P,1.2,0,0,0,0,0,.000,0,0,0.00,0.00
2025,801995,Aiden May,Mesa Solar Sox,2025-11-02,Salt River Rafters,True,True,825597,R,P,3.2,1,1,0,0,2,1.000,0,0,2.00,6.00
2025,801995,Aiden May,Mesa Solar Sox,2025-11-10,Glendale Desert Dogs,False,True,825653,R,P,2.0,0,1,0,0,1,1.000,0,0,1.00,4.50
2025,703596,Karson Milbrandt,Mesa Solar Sox,2025-10-08,Peoria Javelinas,True,False,825606,R,P,3.2,0,0,0,0,0,.000,0,0,0.00,0.00
2025,703596,Karson Milbrandt,Mesa Solar Sox,2025-10-16,Peoria Javelinas,True,False,825603,R,P,3.0,0,0,0,0,0,.000,0,0,0.00,0.00
2025,703596,Karson Milbrandt,Mesa Solar Sox,2025-10-23,Surprise Saguaros,True,False,825600,R,P,2.2,0,0,0,0,0,.000,0,0,0.00,0.00
2025,703596,Karson Milbrandt,Mesa Solar Sox,2025-10-31,Surprise Saguaros,False,True,825582,R,P,3.0,1,0,0,0,1,1.000,0,0,1.00,3.00
2025,703596,Karson Milbrandt,Mesa Solar Sox,2025-11-06,Scottsdale Scorpions,True,False,825593,R,P,1.0,0,0,0,0,0,1.000,0,0,0.00,0.00
2025,815089,Coby Morales,Mesa Solar Sox,2025-10-08,Peoria Javelinas,True,False,825606,R,1B,1.0,0,0,0,0,0,.000,0,0,0.00,0.00
2025,815089,Coby Morales,Mesa Solar Sox,2025-10-08,Peoria Javelinas,True,False,825606,R,LF,9.0,4,0,0,0,4,1.000,0,0,4.00,4.00
2025,815089,Coby Morales,Mesa Solar Sox,2025-10-09,Salt River Rafters,False,True,825637,R,RF,9.0,1,0,0,0,1,1.000,0,0,1.00,1.00
2025,815089,Coby Morales,Mesa Solar Sox,2025-10-15,Surprise Saguaros,False,False,825589,R,RF,8.0,0,0,0,0,0,1.000,0,0,0.00,0.00
2025,815089,Coby Morales,Mesa Solar Sox,2025-10-16,Peoria Javelinas,True,False,825603,R,1B,9.0,3,1,0,0,4,1.000,0,0,4.00,4.00
2025,815089,Coby Morales,Mesa Solar Sox,2025-10-17,Scottsdale Scorpions,True,False,825595,R,LF,9.0,1,0,0,0,1,1.000,0,0,1.00,1.00
2025,815089,Coby Morales,Mesa Solar Sox,2025-11-04,Scottsdale Scorpions,True,True,825596,R,RF,9.0,0,0,0,0,0,1.000,0,0,0.00,0.00
2025,815089,Coby Morales,Mesa Solar Sox,2025-11-06,Scottsdale Scorpions,True,False,825593,R,RF,7.0,6,0,0,0,6,1.000,0,0,6.00,7.71
2025,815089,Coby Morales,Mesa Solar Sox,2025-11-11,Peoria Javelinas,True,True,825592,R,1B,7.0,3,0,0,0,3,1.000,0,0,3.00,3.86
2025,815089,Coby Morales,Mesa Solar Sox,2025-11-12,Salt River Rafters,True,True,825574,D,RF,9.0,6,0,0,0,6,1.000,0,0,6.00,6.00
2025,815089,Coby Morales,Mesa Solar Sox,2025-11-13,Surprise Saguaros,False,False,825580,L,RF,8.2,3,0,0,0,3,1.000,0,0,3.00,3.38
2025,691103,Koen Moreno,Mesa Solar Sox,2025-10-08,Peoria Javelinas,True,False,825606,R,P,4.0,0,0,0,0,0,.000,0,0,0.00,0.00
2025,691103,Koen Moreno,Mesa Solar Sox,2025-10-16,Peoria Javelinas,True,False,825603,R,P,3.0,0,0,0,0,0,.000,0,0,0.00,0.00
2025,691103,Koen Moreno,Mesa Solar Sox,2025-10-23,Surprise Saguaros,True,False,825600,R,P,3.0,0,1,0,0,1,1.000,0,0,1.00,3.00
2025,691103,Koen Moreno,Mesa Solar Sox,2025-10-30,Salt River Rafters,False,True,825627,R,P,3.0,0,0,0,0,0,1.000,0,0,0.00,0.00
2025,691103,Koen Moreno,Mesa Solar Sox,2025-11-06,Scottsdale Scorpions,True,False,825593,R,P,1.0,0,0,0,0,0,1.000,0,0,0.00,0.00
2025,691103,Koen Moreno,Mesa Solar Sox,2025-11-13,Surprise Saguaros,False,False,825580,L,P,3.0,0,0,0,0,0,.000,0,0,0.00,0.00
2025,703563,PJ Morlando,Mesa Solar Sox,2025-10-07,Surprise Saguaros,True,False,825607,R,LF,9.0,2,0,0,0,2,1.000,0,0,2.00,2.00
2025,703563,PJ Morlando,Mesa Solar Sox,2025-10-09,Salt River Rafters,False,True,825637,R,LF,9.0,1,0,0,0,1,1.000,0,0,1.00,1.00
2025,703563,PJ Morlando,Mesa Solar Sox,2025-10-14,Surprise Saguaros,True,True,825604,R,RF,9.0,1,0,0,0,1,1.000,0,0,1.00,1.00
2025,703563,PJ Morlando,Mesa Solar Sox,2025-10-16,Peoria Javelinas,True,False,825603,R,LF,9.0,0,0,0,0,0,1.000,0,0,0.00,0.00
2025,703563,PJ Morlando,Mesa Solar Sox,2025-10-18,Glendale Desert Dogs,False,True,825663,R,LF,7.0,0,0,0,0,0,1.000,0,0,0.00,0.00
2025,703563,PJ Morlando,Mesa Solar Sox,2025-10-19,Peoria Javelinas,False,True,825645,R,LF,9.0,1,0,0,0,1,1.000,0,0,1.00,1.00
2025,703563,PJ Morlando,Mesa Solar Sox,2025-10-21,Salt River Rafters,True,False,825601,R,LF,7.0,0,0,0,0,0,1.000,0,0,0.00,0.00
2025,703563,PJ Morlando,Mesa Solar Sox,2025-10-21,Salt River Rafters,True,True,825605,R,LF,7.0,1,0,0,0,1,1.000,0,0,1.00,1.29
2025,703563,PJ Morlando,Mesa Solar Sox,2025-10-22,Salt River Rafters,False,False,825631,R,RF,8.0,2,0,0,0,2,1.000,0,0,2.00,2.25
2025,703563,PJ Morlando,Mesa Solar Sox,2025-10-23,Surprise Saguaros,True,False,825600,R,RF,9.0,2,0,0,0,2,1.000,0,0,2.00,2.00
2025,703563,PJ Morlando,Mesa Solar Sox,2025-10-26,Scottsdale Scorpions,False,False,825609,R,CF,8.0,0,0,0,0,0,1.000,0,0,0.00,0.00
2025,703563,PJ Morlando,Mesa Solar Sox,2025-10-28,Glendale Desert Dogs,True,True,825599,R,LF,9.0,1,0,0,0,1,1.000,0,0,1.00,1.00
2025,703563,PJ Morlando,Mesa Solar Sox,2025-10-29,Glendale Desert Dogs,False,False,825656,R,LF,6.0,2,0,0,0,2,1.000,0,0,2.00,3.00
2025,703563,PJ Morlando,Mesa Solar Sox,2025-10-30,Salt River Rafters,False,True,825627,R,RF,5.0,1,0,0,0,1,1.000,0,0,1.00,1.80
2025,703563,PJ Morlando,Mesa Solar Sox,2025-11-05,Glendale Desert Dogs,True,False,825594,R,RF,9.0,3,0,0,0,3,1.000,0,0,3.00,3.00
2025,703563,PJ Morlando,Mesa Solar Sox,2025-11-07,Peoria Javelinas,False,False,825640,R,RF,8.0,0,0,0,0,0,1.000,0,0,0.00,0.00
2025,703563,PJ Morlando,Mesa Solar Sox,2025-11-10,Glendale Desert Dogs,False,True,825653,R,RF,7.0,2,0,0,0,2,1.000,0,0,2.00,2.57
2025,703563,PJ Morlando,Mesa Solar Sox,2025-11-11,Peoria Javelinas,True,True,825592,R,RF,7.0,1,0,1,0,2,.952,0,0,1.00,1.29
2025,680893,Hueston Morrill,Mesa Solar Sox,2025-10-09,Salt River Rafters,False,True,825637,R,P,0.1,0,0,0,0,0,.000,0,0,0.00,0.00
2025,680893,Hueston Morrill,Mesa Solar Sox,2025-10-15,Surprise Saguaros,False,False,825589,R,P,1.0,0,0,0,0,0,.000,0,0,0.00,0.00
2025,680893,Hueston Morrill,Mesa Solar Sox,2025-10-19,Peoria Javelinas,False,True,825645,R,P,1.0,0,0,0,0,0,.000,0,0,0.00,0.00
2025,680893,Hueston Morrill,Mesa Solar Sox,2025-10-22,Salt River Rafters,False,False,825631,R,P,1.1,0,0,0,0,0,.000,0,0,0.00,0.00
2025,680893,Hueston Morrill,Mesa Solar Sox,2025-10-25,Surprise Saguaros,False,True,825585,R,P,1.0,0,0,0,0,0,.000,0,0,0.00,0.00
2025,680893,Hueston Morrill,Mesa Solar Sox,2025-11-01,Glendale Desert Dogs,True,True,825598,R,P,2.0,1,0,0,0,1,1.000,0,0,1.00,4.50
2025,680893,Hueston Morrill,Mesa Solar Sox,2025-11-05,Glendale Desert Dogs,True,False,825594,R,P,1.0,0,0,0,0,0,1.000,0,0,0.00,0.00
2025,680893,Hueston Morrill,Mesa Solar Sox,2025-11-10,Glendale Desert Dogs,False,True,825653,R,P,1.0,0,0,0,0,0,1.000,0,0,0.00,0.00
2025,680893,Hueston Morrill,Mesa Solar Sox,2025-11-12,Salt River Rafters,True,True,825574,D,P,1.0,0,1,0,0,1,1.000,0,0,1.00,9.00
2025,691777,Max Muncy,Mesa Solar Sox,2025-10-07,Surprise Saguaros,True,False,825607,R,3B,9.0,0,1,0,0,1,1.000,0,0,1.00,1.00
2025,691777,Max Muncy,Mesa Solar Sox,2025-10-08,Peoria Javelinas,True,False,825606,R,3B,9.0,2,0,0,0,2,1.000,0,0,2.00,2.00
2025,691777,Max Muncy,Mesa Solar Sox,2025-10-10,Scottsdale Scorpions,False,False,825620,R,3B,8.0,0,0,0,0,0,1.000,0,0,0.00,0.00
2025,691777,Max Muncy,Mesa Solar Sox,2025-10-14,Surprise Saguaros,True,True,825604,R,3B,9.0,0,1,0,0,1,1.000,0,0,1.00,1.00
2025,691777,Max Muncy,Mesa Solar Sox,2025-10-15,Surprise Saguaros,False,False,825589,R,DH,0.0,0,0,0,0,0,1.000,0,0,0.00,-.--
2025,691777,Max Muncy,Mesa Solar Sox,2025-10-17,Scottsdale Scorpions,True,False,825595,R,3B,9.0,1,3,0,0,4,1.000,0,0,4.00,4.00
2025,691777,Max Muncy,Mesa Solar Sox,2025-10-19,Peoria Javelinas,False,True,825645,R,3B,6.0,0,1,0,0,1,1.000,0,0,1.00,1.50
2025,691777,Max Muncy,Mesa Solar Sox,2025-10-21,Salt River Rafters,True,False,825601,R,3B,7.0,1,2,0,0,3,1.000,0,0,3.00,3.86
2025,691777,Max Muncy,Mesa Solar Sox,2025-10-22,Salt River Rafters,False,False,825631,R,DH,0.0,0,0,0,0,0,1.000,0,0,0.00,-.--
2025,692633,Manuel Palencia,Mesa Solar Sox,2025-10-08,Peoria Javelinas,True,False,825606,R,C,10.0,9,1,2,2,12,.833,0,0,10.00,9.00
2025,692633,Manuel Palencia,Mesa Solar Sox,2025-10-14,Surprise Saguaros,True,True,825604,R,C,9.0,15,1,0,0,16,.929,0,0,16.00,16.00
2025,692633,Manuel Palencia,Mesa Solar Sox,2025-10-16,Peoria Javelinas,True,False,825603,R,C,9.0,15,0,0,0,15,.953,0,0,15.00,15.00
2025,692633,Manuel Palencia,Mesa Solar Sox,2025-10-18,Glendale Desert Dogs,False,True,825663,R,C,7.0,5,0,0,0,5,.958,0,0,5.00,6.43
2025,692633,Manuel Palencia,Mesa Solar Sox,2025-10-21,Salt River Rafters,True,True,825605,R,C,7.0,8,1,0,0,9,.965,0,0,9.00,11.57
2025,692633,Manuel Palencia,Mesa Solar Sox,2025-10-22,Salt River Rafters,False,False,825631,R,C,8.0,7,0,0,0,7,.969,0,0,7.00,7.88
2025,692633,Manuel Palencia,Mesa Solar Sox,2025-10-25,Surprise Saguaros,False,True,825585,R,C,10.0,7,3,0,0,10,.973,1,0,10.00,9.00
2025,692633,Manuel Palencia,Mesa Solar Sox,2025-10-29,Glendale Desert Dogs,False,False,825656,R,C,6.0,2,1,0,0,3,.974,0,0,3.00,4.50
2025,692633,Manuel Palencia,Mesa Solar Sox,2025-10-31,Surprise Saguaros,False,True,825582,R,C,7.0,6,0,0,0,6,.976,0,0,6.00,7.71
2025,692633,Manuel Palencia,Mesa Solar Sox,2025-11-02,Salt River Rafters,True,True,825597,R,C,9.0,10,0,1,1,11,.968,0,0,10.00,10.00
2025,692633,Manuel Palencia,Mesa Solar Sox,2025-11-04,Scottsdale Scorpions,True,True,825596,R,C,9.0,7,0,1,1,8,.961,0,0,7.00,7.00
2025,692633,Manuel Palencia,Mesa Solar Sox,2025-11-06,Scottsdale Scorpions,True,False,825593,R,C,7.0,5,1,1,1,7,.954,0,0,6.00,7.71
2025,692633,Manuel Palencia,Mesa Solar Sox,2025-11-10,Glendale Desert Dogs,False,True,825653,R,C,7.0,4,2,0,0,6,.957,0,0,6.00,7.71
2025,802963,Mathew Peters,Mesa Solar Sox,2025-10-08,Peoria Javelinas,True,False,825606,R,P,0.1,0,0,0,0,0,.000,0,0,0.00,0.00
2025,802963,Mathew Peters,Mesa Solar Sox,2025-10-16,Peoria Javelinas,True,False,825603,R,P,0.2,0,0,0,0,0,.000,0,0,0.00,0.00
2025,802963,Mathew Peters,Mesa Solar Sox,2025-10-19,Peoria Javelinas,False,True,825645,R,P,2.2,0,0,0,0,0,.000,0,0,0.00,0.00
2025,802963,Mathew Peters,Mesa Solar Sox,2025-10-22,Salt River Rafters,False,False,825631,R,P,1.0,0,0,0,0,0,.000,0,0,0.00,0.00
2025,802963,Mathew Peters,Mesa Solar Sox,2025-10-28,Glendale Desert Dogs,True,True,825599,R,P,0.1,0,0,0,0,0,.000,0,0,0.00,0.00
2025,802963,Mathew Peters,Mesa Solar Sox,2025-11-02,Salt River Rafters,True,True,825597,R,P,1.0,0,0,0,0,0,.000,0,0,0.00,0.00
2025,802963,Mathew Peters,Mesa Solar Sox,2025-11-07,Peoria Javelinas,False,False,825640,R,P,2.0,2,0,0,0,2,1.000,0,0,2.00,9.00
2025,802963,Mathew Peters,Mesa Solar Sox,2025-11-11,Peoria Javelinas,True,True,825592,R,P,1.0,0,0,0,0,0,1.000,0,0,0.00,0.00
2025,806281,Blaze Pontes,Mesa Solar Sox,2025-10-07,Surprise Saguaros,True,False,825607,R,P,0.2,0,0,0,0,0,.000,0,0,0.00,0.00
2025,806281,Blaze Pontes,Mesa Solar Sox,2025-10-09,Salt River Rafters,False,True,825637,R,P,0.1,0,0,0,0,0,.000,0,0,0.00,0.00
2025,806281,Blaze Pontes,Mesa Solar Sox,2025-10-15,Surprise Saguaros,False,False,825589,R,P,1.0,0,0,0,0,0,.000,0,0,0.00,0.00
2025,806281,Blaze Pontes,Mesa Solar Sox,2025-10-17,Scottsdale Scorpions,True,False,825595,R,P,1.0,0,0,0,0,0,.000,0,0,0.00,0.00
2025,806281,Blaze Pontes,Mesa Solar Sox,2025-10-21,Salt River Rafters,True,True,825605,R,P,1.1,0,0,0,0,0,.000,0,0,0.00,0.00
2025,806281,Blaze Pontes,Mesa Solar Sox,2025-10-26,Scottsdale Scorpions,False,False,825609,R,P,1.0,0,0,0,0,0,.000,0,0,0.00,0.00
2025,806281,Blaze Pontes,Mesa Solar Sox,2025-11-01,Glendale Desert Dogs,True,True,825598,R,P,2.0,0,0,0,0,0,.000,0,0,0.00,0.00
2025,806281,Blaze Pontes,Mesa Solar Sox,2025-11-05,Glendale Desert Dogs,True,False,825594,R,P,1.1,0,0,0,0,0,.000,0,0,0.00,0.00
2025,806281,Blaze Pontes,Mesa Solar Sox,2025-11-11,Peoria Javelinas,True,True,825592,R,P,1.0,0,0,0,0,0,.000,0,0,0.00,0.00
2025,804751,Logan Poteet,Mesa Solar Sox,2025-10-09,Salt River Rafters,False,True,825637,R,1B,9.0,6,0,0,0,6,1.000,0,0,6.00,6.00
2025,804751,Logan Poteet,Mesa Solar Sox,2025-10-19,Peoria Javelinas,False,True,825645,R,DH,0.0,0,0,0,0,0,1.000,0,0,0.00,-.--
2025,804751,Logan Poteet,Mesa Solar Sox,2025-10-19,Peoria Javelinas,False,True,825645,R,C,1.0,0,0,0,0,0,1.000,0,0,0.00,0.00
2025,804751,Logan Poteet,Mesa Solar Sox,2025-10-21,Salt River Rafters,True,False,825601,R,DH,0.0,0,0,0,0,0,1.000,0,0,0.00,-.--
2025,804751,Logan Poteet,Mesa Solar Sox,2025-10-30,Salt River Rafters,False,True,825627,R,1B,9.0,8,0,0,0,8,1.000,0,0,8.00,8.00
2025,804751,Logan Poteet,Mesa Solar Sox,2025-11-05,Glendale Desert Dogs,True,False,825594,R,C,3.0,5,0,0,0,5,1.000,0,0,5.00,15.00
2025,804751,Logan Poteet,Mesa Solar Sox,2025-11-06,Scottsdale Scorpions,True,False,825593,R,1B,7.0,4,1,1,0,6,.960,0,0,5.00,6.43
2025,801270,Darwin Rodriguez,Mesa Solar Sox,2025-10-09,Salt River Rafters,False,True,825637,R,P,1.0,0,0,0,0,0,.000,0,0,0.00,0.00
2025,801270,Darwin Rodriguez,Mesa Solar Sox,2025-10-16,Peoria Javelinas,True,False,825603,R,P,1.0,0,0,0,0,0,.000,0,0,0.00,0.00
2025,801270,Darwin Rodriguez,Mesa Solar Sox,2025-10-19,Peoria Javelinas,False,True,825645,R,P,2.0,0,0,0,0,0,.000,0,0,0.00,0.00
2025,801270,Darwin Rodriguez,Mesa Solar Sox,2025-10-25,Surprise Saguaros,False,True,825585,R,P,0.1,0,0,0,0,0,.000,0,0,0.00,0.00
2025,801270,Darwin Rodriguez,Mesa Solar Sox,2025-10-29,Glendale Desert Dogs,False,False,825656,R,P,1.2,0,0,0,0,0,.000,0,0,0.00,0.00
2025,801270,Darwin Rodriguez,Mesa Solar Sox,2025-11-04,Scottsdale Scorpions,True,True,825596,R,P,1.2,0,0,0,0,0,.000,0,0,0.00,0.00
2025,801270,Darwin Rodriguez,Mesa Solar Sox,2025-11-11,Peoria Javelinas,True,True,825592,R,P,1.0,0,0,0,0,0,.000,0,0,0.00,0.00
2025,812163,Jonathan Russell,Mesa Solar Sox,2025-10-10,Scottsdale Scorpions,False,False,825620,R,P,1.0,0,1,0,0,1,1.000,0,0,1.00,9.00
2025,812163,Jonathan Russell,Mesa Solar Sox,2025-10-17,Scottsdale Scorpions,True,False,825595,R,P,2.0,0,0,1,1,1,.500,0,0,0.00,0.00
2025,812163,Jonathan Russell,Mesa Solar Sox,2025-10-21,Salt River Rafters,True,False,825601,R,P,1.0,0,0,0,0,0,.500,0,0,0.00,0.00
2025,812163,Jonathan Russell,Mesa Solar Sox,2025-10-25,Surprise Saguaros,False,True,825585,R,P,1.0,0,0,0,0,0,.500,0,0,0.00,0.00
2025,812163,Jonathan Russell,Mesa Solar Sox,2025-11-01,Glendale Desert Dogs,True,True,825598,R,P,1.0,0,0,0,0,0,.500,0,0,0.00,0.00
2025,812163,Jonathan Russell,Mesa Solar Sox,2025-11-07,Peoria Javelinas,False,False,825640,R,P,1.0,0,0,0,0,0,.500,0,0,0.00,0.00
2025,681415,Jack Sellinger,Mesa Solar Sox,2025-10-07,Surprise Saguaros,True,False,825607,R,P,1.0,0,0,0,0,0,.000,0,0,0.00,0.00
2025,681415,Jack Sellinger,Mesa Solar Sox,2025-10-10,Scottsdale Scorpions,False,False,825620,R,P,1.0,0,0,0,0,0,.000,0,0,0.00,0.00
2025,681415,Jack Sellinger,Mesa Solar Sox,2025-10-26,Scottsdale Scorpions,False,False,825609,R,P,1.0,0,0,0,0,0,.000,0,0,0.00,0.00
2025,681415,Jack Sellinger,Mesa Solar Sox,2025-10-31,Surprise Saguaros,False,True,825582,R,P,1.0,0,0,0,0,0,.000,0,0,0.00,0.00
2025,681415,Jack Sellinger,Mesa Solar Sox,2025-11-04,Scottsdale Scorpions,True,True,825596,R,P,1.0,0,0,0,0,0,.000,0,0,0.00,0.00
2025,681415,Jack Sellinger,Mesa Solar Sox,2025-11-07,Peoria Javelinas,False,False,825640,R,P,1.0,0,0,0,0,0,.000,0,0,0.00,0.00
2025,681415,Jack Sellinger,Mesa Solar Sox,2025-11-10,Glendale Desert Dogs,False,True,825653,R,P,1.0,0,0,0,0,0,.000,0,0,0.00,0.00
2025,681415,Jack Sellinger,Mesa Solar Sox,2025-11-13,Surprise Saguaros,False,False,825580,L,P,2.0,0,0,0,0,0,.000,0,0,0.00,0.00
2025,806223,Aidan Smith,Mesa Solar Sox,2025-10-07,Surprise Saguaros,True,False,825607,R,DH,0.0,0,0,0,0,0,.000,0,0,0.00,-.--
2025,806223,Aidan Smith,Mesa Solar Sox,2025-10-09,Salt River Rafters,False,True,825637,R,DH,0.0,0,0,0,0,0,.000,0,0,0.00,-.--
2025,806223,Aidan Smith,Mesa Solar Sox,2025-10-10,Scottsdale Scorpions,False,False,825620,R,CF,8.0,1,0,0,0,1,1.000,0,0,1.00,1.13
2025,806223,Aidan Smith,Mesa Solar Sox,2025-10-14,Surprise Saguaros,True,True,825604,R,CF,9.0,1,0,0,0,1,1.000,0,0,1.00,1.00
2025,806223,Aidan Smith,Mesa Solar Sox,2025-10-23,Surprise Saguaros,True,False,825600,R,DH,0.0,0,0,0,0,0,1.000,0,0,0.00,-.--
2025,806223,Aidan Smith,Mesa Solar Sox,2025-10-25,Surprise Saguaros,False,True,825585,R,DH,0.0,0,0,0,0,0,1.000,0,0,0.00,-.--
2025,806223,Aidan Smith,Mesa Solar Sox,2025-10-29,Glendale Desert Dogs,False,False,825656,R,DH,0.0,0,0,0,0,0,1.000,0,0,0.00,-.--
2025,806223,Aidan Smith,Mesa Solar Sox,2025-10-30,Salt River Rafters,False,True,825627,R,DH,0.0,0,0,0,0,0,1.000,0,0,0.00,-.--
2025,806223,Aidan Smith,Mesa Solar Sox,2025-11-01,Glendale Desert Dogs,True,True,825598,R,DH,0.0,0,0,0,0,0,1.000,0,0,0.00,-.--
2025,806223,Aidan Smith,Mesa Solar Sox,2025-11-04,Scottsdale Scorpions,True,True,825596,R,DH,0.0,0,0,0,0,0,1.000,0,0,0.00,-.--
2025,806223,Aidan Smith,Mesa Solar Sox,2025-11-06,Scottsdale Scorpions,True,False,825593,R,DH,0.0,0,0,0,0,0,1.000,0,0,0.00,-.--
2025,806223,Aidan Smith,Mesa Solar Sox,2025-11-10,Glendale Desert Dogs,False,True,825653,R,DH,0.0,0,0,0,0,0,1.000,0,0,0.00,-.--
2025,806223,Aidan Smith,Mesa Solar Sox,2025-11-12,Salt River Rafters,True,True,825574,D,DH,0.0,0,0,0,0,0,.000,0,0,0.00,-.--
2025,806223,Aidan Smith,Mesa Solar Sox,2025-11-13,Surprise Saguaros,False,False,825580,L,DH,0.0,0,0,0,0,0,.000,0,0,0.00,-.--
2025,694696,Cade Smith,Mesa Solar Sox,2025-10-14,Surprise Saguaros,True,True,825604,R,P,3.0,0,0,0,0,0,.000,0,0,0.00,0.00
2025,694696,Cade Smith,Mesa Solar Sox,2025-10-21,Salt River Rafters,True,True,825605,R,P,3.2,0,0,0,0,0,.000,0,0,0.00,0.00
2025,694696,Cade Smith,Mesa Solar Sox,2025-10-28,Glendale Desert Dogs,True,True,825599,R,P,3.0,0,0,0,0,0,.000,0,0,0.00,0.00
2025,694696,Cade Smith,Mesa Solar Sox,2025-11-04,Scottsdale Scorpions,True,True,825596,R,P,3.0,0,0,0,0,0,.000,0,0,0.00,0.00
2025,694696,Cade Smith,Mesa Solar Sox,2025-11-13,Surprise Saguaros,False,False,825580,L,P,2.2,0,0,0,0,0,.000,0,0,0.00,0.00
2025,688636,Adam Stone,Mesa Solar Sox,2025-10-09,Salt River Rafters,False,True,825637,R,P,0.2,0,0,0,0,0,.000,0,0,0.00,0.00
2025,688636,Adam Stone,Mesa Solar Sox,2025-10-16,Peoria Javelinas,True,False,825603,R,P,0.1,0,0,0,0,0,.000,0,0,0.00,0.00
2025,688636,Adam Stone,Mesa Solar Sox,2025-10-21,Salt River Rafters,True,False,825601,R,P,1.0,0,0,0,0,0,.000,0,0,0.00,0.00
2025,688636,Adam Stone,Mesa Solar Sox,2025-10-26,Scottsdale Scorpions,False,False,825609,R,P,1.0,1,0,0,0,1,1.000,0,0,1.00,9.00
2025,688636,Adam Stone,Mesa Solar Sox,2025-10-31,Surprise Saguaros,False,True,825582,R,P,1.0,0,0,0,0,0,1.000,0,0,0.00,0.00
2025,688636,Adam Stone,Mesa Solar Sox,2025-11-06,Scottsdale Scorpions,True,False,825593,R,P,0.1,0,0,0,0,0,1.000,0,0,0.00,0.00
2025,688636,Adam Stone,Mesa Solar Sox,2025-11-11,Peoria Javelinas,True,True,825592,R,P,1.0,0,0,0,0,0,1.000,0,0,0.00,0.00
2025,694966,Brayden Taylor,Mesa Solar Sox,2025-10-08,Peoria Javelinas,True,False,825606,R,DH,0.0,0,0,0,0,0,.000,0,0,0.00,-.--
2025,694966,Brayden Taylor,Mesa Solar Sox,2025-10-10,Scottsdale Scorpions,False,False,825620,R,2B,8.0,3,1,0,0,4,1.000,1,0,4.00,4.50
2025,694966,Brayden Taylor,Mesa Solar Sox,2025-10-15,Surprise Saguaros,False,False,825589,R,3B,8.0,0,0,0,0,0,1.000,0,0,0.00,0.00
2025,694966,Brayden Taylor,Mesa Solar Sox,2025-10-16,Peoria Javelinas,True,False,825603,R,2B,9.0,1,2,0,0,3,1.000,0,0,3.00,3.00
2025,694966,Brayden Taylor,Mesa Solar Sox,2025-10-18,Glendale Desert Dogs,False,True,825663,R,3B,7.0,1,0,0,0,1,1.000,0,0,1.00,1.29
2025,694966,Brayden Taylor,Mesa Solar Sox,2025-10-19,Peoria Javelinas,False,True,825645,R,3B,3.0,0,0,0,0,0,1.000,0,0,0.00,0.00
2025,694966,Brayden Taylor,Mesa Solar Sox,2025-10-21,Salt River Rafters,True,True,825605,R,3B,7.0,0,1,0,0,1,1.000,0,0,1.00,1.29
2025,694966,Brayden Taylor,Mesa Solar Sox,2025-10-22,Salt River Rafters,False,False,825631,R,3B,8.0,3,2,0,0,5,1.000,1,0,5.00,5.63
2025,694966,Brayden Taylor,Mesa Solar Sox,2025-10-25,Surprise Saguaros,False,True,825585,R,3B,10.0,0,1,0,0,1,1.000,0,0,1.00,0.90
2025,694966,Brayden Taylor,Mesa Solar Sox,2025-10-28,Glendale Desert Dogs,True,True,825599,R,DH,0.0,0,0,0,0,0,1.000,0,0,0.00,-.--
2025,694966,Brayden Taylor,Mesa Solar Sox,2025-10-30,Salt River Rafters,False,True,825627,R,3B,9.0,1,4,0,0,5,1.000,0,0,5.00,5.00
2025,694966,Brayden Taylor,Mesa Solar Sox,2025-11-01,Glendale Desert Dogs,True,True,825598,R,2B,9.0,4,4,0,0,8,1.000,2,0,8.00,8.00
2025,694966,Brayden Taylor,Mesa Solar Sox,2025-11-05,Glendale Desert Dogs,True,False,825594,R,DH,0.0,0,0,0,0,0,1.000,0,0,0.00,-.--
2025,694966,Brayden Taylor,Mesa Solar Sox,2025-11-06,Scottsdale Scorpions,True,False,825593,R,3B,7.0,2,0,0,0,2,1.000,0,0,2.00,2.57
2025,694966,Brayden Taylor,Mesa Solar Sox,2025-11-07,Peoria Javelinas,False,False,825640,R,2B,8.0,1,4,0,0,5,1.000,0,0,5.00,5.63
2025,694966,Brayden Taylor,Mesa Solar Sox,2025-11-11,Peoria Javelinas,True,True,825592,R,2B,7.0,0,2,0,0,2,1.000,0,0,2.00,2.57
2025,694966,Brayden Taylor,Mesa Solar Sox,2025-11-12,Salt River Rafters,True,True,825574,D,2B,9.0,1,2,0,0,3,1.000,1,0,3.00,3.00
2025,694966,Brayden Taylor,Mesa Solar Sox,2025-11-13,Surprise Saguaros,False,False,825580,L,2B,8.2,1,3,0,0,4,1.000,1,0,4.00,4.50
2025,800285,Enmanuel Tejeda,Mesa Solar Sox,2025-10-08,Peoria Javelinas,True,False,825606,R,2B,10.0,2,2,0,0,4,1.000,1,0,4.00,3.60
2025,800285,Enmanuel Tejeda,Mesa Solar Sox,2025-10-09,Salt River Rafters,False,True,825637,R,2B,9.0,2,2,0,0,4,1.000,0,0,4.00,4.00
2025,800285,Enmanuel Tejeda,Mesa Solar Sox,2025-10-10,Scottsdale Scorpions,False,False,825620,R,DH,0.0,0,0,0,0,0,1.000,0,0,0.00,-.--
2025,800285,Enmanuel Tejeda,Mesa Solar Sox,2025-10-15,Surprise Saguaros,False,False,825589,R,2B,8.0,1,5,0,0,6,1.000,0,0,6.00,6.75
2025,800285,Enmanuel Tejeda,Mesa Solar Sox,2025-10-17,Scottsdale Scorpions,True,False,825595,R,2B,9.0,1,3,0,0,4,1.000,2,0,4.00,4.00
2025,800285,Enmanuel Tejeda,Mesa Solar Sox,2025-10-18,Glendale Desert Dogs,False,True,825663,R,DH,0.0,0,0,0,0,0,1.000,0,0,0.00,-.--
2025,800285,Enmanuel Tejeda,Mesa Solar Sox,2025-10-19,Peoria Javelinas,False,True,825645,R,2B,9.0,0,6,0,0,6,1.000,0,0,6.00,6.00
2025,800285,Enmanuel Tejeda,Mesa Solar Sox,2025-10-21,Salt River Rafters,True,True,825605,R,2B,7.0,3,2,0,0,5,1.000,0,0,5.00,6.43
2025,800285,Enmanuel Tejeda,Mesa Solar Sox,2025-10-22,Salt River Rafters,False,False,825631,R,2B,8.0,3,2,1,1,6,.971,1,0,5.00,5.63
2025,800285,Enmanuel Tejeda,Mesa Solar Sox,2025-10-25,Surprise Saguaros,False,True,825585,R,2B,10.0,6,4,0,0,10,.978,2,0,10.00,9.00
2025,800285,Enmanuel Tejeda,Mesa Solar Sox,2025-10-26,Scottsdale Scorpions,False,False,825609,R,DH,0.0,0,0,0,0,0,.978,0,0,0.00,-.--
2025,800285,Enmanuel Tejeda,Mesa Solar Sox,2025-10-28,Glendale Desert Dogs,True,True,825599,R,2B,9.0,1,2,0,0,3,.979,0,0,3.00,3.00
2025,800285,Enmanuel Tejeda,Mesa Solar Sox,2025-10-30,Salt River Rafters,False,True,825627,R,2B,9.0,0,0,0,0,0,.979,0,0,0.00,0.00
2025,800285,Enmanuel Tejeda,Mesa Solar Sox,2025-10-31,Surprise Saguaros,False,True,825582,R,2B,7.0,2,4,0,0,6,.981,2,0,6.00,7.71
2025,800285,Enmanuel Tejeda,Mesa Solar Sox,2025-11-02,Salt River Rafters,True,True,825597,R,DH,0.0,0,0,0,0,0,.981,0,0,0.00,-.--
2025,800285,Enmanuel Tejeda,Mesa Solar Sox,2025-11-04,Scottsdale Scorpions,True,True,825596,R,2B,9.0,3,5,0,0,8,.984,3,0,8.00,8.00
2025,800285,Enmanuel Tejeda,Mesa Solar Sox,2025-11-06,Scottsdale Scorpions,True,False,825593,R,2B,7.0,0,1,0,0,1,.984,0,0,1.00,1.29
2025,800285,Enmanuel Tejeda,Mesa Solar Sox,2025-11-07,Peoria Javelinas,False,False,825640,R,DH,0.0,0,0,0,0,0,.984,0,0,0.00,-.--
2025,800285,Enmanuel Tejeda,Mesa Solar Sox,2025-11-10,Glendale Desert Dogs,False,True,825653,R,2B,7.0,1,2,1,0,4,.970,0,0,3.00,3.86
2025,800285,Enmanuel Tejeda,Mesa Solar Sox,2025-11-11,Peoria Javelinas,True,True,825592,R,DH,0.0,0,0,0,0,0,.970,0,0,0.00,-.--
2025,814458,Fenwick Trimble,Mesa Solar Sox,2025-10-07,Surprise Saguaros,True,False,825607,R,CF,9.0,4,0,0,0,4,1.000,0,0,4.00,4.00
2025,814458,Fenwick Trimble,Mesa Solar Sox,2025-10-08,Peoria Javelinas,True,False,825606,R,LF,1.0,0,0,0,0,0,1.000,0,0,0.00,0.00
2025,814458,Fenwick Trimble,Mesa Solar Sox,2025-10-09,Salt River Rafters,False,True,825637,R,CF,9.0,2,0,0,0,2,1.000,0,0,2.00,2.00
2025,814458,Fenwick Trimble,Mesa Solar Sox,2025-10-14,Surprise Saguaros,True,True,825604,R,LF,9.0,3,0,0,0,3,1.000,0,0,3.00,3.00
2025,814458,Fenwick Trimble,Mesa Solar Sox,2025-10-16,Peoria Javelinas,True,False,825603,R,CF,9.0,2,0,0,0,2,1.000,0,0,2.00,2.00
2025,814458,Fenwick Trimble,Mesa Solar Sox,2025-10-17,Scottsdale Scorpions,True,False,825595,R,RF,9.0,1,0,0,0,1,1.000,0,0,1.00,1.00
2025,814458,Fenwick Trimble,Mesa Solar Sox,2025-10-19,Peoria Javelinas,False,True,825645,R,CF,9.0,4,0,0,0,4,1.000,0,0,4.00,4.00
2025,814458,Fenwick Trimble,Mesa Solar Sox,2025-10-21,Salt River Rafters,True,False,825601,R,CF,7.0,2,0,0,0,2,1.000,0,0,2.00,2.57
2025,814458,Fenwick Trimble,Mesa Solar Sox,2025-10-21,Salt River Rafters,True,True,825605,R,RF,5.0,1,0,0,0,1,1.000,0,0,1.00,1.80
2025,814458,Fenwick Trimble,Mesa Solar Sox,2025-10-21,Salt River Rafters,True,True,825605,R,CF,2.0,1,0,0,0,1,1.000,0,0,1.00,4.50
2025,814458,Fenwick Trimble,Mesa Solar Sox,2025-10-22,Salt River Rafters,False,False,825631,R,CF,8.0,5,0,0,0,5,1.000,0,0,5.00,5.63
2025,814458,Fenwick Trimble,Mesa Solar Sox,2025-10-23,Surprise Saguaros,True,False,825600,R,LF,9.0,1,0,0,0,1,1.000,0,0,1.00,1.00
2025,814458,Fenwick Trimble,Mesa Solar Sox,2025-10-25,Surprise Saguaros,False,True,825585,R,LF,10.0,2,1,0,0,3,1.000,0,0,3.00,2.70
2025,814458,Fenwick Trimble,Mesa Solar Sox,2025-10-26,Scottsdale Scorpions,False,False,825609,R,LF,8.0,1,0,0,0,1,1.000,0,0,1.00,1.13
2025,814458,Fenwick Trimble,Mesa Solar Sox,2025-10-28,Glendale Desert Dogs,True,True,825599,R,RF,9.0,4,0,0,0,4,1.000,0,0,4.00,4.00
2025,814458,Fenwick Trimble,Mesa Solar Sox,2025-10-30,Salt River Rafters,False,True,825627,R,CF,9.0,3,0,0,0,3,1.000,0,0,3.00,3.00
2025,814458,Fenwick Trimble,Mesa Solar Sox,2025-10-31,Surprise Saguaros,False,True,825582,R,RF,7.0,0,0,0,0,0,1.000,0,0,0.00,0.00
2025,814458,Fenwick Trimble,Mesa Solar Sox,2025-11-01,Glendale Desert Dogs,True,True,825598,R,CF,9.0,3,0,1,1,4,.976,0,0,3.00,3.00
2025,814458,Fenwick Trimble,Mesa Solar Sox,2025-11-02,Salt River Rafters,True,True,825597,R,CF,9.0,0,0,0,0,0,.976,0,0,0.00,0.00
2025,814458,Fenwick Trimble,Mesa Solar Sox,2025-11-04,Scottsdale Scorpions,True,True,825596,R,CF,9.0,4,0,0,0,4,.978,0,0,4.00,4.00
2025,814458,Fenwick Trimble,Mesa Solar Sox,2025-11-06,Scottsdale Scorpions,True,False,825593,R,CF,7.0,2,0,0,0,2,.979,0,0,2.00,2.57
2025,814458,Fenwick Trimble,Mesa Solar Sox,2025-11-11,Peoria Javelinas,True,True,825592,R,CF,7.0,3,0,0,0,3,.980,0,0,3.00,3.86
2025,814458,Fenwick Trimble,Mesa Solar Sox,2025-11-12,Salt River Rafters,True,True,825574,D,LF,9.0,1,0,0,0,1,1.000,0,0,1.00,1.00
2025,814458,Fenwick Trimble,Mesa Solar Sox,2025-11-13,Surprise Saguaros,False,False,825580,L,LF,8.2,2,0,0,0,2,1.000,0,0,2.00,2.25
2025,702516,JP Wheat,Mesa Solar Sox,2025-10-10,Scottsdale Scorpions,False,False,825620,R,P,1.0,0,1,0,0,1,1.000,0,0,1.00,9.00
2025,702516,JP Wheat,Mesa Solar Sox,2025-10-18,Glendale Desert Dogs,False,True,825663,R,P,1.0,0,0,0,0,0,1.000,0,0,0.00,0.00
2025,702516,JP Wheat,Mesa Solar Sox,2025-10-25,Surprise Saguaros,False,True,825585,R,P,1.0,0,0,0,0,0,1.000,0,0,0.00,0.00
2025,702516,JP Wheat,Mesa Solar Sox,2025-10-29,Glendale Desert Dogs,False,False,825656,R,P,0.1,0,0,0,0,0,1.000,0,0,0.00,0.00
2025,702516,JP Wheat,Mesa Solar Sox,2025-11-02,Salt River Rafters,True,True,825597,R,P,1.0,0,0,0,0,0,1.000,0,0,0.00,0.00
2025,702516,JP Wheat,Mesa Solar Sox,2025-11-07,Peoria Javelinas,False,False,825640,R,P,1.0,0,0,0,0,0,1.000,0,0,0.00,0.00
2025,695720,Tommy White,Mesa Solar Sox,2025-10-07,Surprise Saguaros,True,False,825607,R,1B,9.0,5,2,0,0,7,1.000,1,0,7.00,7.00
2025,695720,Tommy White,Mesa Solar Sox,2025-10-09,Salt River Rafters,False,True,825637,R,3B,9.0,2,1,0,0,3,1.000,0,0,3.00,3.00
2025,695720,Tommy White,Mesa Solar Sox,2025-10-15,Surprise Saguaros,False,False,825589,R,1B,8.0,11,0,0,0,11,1.000,0,0,11.00,12.38
2025,695720,Tommy White,Mesa Solar Sox,2025-10-16,Peoria Javelinas,True,False,825603,R,3B,9.0,0,1,0,0,1,1.000,0,0,1.00,1.00
2025,695720,Tommy White,Mesa Solar Sox,2025-10-18,Glendale Desert Dogs,False,True,825663,R,1B,7.0,6,0,0,0,6,1.000,2,0,6.00,7.71
2025,695720,Tommy White,Mesa Solar Sox,2025-10-21,Salt River Rafters,True,False,825601,R,1B,7.0,5,0,0,0,5,1.000,0,0,5.00,6.43
2025,695720,Tommy White,Mesa Solar Sox,2025-10-23,Surprise Saguaros,True,False,825600,R,3B,9.0,1,1,0,0,2,1.000,0,0,2.00,2.00
2025,695720,Tommy White,Mesa Solar Sox,2025-10-25,Surprise Saguaros,False,True,825585,R,1B,10.0,6,0,0,0,6,1.000,2,0,6.00,5.40
2025,695720,Tommy White,Mesa Solar Sox,2025-10-26,Scottsdale Scorpions,False,False,825609,R,3B,8.0,1,0,0,0,1,1.000,0,0,1.00,1.13
2025,695720,Tommy White,Mesa Solar Sox,2025-10-28,Glendale Desert Dogs,True,True,825599,R,3B,9.0,1,3,0,0,4,1.000,0,0,4.00,4.00
2025,695720,Tommy White,Mesa Solar Sox,2025-10-29,Glendale Desert Dogs,False,False,825656,R,3B,6.0,4,1,0,0,5,1.000,2,0,5.00,7.50
2025,695720,Tommy White,Mesa Solar Sox,2025-10-31,Surprise Saguaros,False,True,825582,R,1B,7.0,8,1,0,0,9,1.000,2,0,9.00,11.57
2025,695720,Tommy White,Mesa Solar Sox,2025-11-01,Glendale Desert Dogs,True,True,825598,R,3B,9.0,1,4,0,0,5,1.000,1,0,5.00,5.00
2025,695720,Tommy White,Mesa Solar Sox,2025-11-02,Salt River Rafters,True,True,825597,R,3B,9.0,0,1,0,0,1,1.000,0,0,1.00,1.00
2025,695720,Tommy White,Mesa Solar Sox,2025-11-04,Scottsdale Scorpions,True,True,825596,R,3B,9.0,1,3,0,0,4,1.000,1,0,4.00,4.00
2025,695720,Tommy White,Mesa Solar Sox,2025-11-05,Glendale Desert Dogs,True,False,825594,R,3B,9.0,1,0,0,0,1,1.000,1,0,1.00,1.00
2025,695720,Tommy White,Mesa Solar Sox,2025-11-07,Peoria Javelinas,False,False,825640,R,3B,8.0,0,2,1,0,3,.986,0,0,2.00,2.25
2025,695720,Tommy White,Mesa Solar Sox,2025-11-10,Glendale Desert Dogs,False,True,825653,R,3B,7.0,0,1,0,0,1,.987,0,0,1.00,1.29
2025,695720,Tommy White,Mesa Solar Sox,2025-11-11,Peoria Javelinas,True,True,825592,R,3B,7.0,2,0,0,0,2,.987,0,0,2.00,2.57
2025,695720,Tommy White,Mesa Solar Sox,2025-11-12,Salt River Rafters,True,True,825574,D,3B,9.0,0,1,0,0,1,1.000,0,0,1.00,1.00
2025,695720,Tommy White,Mesa Solar Sox,2025-11-13,Surprise Saguaros,False,False,825580,L,3B,8.2,1,0,0,0,1,1.000,0,0,1.00,1.13
2025,801829,Jay Allmer,Salt River Rafters,2025-10-07,Glendale Desert Dogs,True,True,825635,R,P,1.0,0,0,0,0,0,.000,0,0,0.00,0.00
2025,801829,Jay Allmer,Salt River Rafters,2025-10-10,Peoria Javelinas,False,False,825651,R,P,1.1,0,0,0,0,0,.000,0,0,0.00,0.00
2025,801829,Jay Allmer,Salt River Rafters,2025-10-16,Surprise Saguaros,True,False,825633,R,P,0.0,0,0,0,0,0,.000,0,0,0.00,-.--
2025,801829,Jay Allmer,Salt River Rafters,2025-10-28,Peoria Javelinas,False,False,825639,R,P,1.0,0,0,0,0,0,.000,0,0,0.00,0.00
2025,801829,Jay Allmer,Salt River Rafters,2025-11-01,Scottsdale Scorpions,False,False,825611,R,P,1.0,0,0,0,0,0,.000,0,0,0.00,0.00
2025,801829,Jay Allmer,Salt River Rafters,2025-11-04,Surprise Saguaros,False,False,825579,R,P,0.1,0,0,0,0,0,.000,0,0,0.00,0.00
2025,801829,Jay Allmer,Salt River Rafters,2025-11-10,Scottsdale Scorpions,True,True,825623,R,P,0.1,0,0,0,0,0,.000,0,0,0.00,0.00
2025,694900,Kyle Amendt,Salt River Rafters,2025-10-08,Scottsdale Scorpions,False,False,825619,R,P,0.2,0,0,0,0,0,.000,0,0,0.00,0.00
2025,694900,Kyle Amendt,Salt River Rafters,2025-10-14,Glendale Desert Dogs,True,True,825636,R,P,1.0,0,0,0,0,0,.000,0,0,0.00,0.00
2025,694900,Kyle Amendt,Salt River Rafters,2025-10-18,Peoria Javelinas,False,True,825644,R,P,0.2,0,0,0,0,0,.000,0,0,0.00,0.00
2025,694900,Kyle Amendt,Salt River Rafters,2025-10-21,Mesa Solar Sox,False,True,825601,R,P,1.0,0,0,0,0,0,.000,0,0,0.00,0.00
2025,694900,Kyle Amendt,Salt River Rafters,2025-10-24,Scottsdale Scorpions,True,False,825629,R,P,1.0,0,0,0,0,0,.000,0,0,0.00,0.00
2025,694900,Kyle Amendt,Salt River Rafters,2025-10-29,Peoria Javelinas,True,False,825628,R,P,0.2,0,0,0,0,0,.000,0,0,0.00,0.00
2025,703156,Tony Blanco Jr.,Salt River Rafters,2025-10-09,Mesa Solar Sox,True,False,825637,R,1B,9.0,7,1,0,0,8,1.000,1,0,8.00,8.00
2025,703156,Tony Blanco Jr.,Salt River Rafters,2025-10-16,Surprise Saguaros,True,False,825633,R,DH,0.0,0,0,0,0,0,1.000,0,0,0.00,-.--
2025,703156,Tony Blanco Jr.,Salt River Rafters,2025-10-17,Peoria Javelinas,True,False,825632,R,1B,9.0,8,0,0,0,8,1.000,1,0,8.00,8.00
2025,703156,Tony Blanco Jr.,Salt River Rafters,2025-10-18,Peoria Javelinas,False,True,825644,R,DH,0.0,0,0,0,0,0,1.000,0,0,0.00,-.--
2025,703156,Tony Blanco Jr.,Salt River Rafters,2025-10-21,Mesa Solar Sox,False,False,825605,R,1B,6.0,2,1,0,0,3,1.000,0,0,3.00,4.50
2025,703156,Tony Blanco Jr.,Salt River Rafters,2025-10-24,Scottsdale Scorpions,True,False,825629,R,1B,10.0,8,0,0,0,8,1.000,2,0,8.00,7.20
2025,703156,Tony Blanco Jr.,Salt River Rafters,2025-10-29,Peoria Javelinas,True,False,825628,R,DH,0.0,0,0,0,0,0,1.000,0,0,0.00,-.--
2025,703156,Tony Blanco Jr.,Salt River Rafters,2025-10-30,Mesa Solar Sox,True,False,825627,R,1B,9.0,10,0,1,0,11,.974,1,0,10.00,10.00
2025,703156,Tony Blanco Jr.,Salt River Rafters,2025-11-01,Scottsdale Scorpions,False,False,825611,R,DH,0.0,0,0,0,0,0,.974,0,0,0.00,-.--
2025,703156,Tony Blanco Jr.,Salt River Rafters,2025-11-05,Peoria Javelinas,True,True,825625,R,DH,0.0,0,0,0,0,0,.974,0,0,0.00,-.--
2025,703156,Tony Blanco Jr.,Salt River Rafters,2025-11-06,Surprise Saguaros,True,False,825624,R,1B,7.0,6,1,0,0,7,.978,1,0,7.00,9.00
2025,703156,Tony Blanco Jr.,Salt River Rafters,2025-11-07,Surprise Saguaros,False,False,825576,R,1B,8.0,4,2,0,0,6,.980,0,0,6.00,6.75
2025,700341,Kenny Castillo,Salt River Rafters,2025-10-09,Mesa Solar Sox,True,False,825637,R,C,6.0,8,1,0,0,9,1.000,0,0,9.00,13.50
2025,700341,Kenny Castillo,Salt River Rafters,2025-10-10,Peoria Javelinas,False,False,825651,R,DH,0.0,0,0,0,0,0,1.000,0,0,0.00,-.--
2025,700341,Kenny Castillo,Salt River Rafters,2025-10-10,Peoria Javelinas,False,False,825651,R,C,4.0,6,0,0,0,6,1.000,0,0,6.00,13.50
2025,700341,Kenny Castillo,Salt River Rafters,2025-10-16,Surprise Saguaros,True,False,825633,R,C,9.0,15,2,0,0,17,1.000,0,0,17.00,17.00
2025,700341,Kenny Castillo,Salt River Rafters,2025-10-19,Glendale Desert Dogs,False,True,825647,R,C,9.0,11,0,0,0,11,1.000,0,0,11.00,11.00
2025,700341,Kenny Castillo,Salt River Rafters,2025-10-21,Mesa Solar Sox,False,True,825601,R,DH,0.0,0,0,0,0,0,1.000,0,0,0.00,-.--
2025,700341,Kenny Castillo,Salt River Rafters,2025-10-24,Scottsdale Scorpions,True,False,825629,R,C,10.0,14,0,0,0,14,1.000,0,0,14.00,12.60
2025,700341,Kenny Castillo,Salt River Rafters,2025-10-30,Mesa Solar Sox,True,False,825627,R,C,9.0,4,3,0,0,7,1.000,0,0,7.00,7.00
2025,700341,Kenny Castillo,Salt River Rafters,2025-11-04,Surprise Saguaros,False,False,825579,R,DH,0.0,0,0,0,0,0,1.000,0,0,0.00,-.--
2025,700341,Kenny Castillo,Salt River Rafters,2025-11-06,Surprise Saguaros,True,False,825624,R,C,7.0,6,0,0,0,6,1.000,0,0,6.00,7.71
2025,700341,Kenny Castillo,Salt River Rafters,2025-11-11,Surprise Saguaros,True,True,825617,R,3B,7.0,2,0,0,0,2,1.000,0,0,2.00,2.57
2025,700341,Kenny Castillo,Salt River Rafters,2025-11-12,Mesa Solar Sox,False,False,825574,D,3B,8.0,0,2,0,0,2,1.000,0,0,2.00,2.25
2025,808054,Yordin Chalas,Salt River Rafters,2025-10-09,Mesa Solar Sox,True,False,825637,R,P,1.0,0,0,0,0,0,.000,0,0,0.00,0.00
2025,808054,Yordin Chalas,Salt River Rafters,2025-10-15,Scottsdale Scorpions,False,True,825622,R,P,1.0,0,0,0,0,0,.000,0,0,0.00,0.00
2025,808054,Yordin Chalas,Salt River Rafters,2025-10-18,Peoria Javelinas,False,True,825644,R,P,1.0,0,0,0,0,0,.000,0,0,0.00,0.00
2025,808054,Yordin Chalas,Salt River Rafters,2025-10-21,Mesa Solar Sox,False,False,825605,R,P,2.0,0,0,0,0,0,.000,0,0,0.00,0.00
2025,808054,Yordin Chalas,Salt River Rafters,2025-10-26,Glendale Desert Dogs,False,False,825660,R,P,0.2,0,0,0,0,0,.000,0,0,0.00,0.00
2025,808054,Yordin Chalas,Salt River Rafters,2025-11-01,Scottsdale Scorpions,False,False,825611,R,P,1.0,0,0,0,0,0,.000,0,0,0.00,0.00
2025,808054,Yordin Chalas,Salt River Rafters,2025-11-07,Surprise Saguaros,False,False,825576,R,P,1.0,0,0,0,0,0,.000,0,0,0.00,0.00
2025,808054,Yordin Chalas,Salt River Rafters,2025-11-10,Scottsdale Scorpions,True,True,825623,R,P,0.0,0,0,0,0,0,.000,0,0,0.00,-.--
2025,809707,Charlie Condon,Salt River Rafters,2025-10-07,Glendale Desert Dogs,True,True,825635,R,1B,9.0,9,1,0,0,10,1.000,2,0,10.00,10.00
2025,809707,Charlie Condon,Salt River Rafters,2025-10-08,Scottsdale Scorpions,False,False,825619,R,1B,8.0,4,1,0,0,5,1.000,0,0,5.00,5.63
2025,809707,Charlie Condon,Salt River Rafters,2025-10-10,Peoria Javelinas,False,False,825651,R,1B,8.0,4,0,0,0,4,1.000,2,0,4.00,4.50
2025,809707,Charlie Condon,Salt River Rafters,2025-10-14,Glendale Desert Dogs,True,True,825636,R,1B,9.0,10,1,0,0,11,1.000,2,0,11.00,11.00
2025,809707,Charlie Condon,Salt River Rafters,2025-10-15,Scottsdale Scorpions,False,True,825622,R,1B,9.0,8,1,0,0,9,1.000,3,0,9.00,9.00
2025,809707,Charlie Condon,Salt River Rafters,2025-10-16,Surprise Saguaros,True,False,825633,R,1B,9.0,5,1,0,0,6,1.000,0,0,6.00,6.00
2025,809707,Charlie Condon,Salt River Rafters,2025-10-18,Peoria Javelinas,False,True,825644,R,1B,7.0,10,0,0,0,10,1.000,1,0,10.00,12.86
2025,809707,Charlie Condon,Salt River Rafters,2025-10-19,Glendale Desert Dogs,False,True,825647,R,1B,9.0,10,0,0,0,10,1.000,1,0,10.00,10.00
2025,809707,Charlie Condon,Salt River Rafters,2025-10-21,Mesa Solar Sox,False,True,825601,R,1B,7.0,5,0,0,0,5,1.000,1,0,5.00,6.43
2025,809707,Charlie Condon,Salt River Rafters,2025-10-21,Mesa Solar Sox,False,False,825605,R,DH,0.0,0,0,0,0,0,1.000,0,0,0.00,-.--
2025,809707,Charlie Condon,Salt River Rafters,2025-10-22,Mesa Solar Sox,True,True,825631,R,1B,9.0,5,0,0,0,5,1.000,1,0,5.00,5.00
2025,809707,Charlie Condon,Salt River Rafters,2025-10-23,Glendale Desert Dogs,True,True,825630,R,1B,9.0,8,0,0,0,8,1.000,1,0,8.00,8.00
2025,809707,Charlie Condon,Salt River Rafters,2025-10-26,Glendale Desert Dogs,False,False,825660,R,1B,8.0,8,1,0,0,9,1.000,0,0,9.00,10.13
2025,809707,Charlie Condon,Salt River Rafters,2025-10-28,Peoria Javelinas,False,False,825639,R,1B,8.0,8,2,0,0,10,1.000,2,0,10.00,11.25
2025,809707,Charlie Condon,Salt River Rafters,2025-10-29,Peoria Javelinas,True,False,825628,R,1B,7.0,7,0,0,0,7,1.000,1,0,7.00,9.00
2025,809707,Charlie Condon,Salt River Rafters,2025-10-31,Scottsdale Scorpions,True,False,825626,R,1B,7.0,5,0,0,0,5,1.000,2,0,5.00,6.43
2025,809707,Charlie Condon,Salt River Rafters,2025-11-01,Scottsdale Scorpions,False,False,825611,R,1B,8.1,8,0,0,0,8,1.000,0,0,8.00,9.00
2025,809707,Charlie Condon,Salt River Rafters,2025-11-02,Mesa Solar Sox,False,False,825597,R,1B,8.0,10,0,0,0,10,1.000,3,0,10.00,11.25
2025,809707,Charlie Condon,Salt River Rafters,2025-11-04,Surprise Saguaros,False,False,825579,R,1B,8.0,9,0,0,0,9,1.000,0,0,9.00,10.13
2025,809707,Charlie Condon,Salt River Rafters,2025-11-05,Peoria Javelinas,True,True,825625,R,1B,9.0,9,1,0,0,10,1.000,0,0,10.00,10.00
2025,809707,Charlie Condon,Salt River Rafters,2025-11-10,Scottsdale Scorpions,True,True,825623,R,1B,7.0,8,0,0,0,8,1.000,1,0,8.00,10.29
2025,809707,Charlie Condon,Salt River Rafters,2025-11-11,Surprise Saguaros,True,True,825617,R,1B,7.0,2,1,0,0,3,1.000,0,0,3.00,3.86
2025,809707,Charlie Condon,Salt River Rafters,2025-11-12,Mesa Solar Sox,False,False,825574,D,1B,8.0,9,0,0,0,9,1.000,1,0,9.00,10.13
2025,695065,Ryan Costeiu,Salt River Rafters,2025-10-10,Peoria Javelinas,False,False,825651,R,P,1.1,0,0,1,0,1,.000,0,0,0.00,0.00
2025,695065,Ryan Costeiu,Salt River Rafters,2025-10-18,Peoria Javelinas,False,True,825644,R,P,2.1,0,1,0,0,1,.500,0,0,1.00,4.50
2025,695065,Ryan Costeiu,Salt River Rafters,2025-10-24,Scottsdale Scorpions,True,False,825629,R,P,2.2,0,0,0,0,0,.500,0,0,0.00,0.00
2025,695065,Ryan Costeiu,Salt River Rafters,2025-10-31,Scottsdale Scorpions,True,False,825626,R,P,1.0,0,0,0,0,0,.500,0,0,0.00,0.00
2025,695065,Ryan Costeiu,Salt River Rafters,2025-11-06,Surprise Saguaros,True,False,825624,R,P,3.0,1,0,0,0,1,.667,0,0,1.00,3.00
2025,814106,Cade Denton,Salt River Rafters,2025-10-07,Glendale Desert Dogs,True,True,825635,R,P,0.2,0,0,0,0,0,.000,0,0,0.00,0.00
2025,814106,Cade Denton,Salt River Rafters,2025-10-10,Peoria Javelinas,False,False,825651,R,P,1.1,0,0,0,0,0,.000,0,0,0.00,0.00
2025,814106,Cade Denton,Salt River Rafters,2025-10-16,Surprise Saguaros,True,False,825633,R,P,1.0,0,0,0,0,0,.000,0,0,0.00,0.00
2025,814106,Cade Denton,Salt River Rafters,2025-10-19,Glendale Desert Dogs,False,True,825647,R,P,3.0,0,0,0,0,0,.000,0,0,0.00,0.00
2025,814106,Cade Denton,Salt River Rafters,2025-10-24,Scottsdale Scorpions,True,False,825629,R,P,2.0,0,0,0,0,0,.000,0,0,0.00,0.00
2025,814106,Cade Denton,Salt River Rafters,2025-11-01,Scottsdale Scorpions,False,False,825611,R,P,2.2,0,0,0,0,0,.000,0,0,0.00,0.00
2025,814106,Cade Denton,Salt River Rafters,2025-11-05,Peoria Javelinas,True,True,825625,R,P,2.1,0,0,0,0,0,.000,0,0,0.00,0.00
2025,814106,Cade Denton,Salt River Rafters,2025-11-12,Mesa Solar Sox,False,False,825574,D,P,3.0,0,1,0,0,1,1.000,0,0,1.00,3.00
2025,682981,Derek Diamond,Salt River Rafters,2025-10-07,Glendale Desert Dogs,True,True,825635,R,P,1.0,0,0,0,0,0,.000,0,0,0.00,0.00
2025,682981,Derek Diamond,Salt River Rafters,2025-10-10,Peoria Javelinas,False,False,825651,R,P,1.2,0,0,0,0,0,.000,0,0,0.00,0.00
2025,682981,Derek Diamond,Salt River Rafters,2025-10-16,Surprise Saguaros,True,False,825633,R,P,0.1,0,0,0,0,0,.000,0,0,0.00,0.00
2025,682981,Derek Diamond,Salt River Rafters,2025-10-19,Glendale Desert Dogs,False,True,825647,R,P,2.0,0,1,0,0,1,1.000,0,0,1.00,4.50
2025,682981,Derek Diamond,Salt River Rafters,2025-10-23,Glendale Desert Dogs,True,True,825630,R,P,2.0,0,0,0,0,0,1.000,0,0,0.00,0.00
2025,682981,Derek Diamond,Salt River Rafters,2025-10-26,Glendale Desert Dogs,False,False,825660,R,P,1.0,0,0,0,0,0,1.000,0,0,0.00,0.00
2025,682981,Derek Diamond,Salt River Rafters,2025-10-31,Scottsdale Scorpions,True,False,825626,R,P,1.2,0,0,0,0,0,1.000,0,0,0.00,0.00
2025,682981,Derek Diamond,Salt River Rafters,2025-11-04,Surprise Saguaros,False,False,825579,R,P,1.2,0,0,0,0,0,1.000,0,0,0.00,0.00
2025,682981,Derek Diamond,Salt River Rafters,2025-11-11,Surprise Saguaros,True,True,825617,R,P,2.1,0,0,0,0,0,1.000,0,0,0.00,0.00
2025,679555,Brandon Dufault,Salt River Rafters,2025-10-09,Mesa Solar Sox,True,False,825637,R,P,2.0,0,0,0,0,0,.000,0,0,0.00,0.00
2025,679555,Brandon Dufault,Salt River Rafters,2025-10-18,Peoria Javelinas,False,True,825644,R,P,3.0,0,2,0,0,2,1.000,0,0,2.00,6.00
2025,679555,Brandon Dufault,Salt River Rafters,2025-10-26,Glendale Desert Dogs,False,False,825660,R,P,2.2,0,0,0,0,0,1.000,0,0,0.00,0.00
2025,679555,Brandon Dufault,Salt River Rafters,2025-11-02,Mesa Solar Sox,False,False,825597,R,P,3.1,0,0,0,0,0,1.000,0,0,0.00,0.00
2025,679555,Brandon Dufault,Salt River Rafters,2025-11-10,Scottsdale Scorpions,True,True,825623,R,P,3.0,0,0,0,0,0,1.000,0,0,0.00,0.00
2025,699230,Lorenzo Encarnacion,Salt River Rafters,2025-10-28,Peoria Javelinas,False,False,825639,R,P,1.0,0,0,0,0,0,.000,0,0,0.00,0.00
2025,699230,Lorenzo Encarnacion,Salt River Rafters,2025-11-01,Scottsdale Scorpions,False,False,825611,R,P,1.0,0,1,0,0,1,1.000,0,0,1.00,9.00
2025,699230,Lorenzo Encarnacion,Salt River Rafters,2025-11-05,Peoria Javelinas,True,True,825625,R,P,0.2,0,0,0,0,0,1.000,0,0,0.00,0.00
2025,699230,Lorenzo Encarnacion,Salt River Rafters,2025-11-10,Scottsdale Scorpions,True,True,825623,R,P,1.0,0,0,0,0,0,1.000,0,0,0.00,0.00
2025,808129,Juan Flores,Salt River Rafters,2025-10-07,Glendale Desert Dogs,True,True,825635,R,C,4.0,2,1,1,1,4,.750,0,0,3.00,6.75
2025,808129,Juan Flores,Salt River Rafters,2025-10-07,Glendale Desert Dogs,True,True,825635,R,DH,0.0,0,0,0,0,0,.750,0,0,0.00,-.--
2025,808129,Juan Flores,Salt River Rafters,2025-10-08,Scottsdale Scorpions,False,False,825619,R,C,5.0,4,0,0,0,4,.875,0,0,4.00,7.20
2025,808129,Juan Flores,Salt River Rafters,2025-10-10,Peoria Javelinas,False,False,825651,R,C,4.0,5,0,0,0,5,.923,0,0,5.00,11.25
2025,808129,Juan Flores,Salt River Rafters,2025-10-14,Glendale Desert Dogs,True,True,825636,R,DH,0.0,0,0,0,0,0,.923,0,0,0.00,-.--
2025,808129,Juan Flores,Salt River Rafters,2025-10-15,Scottsdale Scorpions,False,True,825622,R,C,9.0,12,2,0,0,14,.963,1,0,14.00,14.00
2025,808129,Juan Flores,Salt River Rafters,2025-10-17,Peoria Javelinas,True,False,825632,R,DH,0.0,0,0,0,0,0,.963,0,0,0.00,-.--
2025,808129,Juan Flores,Salt River Rafters,2025-10-18,Peoria Javelinas,False,True,825644,R,C,7.0,6,2,0,0,8,.971,0,0,8.00,10.29
2025,808129,Juan Flores,Salt River Rafters,2025-10-21,Mesa Solar Sox,False,False,825605,R,C,6.0,5,1,0,0,6,.976,0,0,6.00,9.00
2025,808129,Juan Flores,Salt River Rafters,2025-10-22,Mesa Solar Sox,True,True,825631,R,DH,0.0,0,0,0,0,0,.976,0,0,0.00,-.--
2025,808129,Juan Flores,Salt River Rafters,2025-10-23,Glendale Desert Dogs,True,True,825630,R,C,9.0,7,0,0,0,7,.979,0,0,7.00,7.00
2025,808129,Juan Flores,Salt River Rafters,2025-10-26,Glendale Desert Dogs,False,False,825660,R,C,8.0,8,2,2,2,12,.950,0,0,10.00,11.25
2025,808129,Juan Flores,Salt River Rafters,2025-10-28,Peoria Javelinas,False,False,825639,R,DH,0.0,0,0,0,0,0,.950,0,0,0.00,-.--
2025,808129,Juan Flores,Salt River Rafters,2025-10-29,Peoria Javelinas,True,False,825628,R,C,7.0,9,0,1,1,10,.943,0,0,9.00,11.57
2025,808129,Juan Flores,Salt River Rafters,2025-10-31,Scottsdale Scorpions,True,False,825626,R,DH,0.0,0,0,0,0,0,.943,0,0,0.00,-.--
2025,808129,Juan Flores,Salt River Rafters,2025-11-01,Scottsdale Scorpions,False,False,825611,R,C,8.1,12,0,0,0,12,.951,0,0,12.00,13.50
2025,808129,Juan Flores,Salt River Rafters,2025-11-04,Surprise Saguaros,False,False,825579,R,C,8.0,9,0,0,0,9,.956,0,0,9.00,10.13
2025,808129,Juan Flores,Salt River Rafters,2025-11-07,Surprise Saguaros,False,False,825576,R,C,8.0,9,0,0,0,9,.960,0,0,9.00,10.13
2025,808129,Juan Flores,Salt River Rafters,2025-11-10,Scottsdale Scorpions,True,True,825623,R,DH,0.0,0,0,0,0,0,.960,0,0,0.00,-.--
2025,808129,Juan Flores,Salt River Rafters,2025-11-11,Surprise Saguaros,True,True,825617,R,C,7.0,10,0,0,0,10,.964,0,0,10.00,12.86
2025,808129,Juan Flores,Salt River Rafters,2025-11-12,Mesa Solar Sox,False,False,825574,D,C,8.0,5,0,0,0,5,1.000,0,0,5.00,5.63
2025,703190,Johanfran Garcia,Salt River Rafters,2025-10-07,Glendale Desert Dogs,True,True,825635,R,C,5.0,3,0,0,0,3,1.000,0,0,3.00,5.40
2025,703190,Johanfran Garcia,Salt River Rafters,2025-10-08,Scottsdale Scorpions,False,False,825619,R,DH,0.0,0,0,0,0,0,1.000,0,0,0.00,-.--
2025,703190,Johanfran Garcia,Salt River Rafters,2025-10-08,Scottsdale Scorpions,False,False,825619,R,C,3.0,4,0,0,0,4,1.000,0,0,4.00,12.00
2025,703190,Johanfran Garcia,Salt River Rafters,2025-10-09,Mesa Solar Sox,True,False,825637,R,C,3.0,2,2,0,0,4,1.000,1,0,4.00,12.00
2025,703190,Johanfran Garcia,Salt River Rafters,2025-10-09,Mesa Solar Sox,True,False,825637,R,DH,0.0,0,0,0,0,0,1.000,0,0,0.00,-.--
2025,703190,Johanfran Garcia,Salt River Rafters,2025-10-14,Glendale Desert Dogs,True,True,825636,R,C,9.0,11,0,0,0,11,1.000,0,0,11.00,11.00
2025,703190,Johanfran Garcia,Salt River Rafters,2025-10-15,Scottsdale Scorpions,False,True,825622,R,DH,0.0,0,0,0,0,0,1.000,0,0,0.00,-.--
2025,703190,Johanfran Garcia,Salt River Rafters,2025-10-17,Peoria Javelinas,True,False,825632,R,C,9.0,9,1,0,0,10,1.000,0,0,10.00,10.00
2025,703190,Johanfran Garcia,Salt River Rafters,2025-10-19,Glendale Desert Dogs,False,True,825647,R,DH,0.0,0,0,0,0,0,1.000,0,0,0.00,-.--
2025,703190,Johanfran Garcia,Salt River Rafters,2025-10-21,Mesa Solar Sox,False,True,825601,R,C,7.0,8,0,0,0,8,1.000,0,0,8.00,10.29
2025,703190,Johanfran Garcia,Salt River Rafters,2025-10-22,Mesa Solar Sox,True,True,825631,R,C,9.0,9,1,0,0,10,1.000,0,0,10.00,10.00
2025,703190,Johanfran Garcia,Salt River Rafters,2025-10-24,Scottsdale Scorpions,True,False,825629,R,DH,0.0,0,0,0,0,0,1.000,0,0,0.00,-.--
2025,703190,Johanfran Garcia,Salt River Rafters,2025-10-26,Glendale Desert Dogs,False,False,825660,R,DH,0.0,0,0,0,0,0,1.000,0,0,0.00,-.--
2025,703190,Johanfran Garcia,Salt River Rafters,2025-10-28,Peoria Javelinas,False,False,825639,R,C,8.0,6,1,0,0,7,1.000,0,0,7.00,7.88
2025,703190,Johanfran Garcia,Salt River Rafters,2025-10-30,Mesa Solar Sox,True,False,825627,R,DH,0.0,0,0,0,0,0,1.000,0,0,0.00,-.--
2025,703190,Johanfran Garcia,Salt River Rafters,2025-10-31,Scottsdale Scorpions,True,False,825626,R,C,7.0,8,0,0,0,8,1.000,0,0,8.00,10.29
2025,703190,Johanfran Garcia,Salt River Rafters,2025-11-02,Mesa Solar Sox,False,False,825597,R,C,8.0,6,0,0,0,6,1.000,0,0,6.00,6.75
2025,703190,Johanfran Garcia,Salt River Rafters,2025-11-05,Peoria Javelinas,True,True,825625,R,C,9.0,11,1,0,0,12,1.000,1,0,12.00,12.00
2025,703190,Johanfran Garcia,Salt River Rafters,2025-11-07,Surprise Saguaros,False,False,825576,R,DH,0.0,0,0,0,0,0,1.000,0,0,0.00,-.--
2025,703190,Johanfran Garcia,Salt River Rafters,2025-11-10,Scottsdale Scorpions,True,True,825623,R,C,7.0,7,1,0,0,8,1.000,0,0,8.00,10.29
2025,703190,Johanfran Garcia,Salt River Rafters,2025-11-11,Surprise Saguaros,True,True,825617,R,DH,0.0,0,0,0,0,0,1.000,0,0,0.00,-.--
2025,703190,Johanfran Garcia,Salt River Rafters,2025-11-12,Mesa Solar Sox,False,False,825574,D,DH,0.0,0,0,0,0,0,.000,0,0,0.00,-.--
2025,701908,David Hagaman,Salt River Rafters,2025-10-09,Mesa Solar Sox,True,False,825637,R,P,3.0,1,0,0,0,1,1.000,0,0,1.00,3.00
2025,701908,David Hagaman,Salt River Rafters,2025-10-17,Peoria Javelinas,True,False,825632,R,P,2.2,0,0,0,0,0,1.000,0,0,0.00,0.00
2025,701908,David Hagaman,Salt River Rafters,2025-10-24,Scottsdale Scorpions,True,False,825629,R,P,0.2,0,0,0,0,0,1.000,0,0,0.00,0.00
2025,701908,David Hagaman,Salt River Rafters,2025-10-31,Scottsdale Scorpions,True,False,825626,R,P,2.2,0,0,0,0,0,1.000,0,0,0.00,0.00
2025,701908,David Hagaman,Salt River Rafters,2025-11-07,Surprise Saguaros,False,False,825576,R,P,3.0,1,0,0,0,1,1.000,0,0,1.00,3.00
2025,700327,Welinton Herrera,Salt River Rafters,2025-10-07,Glendale Desert Dogs,True,True,825635,R,P,1.0,0,0,0,0,0,.000,0,0,0.00,0.00
2025,700327,Welinton Herrera,Salt River Rafters,2025-10-10,Peoria Javelinas,False,False,825651,R,P,1.0,0,0,0,0,0,.000,0,0,0.00,0.00
2025,700327,Welinton Herrera,Salt River Rafters,2025-10-16,Surprise Saguaros,True,False,825633,R,P,1.0,0,0,0,0,0,.000,0,0,0.00,0.00
2025,700327,Welinton Herrera,Salt River Rafters,2025-10-19,Glendale Desert Dogs,False,True,825647,R,P,2.0,0,0,0,0,0,.000,0,0,0.00,0.00
2025,700327,Welinton Herrera,Salt River Rafters,2025-10-23,Glendale Desert Dogs,True,True,825630,R,P,1.0,0,0,0,0,0,.000,0,0,0.00,0.00
2025,700327,Welinton Herrera,Salt River Rafters,2025-10-30,Mesa Solar Sox,True,False,825627,R,P,1.0,0,0,0,0,0,.000,0,0,0.00,0.00
2025,700327,Welinton Herrera,Salt River Rafters,2025-11-01,Scottsdale Scorpions,False,False,825611,R,P,0.1,0,0,0,0,0,.000,0,0,0.00,0.00
2025,700327,Welinton Herrera,Salt River Rafters,2025-11-04,Surprise Saguaros,False,False,825579,R,P,1.0,0,0,0,0,0,.000,0,0,0.00,0.00
2025,700327,Welinton Herrera,Salt River Rafters,2025-11-10,Scottsdale Scorpions,True,True,825623,R,P,0.2,0,0,0,0,0,.000,0,0,0.00,0.00
2025,694815,Jack Hurley,Salt River Rafters,2025-10-09,Mesa Solar Sox,True,False,825637,R,LF,9.0,0,0,0,0,0,.000,0,0,0.00,0.00
2025,694815,Jack Hurley,Salt River Rafters,2025-10-10,Peoria Javelinas,False,False,825651,R,LF,4.0,0,0,0,0,0,.000,0,0,0.00,0.00
2025,694815,Jack Hurley,Salt River Rafters,2025-10-16,Surprise Saguaros,True,False,825633,R,LF,4.0,0,0,0,0,0,.000,0,0,0.00,0.00
2025,694815,Jack Hurley,Salt River Rafters,2025-10-17,Peoria Javelinas,True,False,825632,R,LF,9.0,0,0,0,0,0,.000,0,0,0.00,0.00
2025,694815,Jack Hurley,Salt River Rafters,2025-10-19,Glendale Desert Dogs,False,True,825647,R,LF,9.0,1,0,0,0,1,1.000,0,0,1.00,1.00
2025,694815,Jack Hurley,Salt River Rafters,2025-10-21,Mesa Solar Sox,False,False,825605,R,LF,6.0,3,0,0,0,3,1.000,0,0,3.00,4.50
2025,694815,Jack Hurley,Salt River Rafters,2025-10-23,Glendale Desert Dogs,True,True,825630,R,DH,0.0,0,0,0,0,0,1.000,0,0,0.00,-.--
2025,694815,Jack Hurley,Salt River Rafters,2025-10-24,Scottsdale Scorpions,True,False,825629,R,LF,10.0,2,0,0,0,2,1.000,0,0,2.00,1.80
2025,694815,Jack Hurley,Salt River Rafters,2025-10-29,Peoria Javelinas,True,False,825628,R,LF,7.0,0,0,0,0,0,1.000,0,0,0.00,0.00
2025,694815,Jack Hurley,Salt River Rafters,2025-11-01,Scottsdale Scorpions,False,False,825611,R,LF,8.1,1,0,0,0,1,1.000,0,0,1.00,1.13
2025,694815,Jack Hurley,Salt River Rafters,2025-11-02,Mesa Solar Sox,False,False,825597,R,DH,0.0,0,0,0,0,0,1.000,0,0,0.00,-.--
2025,694815,Jack Hurley,Salt River Rafters,2025-11-05,Peoria Javelinas,True,True,825625,R,LF,9.0,3,0,0,0,3,1.000,0,0,3.00,3.00
2025,694815,Jack Hurley,Salt River Rafters,2025-11-06,Surprise Saguaros,True,False,825624,R,DH,0.0,0,0,0,0,0,1.000,0,0,0.00,-.--
2025,694815,Jack Hurley,Salt River Rafters,2025-11-10,Scottsdale Scorpions,True,True,825623,R,LF,7.0,1,0,0,0,1,1.000,0,0,1.00,1.29
2025,695293,Jojo Ingrassia,Salt River Rafters,2025-10-08,Scottsdale Scorpions,False,False,825619,R,P,1.2,0,0,0,0,0,.000,0,0,0.00,0.00
2025,695293,Jojo Ingrassia,Salt River Rafters,2025-10-16,Surprise Saguaros,True,False,825633,R,P,2.2,1,0,0,0,1,1.000,0,0,1.00,4.50
2025,695293,Jojo Ingrassia,Salt River Rafters,2025-10-23,Glendale Desert Dogs,True,True,825630,R,P,1.2,0,0,0,0,0,1.000,0,0,0.00,0.00
2025,695293,Jojo Ingrassia,Salt River Rafters,2025-10-30,Mesa Solar Sox,True,False,825627,R,P,3.0,0,0,0,0,0,1.000,0,0,0.00,0.00
2025,695293,Jojo Ingrassia,Salt River Rafters,2025-11-06,Surprise Saguaros,True,False,825624,R,P,1.0,0,0,0,0,0,1.000,0,0,0.00,0.00
2025,686753,Drey Jameson,Salt River Rafters,2025-10-07,Glendale Desert Dogs,True,True,825635,R,P,1.0,1,0,0,0,1,1.000,0,0,1.00,9.00
2025,686753,Drey Jameson,Salt River Rafters,2025-10-10,Peoria Javelinas,False,False,825651,R,P,0.1,0,0,0,0,0,1.000,0,0,0.00,0.00
2025,686753,Drey Jameson,Salt River Rafters,2025-10-14,Glendale Desert Dogs,True,True,825636,R,P,1.0,0,0,0,0,0,1.000,0,0,0.00,0.00
2025,686753,Drey Jameson,Salt River Rafters,2025-10-17,Peoria Javelinas,True,False,825632,R,P,1.0,0,0,0,0,0,1.000,0,0,0.00,0.00
2025,686753,Drey Jameson,Salt River Rafters,2025-10-21,Mesa Solar Sox,False,True,825601,R,P,1.0,0,0,0,0,0,1.000,0,0,0.00,0.00
2025,686753,Drey Jameson,Salt River Rafters,2025-10-24,Scottsdale Scorpions,True,False,825629,R,P,1.1,0,0,0,0,0,1.000,0,0,0.00,0.00
2025,702586,Fulton Lockhart,Salt River Rafters,2025-10-09,Mesa Solar Sox,True,False,825637,R,P,1.0,0,0,0,0,0,.000,0,0,0.00,0.00
2025,702586,Fulton Lockhart,Salt River Rafters,2025-10-14,Glendale Desert Dogs,True,True,825636,R,P,1.0,0,0,0,0,0,.000,0,0,0.00,0.00
2025,702586,Fulton Lockhart,Salt River Rafters,2025-10-17,Peoria Javelinas,True,False,825632,R,P,1.0,0,0,0,0,0,.000,0,0,0.00,0.00
2025,702586,Fulton Lockhart,Salt River Rafters,2025-10-21,Mesa Solar Sox,False,False,825605,R,P,1.0,0,0,0,0,0,.000,0,0,0.00,0.00
2025,702586,Fulton Lockhart,Salt River Rafters,2025-10-26,Glendale Desert Dogs,False,False,825660,R,P,0.2,1,0,0,0,1,1.000,0,0,1.00,0.00
2025,702586,Fulton Lockhart,Salt River Rafters,2025-11-02,Mesa Solar Sox,False,False,825597,R,P,1.0,0,1,0,0,1,1.000,0,0,1.00,9.00
2025,702586,Fulton Lockhart,Salt River Rafters,2025-11-07,Surprise Saguaros,False,False,825576,R,P,1.0,0,0,0,0,0,1.000,0,0,0.00,0.00
2025,700380,Joshua Loeschorn,Salt River Rafters,2025-10-08,Scottsdale Scorpions,False,False,825619,R,P,1.1,0,0,0,0,0,.000,0,0,0.00,0.00
2025,700380,Joshua Loeschorn,Salt River Rafters,2025-10-15,Scottsdale Scorpions,False,True,825622,R,P,1.1,0,1,0,0,1,1.000,1,0,1.00,9.00
2025,700380,Joshua Loeschorn,Salt River Rafters,2025-10-17,Peoria Javelinas,True,False,825632,R,P,2.0,0,1,0,0,1,1.000,0,0,1.00,4.50
2025,700380,Joshua Loeschorn,Salt River Rafters,2025-10-21,Mesa Solar Sox,False,False,825605,R,P,2.0,0,0,0,0,0,1.000,0,0,0.00,0.00
2025,700380,Joshua Loeschorn,Salt River Rafters,2025-10-28,Peoria Javelinas,False,False,825639,R,P,1.0,0,0,0,0,0,1.000,0,0,0.00,0.00
2025,700380,Joshua Loeschorn,Salt River Rafters,2025-11-02,Mesa Solar Sox,False,False,825597,R,P,0.2,0,0,0,0,0,1.000,0,0,0.00,0.00
2025,700380,Joshua Loeschorn,Salt River Rafters,2025-11-06,Surprise Saguaros,True,False,825624,R,P,0.1,0,0,0,0,0,1.000,0,0,0.00,0.00
2025,700380,Joshua Loeschorn,Salt River Rafters,2025-11-11,Surprise Saguaros,True,True,825617,R,P,1.0,0,0,0,0,0,1.000,0,0,0.00,0.00
2025,800306,Jansel Luis,Salt River Rafters,2025-10-07,Glendale Desert Dogs,True,True,825635,R,3B,9.0,0,2,0,0,2,1.000,0,0,2.00,2.00
2025,800306,Jansel Luis,Salt River Rafters,2025-10-08,Scottsdale Scorpions,False,False,825619,R,SS,8.0,3,2,1,0,6,.875,0,0,5.00,5.63
2025,800306,Jansel Luis,Salt River Rafters,2025-10-09,Mesa Solar Sox,True,False,825637,R,3B,9.0,2,2,1,0,5,.846,0,0,4.00,4.00
2025,800306,Jansel Luis,Salt River Rafters,2025-10-10,Peoria Javelinas,False,False,825651,R,3B,8.0,0,0,0,0,0,.846,0,0,0.00,0.00
2025,800306,Jansel Luis,Salt River Rafters,2025-10-14,Glendale Desert Dogs,True,True,825636,R,3B,9.0,0,0,0,0,0,.846,0,0,0.00,0.00
2025,800306,Jansel Luis,Salt River Rafters,2025-10-15,Scottsdale Scorpions,False,True,825622,R,3B,9.0,0,1,0,0,1,.857,0,0,1.00,1.00
2025,800306,Jansel Luis,Salt River Rafters,2025-10-16,Surprise Saguaros,True,False,825633,R,SS,9.0,0,0,1,0,1,.800,0,0,0.00,0.00
2025,800306,Jansel Luis,Salt River Rafters,2025-10-18,Peoria Javelinas,False,True,825644,R,3B,7.0,0,1,0,0,1,.813,0,0,1.00,1.29
2025,800306,Jansel Luis,Salt River Rafters,2025-10-19,Glendale Desert Dogs,False,True,825647,R,3B,9.0,0,4,0,0,4,.850,1,0,4.00,4.00
2025,800306,Jansel Luis,Salt River Rafters,2025-10-21,Mesa Solar Sox,False,True,825601,R,SS,7.0,3,4,0,0,7,.889,1,0,7.00,9.00
2025,800306,Jansel Luis,Salt River Rafters,2025-10-21,Mesa Solar Sox,False,False,825605,R,3B,4.0,2,1,0,0,3,.900,1,0,3.00,6.75
2025,800306,Jansel Luis,Salt River Rafters,2025-10-23,Glendale Desert Dogs,True,True,825630,R,3B,9.0,1,0,0,0,1,.903,0,0,1.00,1.00
2025,800306,Jansel Luis,Salt River Rafters,2025-10-24,Scottsdale Scorpions,True,False,825629,R,3B,10.0,0,3,0,0,3,.912,0,0,3.00,2.70
2025,800306,Jansel Luis,Salt River Rafters,2025-10-26,Glendale Desert Dogs,False,False,825660,R,3B,8.0,0,0,0,0,0,.912,0,0,0.00,0.00
2025,800306,Jansel Luis,Salt River Rafters,2025-10-28,Peoria Javelinas,False,False,825639,R,3B,8.0,0,2,0,0,2,.917,0,0,2.00,2.25
2025,800306,Jansel Luis,Salt River Rafters,2025-10-29,Peoria Javelinas,True,False,825628,R,3B,7.0,0,1,0,0,1,.919,1,0,1.00,1.29
2025,800306,Jansel Luis,Salt River Rafters,2025-10-31,Scottsdale Scorpions,True,False,825626,R,SS,7.0,1,2,0,0,3,.925,1,0,3.00,3.86
2025,800306,Jansel Luis,Salt River Rafters,2025-11-01,Scottsdale Scorpions,False,False,825611,R,3B,8.1,0,2,0,0,2,.929,0,0,2.00,2.25
2025,800306,Jansel Luis,Salt River Rafters,2025-11-02,Mesa Solar Sox,False,False,825597,R,3B,8.0,0,2,1,1,3,.911,1,0,2.00,2.25
2025,800306,Jansel Luis,Salt River Rafters,2025-11-04,Surprise Saguaros,False,False,825579,R,3B,8.0,0,2,0,0,2,.915,0,0,2.00,2.25
2025,800306,Jansel Luis,Salt River Rafters,2025-11-05,Peoria Javelinas,True,True,825625,R,3B,9.0,0,2,0,0,2,.918,0,0,2.00,2.00
2025,800306,Jansel Luis,Salt River Rafters,2025-11-06,Surprise Saguaros,True,False,825624,R,3B,7.0,0,0,0,0,0,.918,0,0,0.00,0.00
2025,800306,Jansel Luis,Salt River Rafters,2025-11-07,Surprise Saguaros,False,False,825576,R,3B,8.0,0,1,1,0,2,.902,0,0,1.00,1.13
2025,800306,Jansel Luis,Salt River Rafters,2025-11-10,Scottsdale Scorpions,True,True,825623,R,3B,7.0,0,0,0,0,0,.902,0,0,0.00,0.00
2025,800306,Jansel Luis,Salt River Rafters,2025-11-11,Surprise Saguaros,True,True,825617,R,SS,7.0,1,0,0,0,1,.904,0,0,1.00,1.29
2025,800306,Jansel Luis,Salt River Rafters,2025-11-12,Mesa Solar Sox,False,False,825574,D,SS,8.0,1,3,0,0,4,1.000,0,0,4.00,4.50
2025,694968,Jack Mahoney,Salt River Rafters,2025-10-08,Scottsdale Scorpions,False,False,825619,R,P,2.0,1,0,0,0,1,1.000,0,0,1.00,4.50
2025,694968,Jack Mahoney,Salt River Rafters,2025-10-16,Surprise Saguaros,True,False,825633,R,P,3.0,0,0,0,0,0,1.000,0,0,0.00,0.00
2025,694968,Jack Mahoney,Salt River Rafters,2025-10-23,Glendale Desert Dogs,True,True,825630,R,P,4.0,0,4,0,0,4,1.000,0,0,4.00,9.00
2025,694968,Jack Mahoney,Salt River Rafters,2025-10-30,Mesa Solar Sox,True,False,825627,R,P,4.0,1,0,0,0,1,1.000,0,0,1.00,2.25
2025,694968,Jack Mahoney,Salt River Rafters,2025-11-06,Surprise Saguaros,True,False,825624,R,P,2.2,0,0,0,0,0,1.000,0,0,0.00,0.00
2025,694968,Jack Mahoney,Salt River Rafters,2025-11-12,Mesa Solar Sox,False,False,825574,D,P,4.0,0,3,0,0,3,1.000,1,0,3.00,6.75
2025,702574,David Mershon,Salt River Rafters,2025-10-14,Glendale Desert Dogs,True,True,825636,R,SS,6.0,2,3,0,0,5,1.000,1,0,5.00,7.50
2025,702574,David Mershon,Salt River Rafters,2025-10-15,Scottsdale Scorpions,False,True,825622,R,SS,7.0,2,4,0,0,6,1.000,1,0,6.00,7.71
2025,702574,David Mershon,Salt River Rafters,2025-10-17,Peoria Javelinas,True,False,825632,R,SS,9.0,1,3,1,1,5,.938,0,0,4.00,4.00
2025,702574,David Mershon,Salt River Rafters,2025-10-18,Peoria Javelinas,False,True,825644,R,SS,7.0,1,1,0,0,2,.944,1,0,2.00,2.57
2025,702574,David Mershon,Salt River Rafters,2025-10-19,Glendale Desert Dogs,False,True,825647,R,SS,9.0,1,0,0,0,1,.947,0,0,1.00,1.00
2025,702574,David Mershon,Salt River Rafters,2025-10-21,Mesa Solar Sox,False,False,825605,R,SS,6.0,1,1,0,0,2,.952,0,0,2.00,3.00
2025,702574,David Mershon,Salt River Rafters,2025-10-22,Mesa Solar Sox,True,True,825631,R,SS,9.0,2,2,0,0,4,.960,1,0,4.00,4.00
2025,702574,David Mershon,Salt River Rafters,2025-10-23,Glendale Desert Dogs,True,True,825630,R,SS,9.0,1,3,1,0,5,.933,1,0,4.00,4.00
2025,702574,David Mershon,Salt River Rafters,2025-10-24,Scottsdale Scorpions,True,False,825629,R,SS,10.0,4,5,0,0,9,.949,2,0,9.00,8.10
2025,702574,David Mershon,Salt River Rafters,2025-10-28,Peoria Javelinas,False,False,825639,R,SS,8.0,3,1,1,0,5,.932,1,0,4.00,4.50
2025,702574,David Mershon,Salt River Rafters,2025-10-29,Peoria Javelinas,True,False,825628,R,SS,7.0,0,3,0,0,3,.936,0,0,3.00,3.86
2025,702574,David Mershon,Salt River Rafters,2025-10-30,Mesa Solar Sox,True,False,825627,R,SS,9.0,1,4,0,0,5,.942,1,0,5.00,5.00
2025,702574,David Mershon,Salt River Rafters,2025-10-31,Scottsdale Scorpions,True,False,825626,R,2B,7.0,3,3,0,0,6,.948,2,0,6.00,7.71
2025,702574,David Mershon,Salt River Rafters,2025-11-01,Scottsdale Scorpions,False,False,825611,R,SS,8.1,0,4,1,1,5,.937,0,0,4.00,4.50
2025,702574,David Mershon,Salt River Rafters,2025-11-02,Mesa Solar Sox,False,False,825597,R,SS,8.0,1,4,0,0,5,.941,1,0,5.00,5.63
2025,702574,David Mershon,Salt River Rafters,2025-11-04,Surprise Saguaros,False,False,825579,R,SS,8.0,1,2,0,0,3,.944,0,0,3.00,3.38
2025,702574,David Mershon,Salt River Rafters,2025-11-05,Peoria Javelinas,True,True,825625,R,SS,9.0,1,2,0,0,3,.946,1,0,3.00,3.00
2025,702574,David Mershon,Salt River Rafters,2025-11-06,Surprise Saguaros,True,False,825624,R,SS,7.0,0,2,0,0,2,.947,0,0,2.00,2.57
2025,702574,David Mershon,Salt River Rafters,2025-11-07,Surprise Saguaros,False,False,825576,R,SS,8.0,0,2,0,0,2,.949,0,0,2.00,2.25
2025,702574,David Mershon,Salt River Rafters,2025-11-10,Scottsdale Scorpions,True,True,825623,R,SS,7.0,1,5,1,1,7,.941,1,0,6.00,7.71
2025,695632,Brandon Neely,Salt River Rafters,2025-10-07,Glendale Desert Dogs,True,True,825635,R,P,3.0,1,1,0,0,2,1.000,1,0,2.00,6.00
2025,695632,Brandon Neely,Salt River Rafters,2025-10-15,Scottsdale Scorpions,False,True,825622,R,P,1.2,0,0,0,0,0,1.000,0,0,0.00,0.00
2025,695632,Brandon Neely,Salt River Rafters,2025-10-22,Mesa Solar Sox,True,True,825631,R,P,2.0,0,0,0,0,0,1.000,0,0,0.00,0.00
2025,695632,Brandon Neely,Salt River Rafters,2025-10-29,Peoria Javelinas,True,False,825628,R,P,1.2,0,0,0,0,0,1.000,0,0,0.00,0.00
2025,695632,Brandon Neely,Salt River Rafters,2025-11-05,Peoria Javelinas,True,True,825625,R,P,1.2,0,0,0,0,0,1.000,0,0,0.00,0.00
2025,695632,Brandon Neely,Salt River Rafters,2025-11-12,Mesa Solar Sox,False,False,825574,D,P,1.0,0,0,0,0,0,.000,0,0,0.00,0.00
2025,806270,Dominic Perachi,Salt River Rafters,2025-10-14,Glendale Desert Dogs,True,True,825636,R,P,3.0,0,1,0,0,1,1.000,0,0,1.00,3.00
2025,806270,Dominic Perachi,Salt River Rafters,2025-10-21,Mesa Solar Sox,False,True,825601,R,P,3.0,0,0,0,0,0,1.000,0,0,0.00,0.00
2025,806270,Dominic Perachi,Salt River Rafters,2025-10-28,Peoria Javelinas,False,False,825639,R,P,3.2,0,1,0,0,1,1.000,0,0,1.00,3.00
2025,806270,Dominic Perachi,Salt River Rafters,2025-11-04,Surprise Saguaros,False,False,825579,R,P,4.0,0,0,0,0,0,1.000,0,0,0.00,0.00
2025,806270,Dominic Perachi,Salt River Rafters,2025-11-11,Surprise Saguaros,True,True,825617,R,P,3.2,0,1,0,0,1,1.000,0,0,1.00,3.00
2025,691384,Luis Perales,Salt River Rafters,2025-10-07,Glendale Desert Dogs,True,True,825635,R,P,1.1,0,1,0,0,1,1.000,0,0,1.00,9.00
2025,691384,Luis Perales,Salt River Rafters,2025-10-14,Glendale Desert Dogs,True,True,825636,R,P,2.0,0,1,0,0,1,1.000,0,0,1.00,4.50
2025,691384,Luis Perales,Salt River Rafters,2025-10-19,Glendale Desert Dogs,False,True,825647,R,P,2.0,0,0,0,0,0,1.000,0,0,0.00,0.00
2025,691384,Luis Perales,Salt River Rafters,2025-10-26,Glendale Desert Dogs,False,False,825660,R,P,2.2,0,1,0,0,1,1.000,0,0,1.00,4.50
2025,691384,Luis Perales,Salt River Rafters,2025-11-01,Scottsdale Scorpions,False,False,825611,R,P,2.1,0,0,0,0,0,1.000,0,0,0.00,0.00
2025,691384,Luis Perales,Salt River Rafters,2025-11-07,Surprise Saguaros,False,False,825576,R,P,1.0,0,0,0,0,0,1.000,0,0,0.00,0.00
2025,694788,Carlson Reed,Salt River Rafters,2025-10-15,Scottsdale Scorpions,False,True,825622,R,P,2.0,0,0,0,0,0,.000,0,0,0.00,0.00
2025,694788,Carlson Reed,Salt River Rafters,2025-10-22,Mesa Solar Sox,True,True,825631,R,P,4.0,0,0,0,0,0,.000,0,0,0.00,0.00
2025,694788,Carlson Reed,Salt River Rafters,2025-10-29,Peoria Javelinas,True,False,825628,R,P,4.0,0,1,0,0,1,1.000,0,0,1.00,2.25
2025,694788,Carlson Reed,Salt River Rafters,2025-11-05,Peoria Javelinas,True,True,825625,R,P,4.0,0,1,0,0,1,1.000,0,0,1.00,2.25
2025,804558,Raudi Rodriguez,Salt River Rafters,2025-10-07,Glendale Desert Dogs,True,True,825635,R,CF,9.0,2,0,0,0,2,1.000,0,0,2.00,2.00
2025,804558,Raudi Rodriguez,Salt River Rafters,2025-10-10,Peoria Javelinas,False,False,825651,R,CF,8.0,3,0,0,0,3,1.000,0,0,3.00,3.38
2025,804558,Raudi Rodriguez,Salt River Rafters,2025-10-14,Glendale Desert Dogs,True,True,825636,R,CF,9.0,1,0,0,0,1,1.000,0,0,1.00,1.00
2025,804558,Raudi Rodriguez,Salt River Rafters,2025-10-17,Peoria Javelinas,True,False,825632,R,RF,9.0,1,0,1,1,2,.875,0,0,1.00,1.00
2025,804558,Raudi Rodriguez,Salt River Rafters,2025-10-18,Peoria Javelinas,False,True,825644,R,CF,7.0,1,0,0,0,1,.889,0,0,1.00,1.29
2025,804558,Raudi Rodriguez,Salt River Rafters,2025-10-21,Mesa Solar Sox,False,False,825605,R,RF,6.0,0,0,0,0,0,.889,0,0,0.00,0.00
2025,804558,Raudi Rodriguez,Salt River Rafters,2025-10-22,Mesa Solar Sox,True,True,825631,R,CF,9.0,3,0,0,0,3,.917,0,0,3.00,3.00
2025,804558,Raudi Rodriguez,Salt River Rafters,2025-10-23,Glendale Desert Dogs,True,True,825630,R,RF,6.0,3,0,0,0,3,.933,0,0,3.00,4.50
2025,804558,Raudi Rodriguez,Salt River Rafters,2025-10-24,Scottsdale Scorpions,True,False,825629,R,RF,10.0,0,0,0,0,0,.933,0,0,0.00,0.00
2025,804558,Raudi Rodriguez,Salt River Rafters,2025-10-26,Glendale Desert Dogs,False,False,825660,R,RF,8.0,5,0,1,0,6,.905,0,0,5.00,5.63
2025,804558,Raudi Rodriguez,Salt River Rafters,2025-10-28,Peoria Javelinas,False,False,825639,R,CF,8.0,3,0,0,0,3,.917,0,0,3.00,3.38
2025,804558,Raudi Rodriguez,Salt River Rafters,2025-10-31,Scottsdale Scorpions,True,False,825626,R,CF,7.0,1,0,0,0,1,.920,0,0,1.00,1.29
2025,804558,Raudi Rodriguez,Salt River Rafters,2025-11-01,Scottsdale Scorpions,False,False,825611,R,CF,8.1,2,0,0,0,2,.926,0,0,2.00,2.25
2025,804558,Raudi Rodriguez,Salt River Rafters,2025-11-04,Surprise Saguaros,False,False,825579,R,CF,8.0,3,0,1,0,4,.903,0,0,3.00,3.38
2025,804558,Raudi Rodriguez,Salt River Rafters,2025-11-05,Peoria Javelinas,True,True,825625,R,RF,9.0,0,0,0,0,0,.903,0,0,0.00,0.00
2025,804558,Raudi Rodriguez,Salt River Rafters,2025-11-07,Surprise Saguaros,False,False,825576,R,RF,8.0,1,0,0,0,1,.906,0,0,1.00,1.13
2025,804558,Raudi Rodriguez,Salt River Rafters,2025-11-11,Surprise Saguaros,True,True,825617,R,CF,7.0,0,0,0,0,0,.906,0,0,0.00,0.00
2025,804558,Raudi Rodriguez,Salt River Rafters,2025-11-12,Mesa Solar Sox,False,False,825574,D,CF,8.0,5,0,0,0,5,1.000,0,0,5.00,5.63
2025,815456,Ben Shields,Salt River Rafters,2025-10-29,Peoria Javelinas,True,False,825628,R,P,0.1,0,0,0,0,0,.000,0,0,0.00,0.00
2025,694518,Austin Smith,Salt River Rafters,2025-10-09,Mesa Solar Sox,True,False,825637,R,P,1.0,0,1,0,0,1,1.000,1,0,1.00,9.00
2025,694518,Austin Smith,Salt River Rafters,2025-10-15,Scottsdale Scorpions,False,True,825622,R,P,1.0,0,0,0,0,0,1.000,0,0,0.00,0.00
2025,694518,Austin Smith,Salt River Rafters,2025-10-17,Peoria Javelinas,True,False,825632,R,P,1.0,0,0,0,0,0,1.000,0,0,0.00,0.00
2025,694518,Austin Smith,Salt River Rafters,2025-10-22,Mesa Solar Sox,True,True,825631,R,P,1.0,0,0,0,0,0,1.000,0,0,0.00,0.00
2025,694518,Austin Smith,Salt River Rafters,2025-10-31,Scottsdale Scorpions,True,False,825626,R,P,0.1,0,0,0,0,0,1.000,0,0,0.00,0.00
2025,694518,Austin Smith,Salt River Rafters,2025-11-02,Mesa Solar Sox,False,False,825597,R,P,1.1,0,0,0,0,0,1.000,0,0,0.00,0.00
2025,694518,Austin Smith,Salt River Rafters,2025-11-05,Peoria Javelinas,True,True,825625,R,P,0.1,0,0,0,0,0,1.000,0,0,0.00,0.00
2025,694518,Austin Smith,Salt River Rafters,2025-11-10,Scottsdale Scorpions,True,True,825623,R,P,0.2,0,0,0,0,0,1.000,0,0,0.00,0.00
2025,809138,Isaac Stebens,Salt River Rafters,2025-10-09,Mesa Solar Sox,True,False,825637,R,P,1.0,0,0,0,0,0,.000,0,0,0.00,0.00
2025,809138,Isaac Stebens,Salt River Rafters,2025-10-15,Scottsdale Scorpions,False,True,825622,R,P,1.0,0,0,0,0,0,.000,0,0,0.00,0.00
2025,809138,Isaac Stebens,Salt River Rafters,2025-10-17,Peoria Javelinas,True,False,825632,R,P,0.1,0,0,0,0,0,.000,0,0,0.00,0.00
2025,809138,Isaac Stebens,Salt River Rafters,2025-10-21,Mesa Solar Sox,False,False,825605,R,P,1.0,0,0,0,0,0,.000,0,0,0.00,0.00
2025,809138,Isaac Stebens,Salt River Rafters,2025-10-23,Glendale Desert Dogs,True,True,825630,R,P,0.1,0,0,0,0,0,.000,0,0,0.00,0.00
2025,809138,Isaac Stebens,Salt River Rafters,2025-10-28,Peoria Javelinas,False,False,825639,R,P,1.1,0,0,0,0,0,.000,0,0,0.00,0.00
2025,809138,Isaac Stebens,Salt River Rafters,2025-11-02,Mesa Solar Sox,False,False,825597,R,P,1.0,0,0,0,0,0,.000,0,0,0.00,0.00
2025,809138,Isaac Stebens,Salt River Rafters,2025-11-07,Surprise Saguaros,False,False,825576,R,P,1.0,0,0,0,0,0,.000,0,0,0.00,0.00
2025,807511,Nelly Taylor,Salt River Rafters,2025-10-08,Scottsdale Scorpions,False,False,825619,R,CF,8.0,3,0,0,0,3,1.000,0,0,3.00,3.38
2025,807511,Nelly Taylor,Salt River Rafters,2025-10-09,Mesa Solar Sox,True,False,825637,R,CF,9.0,2,0,0,0,2,1.000,0,0,2.00,2.00
2025,807511,Nelly Taylor,Salt River Rafters,2025-10-15,Scottsdale Scorpions,False,True,825622,R,CF,1.0,0,0,0,0,0,1.000,0,0,0.00,0.00
2025,807511,Nelly Taylor,Salt River Rafters,2025-10-17,Peoria Javelinas,True,False,825632,R,CF,9.0,3,0,0,0,3,1.000,0,0,3.00,3.00
2025,807511,Nelly Taylor,Salt River Rafters,2025-10-19,Glendale Desert Dogs,False,True,825647,R,CF,9.0,0,0,0,0,0,1.000,0,0,0.00,0.00
2025,807511,Nelly Taylor,Salt River Rafters,2025-10-21,Mesa Solar Sox,False,True,825601,R,CF,7.0,2,0,0,0,2,1.000,0,0,2.00,2.57
2025,807511,Nelly Taylor,Salt River Rafters,2025-10-22,Mesa Solar Sox,True,True,825631,R,LF,9.0,1,0,0,0,1,1.000,0,0,1.00,1.00
2025,807511,Nelly Taylor,Salt River Rafters,2025-10-26,Glendale Desert Dogs,False,False,825660,R,CF,8.0,0,0,0,0,0,1.000,0,0,0.00,0.00
2025,807511,Nelly Taylor,Salt River Rafters,2025-10-30,Mesa Solar Sox,True,False,825627,R,CF,9.0,3,0,0,0,3,1.000,0,0,3.00,3.00
2025,807511,Nelly Taylor,Salt River Rafters,2025-11-02,Mesa Solar Sox,False,False,825597,R,CF,8.0,2,0,1,1,3,.941,0,0,2.00,2.25
2025,807511,Nelly Taylor,Salt River Rafters,2025-11-06,Surprise Saguaros,True,False,825624,R,CF,7.0,3,0,0,0,3,.950,0,0,3.00,3.86
2025,807511,Nelly Taylor,Salt River Rafters,2025-11-10,Scottsdale Scorpions,True,True,825623,R,CF,7.0,2,0,0,0,2,.955,0,0,2.00,2.57
2025,696142,Will Taylor,Salt River Rafters,2025-10-08,Scottsdale Scorpions,False,False,825619,R,LF,3.0,1,0,0,0,1,1.000,0,0,1.00,3.00
2025,696142,Will Taylor,Salt River Rafters,2025-10-09,Mesa Solar Sox,True,False,825637,R,RF,9.0,2,0,0,0,2,1.000,0,0,2.00,2.00
2025,696142,Will Taylor,Salt River Rafters,2025-10-10,Peoria Javelinas,False,False,825651,R,LF,4.0,1,0,0,0,1,1.000,0,0,1.00,2.25
2025,696142,Will Taylor,Salt River Rafters,2025-10-15,Scottsdale Scorpions,False,True,825622,R,CF,8.0,0,0,1,1,1,.800,0,0,0.00,0.00
2025,696142,Will Taylor,Salt River Rafters,2025-10-15,Scottsdale Scorpions,False,True,825622,R,RF,1.0,0,0,0,0,0,.800,0,0,0.00,0.00
2025,696142,Will Taylor,Salt River Rafters,2025-10-16,Surprise Saguaros,True,False,825633,R,CF,9.0,0,0,0,0,0,.800,0,0,0.00,0.00
2025,696142,Will Taylor,Salt River Rafters,2025-10-19,Glendale Desert Dogs,False,True,825647,R,RF,3.0,1,0,0,0,1,.833,0,0,1.00,3.00
2025,696142,Will Taylor,Salt River Rafters,2025-10-21,Mesa Solar Sox,False,True,825601,R,LF,7.0,0,0,0,0,0,.833,0,0,0.00,0.00
2025,696142,Will Taylor,Salt River Rafters,2025-10-23,Glendale Desert Dogs,True,True,825630,R,CF,9.0,3,0,0,0,3,.889,0,0,3.00,3.00
2025,696142,Will Taylor,Salt River Rafters,2025-10-24,Scottsdale Scorpions,True,False,825629,R,CF,10.0,1,0,0,0,1,.900,0,0,1.00,0.90
2025,696142,Will Taylor,Salt River Rafters,2025-10-29,Peoria Javelinas,True,False,825628,R,CF,7.0,2,0,0,0,2,.917,0,0,2.00,2.57
2025,696142,Will Taylor,Salt River Rafters,2025-10-31,Scottsdale Scorpions,True,False,825626,R,RF,7.0,3,0,0,0,3,.933,0,0,3.00,3.86
2025,696142,Will Taylor,Salt River Rafters,2025-11-02,Mesa Solar Sox,False,False,825597,R,LF,8.0,0,0,0,0,0,.933,0,0,0.00,0.00
2025,696142,Will Taylor,Salt River Rafters,2025-11-06,Surprise Saguaros,True,False,825624,R,LF,7.0,3,0,0,0,3,.944,0,0,3.00,3.86
2025,696142,Will Taylor,Salt River Rafters,2025-11-07,Surprise Saguaros,False,False,825576,R,CF,8.0,3,0,0,0,3,.952,0,0,3.00,3.38
2025,696142,Will Taylor,Salt River Rafters,2025-11-10,Scottsdale Scorpions,True,True,825623,R,RF,7.0,0,0,0,0,0,.952,0,0,0.00,0.00
2025,703606,Jared Thomas,Salt River Rafters,2025-10-07,Glendale Desert Dogs,True,True,825635,R,LF,9.0,1,0,0,0,1,1.000,0,0,1.00,1.00
2025,703606,Jared Thomas,Salt River Rafters,2025-10-08,Scottsdale Scorpions,False,False,825619,R,LF,5.0,0,0,0,0,0,1.000,0,0,0.00,0.00
2025,703606,Jared Thomas,Salt River Rafters,2025-10-14,Glendale Desert Dogs,True,True,825636,R,LF,9.0,2,0,0,0,2,1.000,0,0,2.00,2.00
2025,703606,Jared Thomas,Salt River Rafters,2025-10-15,Scottsdale Scorpions,False,True,825622,R,LF,9.0,1,0,0,0,1,1.000,0,0,1.00,1.00
2025,703606,Jared Thomas,Salt River Rafters,2025-10-16,Surprise Saguaros,True,False,825633,R,LF,5.0,0,0,0,0,0,1.000,0,0,0.00,0.00
2025,703606,Jared Thomas,Salt River Rafters,2025-10-18,Peoria Javelinas,False,True,825644,R,LF,7.0,1,0,0,0,1,1.000,0,0,1.00,1.29
2025,703606,Jared Thomas,Salt River Rafters,2025-10-21,Mesa Solar Sox,False,False,825605,R,CF,6.0,2,1,0,0,3,1.000,1,0,3.00,4.50
2025,703606,Jared Thomas,Salt River Rafters,2025-10-23,Glendale Desert Dogs,True,True,825630,R,LF,9.0,1,0,0,0,1,1.000,0,0,1.00,1.00
2025,703606,Jared Thomas,Salt River Rafters,2025-10-26,Glendale Desert Dogs,False,False,825660,R,LF,8.0,1,0,0,0,1,1.000,0,0,1.00,1.13
2025,703606,Jared Thomas,Salt River Rafters,2025-10-28,Peoria Javelinas,False,False,825639,R,LF,8.0,0,0,0,0,0,1.000,0,0,0.00,0.00
2025,703606,Jared Thomas,Salt River Rafters,2025-10-30,Mesa Solar Sox,True,False,825627,R,LF,9.0,1,0,0,0,1,1.000,0,0,1.00,1.00
2025,703606,Jared Thomas,Salt River Rafters,2025-10-31,Scottsdale Scorpions,True,False,825626,R,LF,7.0,0,0,0,0,0,1.000,0,0,0.00,0.00
2025,703606,Jared Thomas,Salt River Rafters,2025-11-04,Surprise Saguaros,False,False,825579,R,LF,8.0,2,0,0,0,2,1.000,0,0,2.00,2.25
2025,703606,Jared Thomas,Salt River Rafters,2025-11-05,Peoria Javelinas,True,True,825625,R,CF,9.0,2,0,0,0,2,1.000,0,0,2.00,2.00
2025,703606,Jared Thomas,Salt River Rafters,2025-11-07,Surprise Saguaros,False,False,825576,R,LF,8.0,1,0,0,0,1,1.000,0,0,1.00,1.13
2025,703606,Jared Thomas,Salt River Rafters,2025-11-11,Surprise Saguaros,True,True,825617,R,LF,7.0,2,0,0,0,2,1.000,0,0,2.00,2.57
2025,703606,Jared Thomas,Salt River Rafters,2025-11-12,Mesa Solar Sox,False,False,825574,D,LF,8.0,1,0,0,0,1,1.000,0,0,1.00,1.13
2025,802967,Benny Thompson,Salt River Rafters,2025-10-22,Mesa Solar Sox,True,True,825631,R,P,1.0,0,0,0,0,0,.000,0,0,0.00,0.00
2025,802967,Benny Thompson,Salt River Rafters,2025-10-26,Glendale Desert Dogs,False,False,825660,R,P,0.1,0,0,0,0,0,.000,0,0,0.00,0.00
2025,802967,Benny Thompson,Salt River Rafters,2025-10-29,Peoria Javelinas,True,False,825628,R,P,0.1,0,0,0,0,0,.000,0,0,0.00,0.00
2025,802967,Benny Thompson,Salt River Rafters,2025-11-02,Mesa Solar Sox,False,False,825597,R,P,0.2,1,1,0,0,2,1.000,1,0,2.00,0.00
2025,802967,Benny Thompson,Salt River Rafters,2025-11-07,Surprise Saguaros,False,False,825576,R,P,0.1,0,0,0,0,0,1.000,0,0,0.00,0.00
2025,805964,Stanley Tucker,Salt River Rafters,2025-10-07,Glendale Desert Dogs,True,True,825635,R,2B,9.0,4,3,1,0,8,.875,2,0,7.00,7.00
2025,805964,Stanley Tucker,Salt River Rafters,2025-10-08,Scottsdale Scorpions,False,False,825619,R,2B,8.0,3,1,2,2,6,.786,0,0,4.00,4.50
2025,805964,Stanley Tucker,Salt River Rafters,2025-10-09,Mesa Solar Sox,True,False,825637,R,2B,9.0,3,3,0,0,6,.850,0,0,6.00,6.00
2025,805964,Stanley Tucker,Salt River Rafters,2025-10-10,Peoria Javelinas,False,False,825651,R,2B,8.0,1,2,0,0,3,.870,1,0,3.00,3.38
2025,805964,Stanley Tucker,Salt River Rafters,2025-10-14,Glendale Desert Dogs,True,True,825636,R,2B,9.0,1,4,0,0,5,.893,1,0,5.00,5.00
2025,805964,Stanley Tucker,Salt River Rafters,2025-10-15,Scottsdale Scorpions,False,True,825622,R,2B,2.0,0,0,0,0,0,.893,0,0,0.00,0.00
2025,805964,Stanley Tucker,Salt River Rafters,2025-10-16,Surprise Saguaros,True,False,825633,R,2B,9.0,1,3,1,0,5,.879,0,0,4.00,4.00
2025,805964,Stanley Tucker,Salt River Rafters,2025-10-17,Peoria Javelinas,True,False,825632,R,2B,9.0,5,2,0,0,7,.900,1,0,7.00,7.00
2025,805964,Stanley Tucker,Salt River Rafters,2025-10-19,Glendale Desert Dogs,False,True,825647,R,2B,9.0,1,5,1,0,7,.894,1,0,6.00,6.00
2025,805964,Stanley Tucker,Salt River Rafters,2025-10-21,Mesa Solar Sox,False,True,825601,R,2B,7.0,0,1,0,0,1,.896,1,0,1.00,1.29
2025,805964,Stanley Tucker,Salt River Rafters,2025-10-21,Mesa Solar Sox,False,False,825605,R,2B,6.0,3,0,0,0,3,.902,1,0,3.00,4.50
2025,805964,Stanley Tucker,Salt River Rafters,2025-10-22,Mesa Solar Sox,True,True,825631,R,2B,9.0,3,3,0,0,6,.912,1,0,6.00,6.00
2025,805964,Stanley Tucker,Salt River Rafters,2025-10-24,Scottsdale Scorpions,True,False,825629,R,2B,10.0,1,3,0,0,4,.918,2,0,4.00,3.60
2025,805964,Stanley Tucker,Salt River Rafters,2025-10-26,Glendale Desert Dogs,False,False,825660,R,2B,8.0,1,2,0,0,3,.922,0,0,3.00,3.38
2025,805964,Stanley Tucker,Salt River Rafters,2025-10-28,Peoria Javelinas,False,False,825639,R,2B,8.0,3,3,2,0,8,.903,2,0,6.00,6.75
2025,805964,Stanley Tucker,Salt River Rafters,2025-10-30,Mesa Solar Sox,True,False,825627,R,2B,9.0,4,2,0,0,6,.910,1,0,6.00,6.00
2025,805964,Stanley Tucker,Salt River Rafters,2025-11-01,Scottsdale Scorpions,False,False,825611,R,2B,8.1,0,1,0,0,1,.911,0,0,1.00,1.13
2025,805964,Stanley Tucker,Salt River Rafters,2025-11-02,Mesa Solar Sox,False,False,825597,R,2B,8.0,2,4,0,0,6,.918,2,0,6.00,6.75
2025,805964,Stanley Tucker,Salt River Rafters,2025-11-04,Surprise Saguaros,False,False,825579,R,2B,8.0,0,3,0,0,3,.920,0,0,3.00,3.38
2025,805964,Stanley Tucker,Salt River Rafters,2025-11-05,Peoria Javelinas,True,True,825625,R,2B,9.0,1,5,0,0,6,.926,0,0,6.00,6.00
2025,805964,Stanley Tucker,Salt River Rafters,2025-11-06,Surprise Saguaros,True,False,825624,R,2B,7.0,2,3,0,0,5,.929,1,0,5.00,6.43
2025,805964,Stanley Tucker,Salt River Rafters,2025-11-07,Surprise Saguaros,False,False,825576,R,2B,8.0,4,2,0,0,6,.933,0,0,6.00,6.75
2025,805964,Stanley Tucker,Salt River Rafters,2025-11-10,Scottsdale Scorpions,True,True,825623,R,2B,7.0,2,1,0,0,3,.935,0,0,3.00,3.86
2025,805964,Stanley Tucker,Salt River Rafters,2025-11-11,Surprise Saguaros,True,True,825617,R,2B,7.0,3,0,0,0,3,.937,0,0,3.00,3.86
2025,805964,Stanley Tucker,Salt River Rafters,2025-11-12,Mesa Solar Sox,False,False,825574,D,2B,8.0,3,1,0,0,4,1.000,1,0,4.00,4.50
2025,699013,Esmerlyn Valdez,Salt River Rafters,2025-10-07,Glendale Desert Dogs,True,True,825635,R,RF,9.0,1,0,0,0,1,1.000,0,0,1.00,1.00
2025,699013,Esmerlyn Valdez,Salt River Rafters,2025-10-08,Scottsdale Scorpions,False,False,825619,R,RF,8.0,0,0,0,0,0,1.000,0,0,0.00,0.00
2025,699013,Esmerlyn Valdez,Salt River Rafters,2025-10-10,Peoria Javelinas,False,False,825651,R,RF,8.0,2,0,0,0,2,1.000,0,0,2.00,2.25
2025,699013,Esmerlyn Valdez,Salt River Rafters,2025-10-14,Glendale Desert Dogs,True,True,825636,R,RF,9.0,0,0,0,0,0,1.000,0,0,0.00,0.00
2025,699013,Esmerlyn Valdez,Salt River Rafters,2025-10-15,Scottsdale Scorpions,False,True,825622,R,RF,8.0,2,0,0,0,2,1.000,0,0,2.00,2.25
2025,699013,Esmerlyn Valdez,Salt River Rafters,2025-10-16,Surprise Saguaros,True,False,825633,R,RF,9.0,5,0,0,0,5,1.000,0,0,5.00,5.00
2025,699013,Esmerlyn Valdez,Salt River Rafters,2025-10-18,Peoria Javelinas,False,True,825644,R,RF,7.0,1,0,1,0,2,.917,0,0,1.00,1.29
2025,699013,Esmerlyn Valdez,Salt River Rafters,2025-10-19,Glendale Desert Dogs,False,True,825647,R,RF,6.0,2,0,0,0,2,.929,0,0,2.00,3.00
2025,699013,Esmerlyn Valdez,Salt River Rafters,2025-10-21,Mesa Solar Sox,False,True,825601,R,RF,7.0,3,0,0,0,3,.941,0,0,3.00,3.86
2025,699013,Esmerlyn Valdez,Salt River Rafters,2025-10-22,Mesa Solar Sox,True,True,825631,R,RF,9.0,4,0,0,0,4,.952,0,0,4.00,4.00
2025,699013,Esmerlyn Valdez,Salt River Rafters,2025-10-23,Glendale Desert Dogs,True,True,825630,R,RF,3.0,2,0,0,0,2,.957,0,0,2.00,6.00
2025,699013,Esmerlyn Valdez,Salt River Rafters,2025-10-28,Peoria Javelinas,False,False,825639,R,RF,8.0,1,0,0,0,1,.958,0,0,1.00,1.13
2025,699013,Esmerlyn Valdez,Salt River Rafters,2025-10-29,Peoria Javelinas,True,False,825628,R,RF,7.0,1,0,0,0,1,.960,0,0,1.00,1.29
2025,699013,Esmerlyn Valdez,Salt River Rafters,2025-10-30,Mesa Solar Sox,True,False,825627,R,RF,9.0,3,0,0,0,3,.964,0,0,3.00,3.00
2025,699013,Esmerlyn Valdez,Salt River Rafters,2025-11-01,Scottsdale Scorpions,False,False,825611,R,RF,8.1,2,0,0,0,2,.967,0,0,2.00,2.25
2025,699013,Esmerlyn Valdez,Salt River Rafters,2025-11-02,Mesa Solar Sox,False,False,825597,R,RF,8.0,2,0,0,0,2,.969,0,0,2.00,2.25
2025,699013,Esmerlyn Valdez,Salt River Rafters,2025-11-04,Surprise Saguaros,False,False,825579,R,RF,8.0,0,0,0,0,0,.969,0,0,0.00,0.00
2025,699013,Esmerlyn Valdez,Salt River Rafters,2025-11-06,Surprise Saguaros,True,False,825624,R,RF,7.0,0,0,0,0,0,.969,0,0,0.00,0.00
2025,699013,Esmerlyn Valdez,Salt River Rafters,2025-11-11,Surprise Saguaros,True,True,825617,R,RF,7.0,1,0,0,0,1,.970,0,0,1.00,1.29
2025,699013,Esmerlyn Valdez,Salt River Rafters,2025-11-12,Mesa Solar Sox,False,False,825574,D,RF,8.0,0,0,0,0,0,.000,0,0,0.00,0.00
2025,695402,Najer Victor,Salt River Rafters,2025-10-08,Scottsdale Scorpions,False,False,825619,R,P,1.1,0,0,0,0,0,.000,0,0,0.00,0.00
2025,695402,Najer Victor,Salt River Rafters,2025-10-14,Glendale Desert Dogs,True,True,825636,R,P,1.0,0,0,0,0,0,.000,0,0,0.00,0.00
2025,695402,Najer Victor,Salt River Rafters,2025-10-16,Surprise Saguaros,True,False,825633,R,P,1.0,0,0,0,0,0,.000,0,0,0.00,0.00
2025,695402,Najer Victor,Salt River Rafters,2025-10-22,Mesa Solar Sox,True,True,825631,R,P,1.0,0,0,0,0,0,.000,0,0,0.00,0.00
2025,695402,Najer Victor,Salt River Rafters,2025-10-24,Scottsdale Scorpions,True,False,825629,R,P,1.0,0,0,0,0,0,.000,0,0,0.00,0.00
2025,695402,Najer Victor,Salt River Rafters,2025-10-31,Scottsdale Scorpions,True,False,825626,R,P,1.1,0,1,0,0,1,1.000,0,0,1.00,9.00
2025,695402,Najer Victor,Salt River Rafters,2025-11-04,Surprise Saguaros,False,False,825579,R,P,0.1,0,1,0,0,1,1.000,0,0,1.00,0.00
2025,695402,Najer Victor,Salt River Rafters,2025-11-10,Scottsdale Scorpions,True,True,825623,R,P,1.1,0,0,0,0,0,1.000,0,0,0.00,0.00
2025,687918,Braylen Wimmer,Salt River Rafters,2025-10-07,Glendale Desert Dogs,True,True,825635,R,SS,9.0,3,5,1,1,9,.889,2,0,8.00,8.00
2025,687918,Braylen Wimmer,Salt River Rafters,2025-10-08,Scottsdale Scorpions,False,False,825619,R,3B,8.0,1,4,0,0,5,.929,0,0,5.00,5.63
2025,687918,Braylen Wimmer,Salt River Rafters,2025-10-09,Mesa Solar Sox,True,False,825637,R,SS,9.0,0,3,0,0,3,.941,0,0,3.00,3.00
2025,687918,Braylen Wimmer,Salt River Rafters,2025-10-10,Peoria Javelinas,False,False,825651,R,SS,8.0,2,2,0,0,4,.952,2,0,4.00,4.50
2025,687918,Braylen Wimmer,Salt River Rafters,2025-10-14,Glendale Desert Dogs,True,True,825636,R,SS,3.0,0,1,0,0,1,.955,1,0,1.00,3.00
2025,687918,Braylen Wimmer,Salt River Rafters,2025-10-15,Scottsdale Scorpions,False,True,825622,R,SS,2.0,0,0,0,0,0,.955,0,0,0.00,0.00
2025,687918,Braylen Wimmer,Salt River Rafters,2025-10-15,Scottsdale Scorpions,False,True,825622,R,2B,7.0,2,3,0,0,5,.963,2,0,5.00,6.43
2025,687918,Braylen Wimmer,Salt River Rafters,2025-10-16,Surprise Saguaros,True,False,825633,R,3B,9.0,0,0,0,0,0,.963,0,0,0.00,0.00
2025,687918,Braylen Wimmer,Salt River Rafters,2025-10-17,Peoria Javelinas,True,False,825632,R,3B,9.0,0,2,0,0,2,.966,1,0,2.00,2.00
2025,687918,Braylen Wimmer,Salt River Rafters,2025-10-18,Peoria Javelinas,False,True,825644,R,2B,7.0,1,2,0,0,3,.969,0,0,3.00,3.86
2025,687918,Braylen Wimmer,Salt River Rafters,2025-10-21,Mesa Solar Sox,False,True,825601,R,3B,7.0,0,1,0,0,1,.970,0,0,1.00,1.29
2025,687918,Braylen Wimmer,Salt River Rafters,2025-10-21,Mesa Solar Sox,False,False,825605,R,3B,2.0,0,0,0,0,0,.970,0,0,0.00,0.00
2025,687918,Braylen Wimmer,Salt River Rafters,2025-10-22,Mesa Solar Sox,True,True,825631,R,3B,9.0,0,0,0,0,0,.970,0,0,0.00,0.00
2025,687918,Braylen Wimmer,Salt River Rafters,2025-10-23,Glendale Desert Dogs,True,True,825630,R,2B,9.0,1,2,0,0,3,.972,1,0,3.00,3.00
2025,687918,Braylen Wimmer,Salt River Rafters,2025-10-26,Glendale Desert Dogs,False,False,825660,R,SS,8.0,0,3,0,0,3,.974,0,0,3.00,3.38
2025,687918,Braylen Wimmer,Salt River Rafters,2025-10-29,Peoria Javelinas,True,False,825628,R,2B,7.0,2,3,0,0,5,.977,1,0,5.00,6.43
2025,687918,Braylen Wimmer,Salt River Rafters,2025-10-30,Mesa Solar Sox,True,False,825627,R,3B,9.0,0,4,0,0,4,.979,0,0,4.00,4.00
2025,687918,Braylen Wimmer,Salt River Rafters,2025-10-31,Scottsdale Scorpions,True,False,825626,R,3B,7.0,0,0,1,1,1,.959,0,0,0.00,0.00
2025,692243,Jaden Woods,Salt River Rafters,2025-10-08,Scottsdale Scorpions,False,False,825619,R,P,1.0,0,0,0,0,0,.000,0,0,0.00,0.00
2025,692243,Jaden Woods,Salt River Rafters,2025-10-10,Peoria Javelinas,False,False,825651,R,P,1.0,0,0,0,0,0,.000,0,0,0.00,0.00
2025,692243,Jaden Woods,Salt River Rafters,2025-10-15,Scottsdale Scorpions,False,True,825622,R,P,1.0,0,1,0,0,1,1.000,0,0,1.00,9.00
2025,692243,Jaden Woods,Salt River Rafters,2025-10-17,Peoria Javelinas,True,False,825632,R,P,1.0,0,0,0,0,0,1.000,0,0,0.00,0.00
2025,692243,Jaden Woods,Salt River Rafters,2025-10-21,Mesa Solar Sox,False,True,825601,R,P,2.0,0,0,0,0,0,1.000,0,0,0.00,0.00
2025,692243,Jaden Woods,Salt River Rafters,2025-10-24,Scottsdale Scorpions,True,False,825629,R,P,1.1,0,0,0,0,0,1.000,0,0,0.00,0.00
2025,692243,Jaden Woods,Salt River Rafters,2025-10-30,Mesa Solar Sox,True,False,825627,R,P,1.0,0,0,0,0,0,1.000,0,0,0.00,0.00
2025,692243,Jaden Woods,Salt River Rafters,2025-11-04,Surprise Saguaros,False,False,825579,R,P,0.2,0,1,0,0,1,1.000,0,0,1.00,0.00
2025,692243,Jaden Woods,Salt River Rafters,2025-11-07,Surprise Saguaros,False,False,825576,R,P,0.2,1,0,0,0,1,1.000,0,0,1.00,0.00
