season,player_id,player_name,team,date,opponent,is_home,is_win,game_pk,at_bats,plate_appearances,hits,doubles,triples,home_runs,total_bases,runs,rbi,walks,intentional_walks,strikeouts,hit_by_pitch,stolen_bases,caught_stealing,avg,obp,slg,ops,babip,ground_outs,air_outs,ground_into_double_play,sac_bunts,sac_flies,left_on_base,catchers_interference
2025,701771,Billy Amick,Peoria Javelinas,2025-10-06,Scottsdale Scorpions,False,True,825618,4,4,0,0,0,0,0,0,0,0,0,4,0,0,0,.000,.000,.000,.000,.---,0,0,0,0,0,7,0
2025,701771,Billy Amick,Peoria Javelinas,2025-10-09,Surprise Saguaros,True,False,825652,1,4,0,0,0,0,0,0,0,2,0,1,1,0,0,.000,.375,.000,.375,.---,0,0,0,0,0,1,0
2025,701771,Billy Amick,Peoria Javelinas,2025-10-15,Glendale Desert Dogs,True,False,825648,4,4,0,0,0,0,0,0,0,0,0,2,0,0,0,.000,.250,.000,.250,.000,1,1,0,0,0,2,0
2025,701771,Billy Amick,Peoria Javelinas,2025-10-17,Salt River Rafters,False,True,825632,3,5,0,0,0,0,0,0,0,1,0,1,1,0,0,.000,.294,.000,.294,.000,1,1,1,0,0,1,0
2025,701771,Billy Amick,Peoria Javelinas,2025-10-18,Salt River Rafters,True,False,825644,2,3,0,0,0,0,0,0,0,0,0,0,1,0,0,.000,.300,.000,.300,.000,1,1,0,0,0,1,0
2025,701771,Billy Amick,Peoria Javelinas,2025-10-21,Scottsdale Scorpions,True,True,825616,1,3,0,0,0,0,0,1,0,2,0,1,0,0,0,.000,.348,.000,.348,.---,0,0,0,0,0,1,0
2025,701771,Billy Amick,Peoria Javelinas,2025-10-22,Glendale Desert Dogs,True,True,825643,4,4,0,0,0,0,0,0,0,0,0,2,0,0,0,.000,.296,.000,.296,.000,1,1,0,0,0,3,0
2025,701771,Billy Amick,Peoria Javelinas,2025-10-26,Surprise Saguaros,False,False,825584,3,4,0,0,0,0,0,0,0,1,0,3,0,0,0,.000,.290,.000,.290,.---,0,0,0,0,0,1,0
2025,701771,Billy Amick,Peoria Javelinas,2025-10-30,Surprise Saguaros,True,False,825642,3,4,1,0,0,0,1,0,0,1,0,2,0,0,0,.040,.314,.040,.354,1.000,0,0,0,0,0,0,0
2025,701771,Billy Amick,Peoria Javelinas,2025-11-06,Glendale Desert Dogs,True,False,825641,2,3,0,0,0,0,0,0,0,1,0,2,0,0,0,.037,.316,.037,.353,.---,0,0,0,0,0,2,0
2025,701771,Billy Amick,Peoria Javelinas,2025-11-11,Mesa Solar Sox,False,False,825592,3,3,0,0,0,0,0,0,0,0,0,2,0,0,0,.033,.293,.033,.326,.000,0,1,0,0,0,4,0
2025,803175,Ethan Anderson,Peoria Javelinas,2025-10-08,Mesa Solar Sox,False,True,825606,4,5,2,0,0,1,5,2,2,0,0,0,0,0,0,.500,.400,1.250,1.650,.250,0,3,0,0,1,2,0
2025,803175,Ethan Anderson,Peoria Javelinas,2025-10-10,Salt River Rafters,True,True,825651,5,6,1,0,0,0,1,1,1,1,0,2,0,0,0,.333,.364,.667,1.031,.333,1,1,0,0,0,7,0
2025,803175,Ethan Anderson,Peoria Javelinas,2025-10-15,Glendale Desert Dogs,True,False,825648,5,5,2,1,0,0,3,1,2,0,0,2,0,0,0,.357,.375,.643,1.018,.667,0,1,0,0,0,1,0
2025,803175,Ethan Anderson,Peoria Javelinas,2025-10-16,Mesa Solar Sox,False,True,825603,4,5,1,1,0,0,2,1,1,1,0,1,0,0,0,.333,.381,.611,.992,.333,2,0,0,0,0,5,0
2025,803175,Ethan Anderson,Peoria Javelinas,2025-10-18,Salt River Rafters,True,False,825644,3,4,2,0,0,0,2,2,1,1,0,0,0,0,0,.381,.440,.619,1.059,.667,1,0,1,0,0,1,0
2025,803175,Ethan Anderson,Peoria Javelinas,2025-10-19,Mesa Solar Sox,True,False,825645,4,4,0,0,0,0,0,0,0,0,0,1,0,0,0,.320,.379,.520,.899,.000,2,1,0,0,0,4,0
2025,803175,Ethan Anderson,Peoria Javelinas,2025-10-21,Scottsdale Scorpions,True,False,825646,2,3,1,0,0,0,1,0,0,1,0,0,0,0,1,.333,.406,.519,.925,.500,0,1,0,0,0,0,0
2025,803175,Ethan Anderson,Peoria Javelinas,2025-10-21,Scottsdale Scorpions,True,True,825616,4,4,2,1,0,0,3,1,1,0,0,0,0,0,0,.355,.417,.548,.965,.500,1,1,0,0,0,2,0
2025,803175,Ethan Anderson,Peoria Javelinas,2025-10-22,Glendale Desert Dogs,True,True,825643,4,4,3,1,0,0,4,2,3,0,0,0,0,1,1,.400,.450,.600,1.050,.750,0,1,0,0,0,0,0
2025,803175,Ethan Anderson,Peoria Javelinas,2025-10-25,Glendale Desert Dogs,False,True,825662,4,6,1,0,0,0,1,1,0,2,0,1,0,0,0,.385,.457,.564,1.021,.333,1,1,0,0,0,2,0
2025,803175,Ethan Anderson,Peoria Javelinas,2025-10-28,Salt River Rafters,True,True,825639,5,5,2,1,0,0,3,0,0,0,0,2,0,0,0,.386,.451,.568,1.019,.667,0,1,0,0,0,2,0
2025,803175,Ethan Anderson,Peoria Javelinas,2025-10-29,Salt River Rafters,False,True,825628,3,5,1,1,0,0,2,2,2,2,0,1,0,1,0,.383,.464,.574,1.038,.500,1,0,0,0,0,1,0
2025,803175,Ethan Anderson,Peoria Javelinas,2025-10-31,Glendale Desert Dogs,False,False,825659,4,4,1,0,0,0,1,0,0,0,0,1,0,0,0,.373,.450,.549,.999,.333,1,1,0,0,0,4,0
2025,803175,Ethan Anderson,Peoria Javelinas,2025-11-01,Surprise Saguaros,False,False,825578,3,5,0,0,0,0,0,0,0,2,0,2,0,0,0,.352,.446,.519,.965,.000,0,1,0,0,0,4,0
2025,803175,Ethan Anderson,Peoria Javelinas,2025-11-04,Glendale Desert Dogs,False,False,825657,4,4,0,0,0,0,0,0,0,0,0,2,0,0,0,.328,.420,.483,.903,.000,2,0,0,0,0,0,0
2025,803175,Ethan Anderson,Peoria Javelinas,2025-11-05,Salt River Rafters,False,False,825625,4,4,1,0,0,0,1,0,0,0,0,1,0,0,0,.323,.411,.468,.879,.333,0,2,0,0,0,1,0
2025,803175,Ethan Anderson,Peoria Javelinas,2025-11-06,Glendale Desert Dogs,True,False,825641,2,3,0,0,0,0,0,0,0,1,0,1,0,0,0,.313,.408,.453,.861,.000,1,0,0,0,0,1,0
2025,803175,Ethan Anderson,Peoria Javelinas,2025-11-10,Surprise Saguaros,False,True,825575,2,3,1,1,0,0,2,0,1,1,0,1,0,0,0,.318,.418,.470,.888,1.000,0,0,0,0,0,0,0
2025,803175,Ethan Anderson,Peoria Javelinas,2025-11-11,Mesa Solar Sox,False,False,825592,4,4,0,0,0,0,0,0,0,0,0,2,0,0,0,.300,.398,.443,.841,.000,1,1,0,0,0,3,0
2025,699114,Leo Balcazar,Peoria Javelinas,2025-10-06,Scottsdale Scorpions,False,True,825618,3,4,1,0,0,0,1,1,0,1,0,1,0,1,0,.333,.500,.333,.833,.500,1,0,0,0,0,3,0
2025,699114,Leo Balcazar,Peoria Javelinas,2025-10-09,Surprise Saguaros,True,False,825652,4,4,1,1,0,0,2,0,0,0,0,2,0,0,0,.286,.375,.429,.804,.500,0,1,0,0,0,5,0
2025,699114,Leo Balcazar,Peoria Javelinas,2025-10-10,Salt River Rafters,True,True,825651,5,6,2,0,0,0,2,1,1,1,0,1,0,1,0,.333,.429,.417,.846,.500,1,1,1,0,0,5,0
2025,699114,Leo Balcazar,Peoria Javelinas,2025-10-14,Scottsdale Scorpions,True,False,825649,4,4,2,0,0,0,2,1,1,0,0,2,0,0,0,.375,.444,.438,.882,1.000,0,0,0,0,0,0,0
2025,699114,Leo Balcazar,Peoria Javelinas,2025-10-16,Mesa Solar Sox,False,True,825603,5,5,1,0,0,0,1,1,0,0,0,2,0,1,0,.333,.391,.381,.772,.333,0,2,0,0,0,6,0
2025,699114,Leo Balcazar,Peoria Javelinas,2025-10-17,Salt River Rafters,False,True,825632,5,6,3,1,0,0,4,2,1,1,0,0,0,0,0,.385,.448,.462,.910,.600,0,2,0,0,0,3,0
2025,699114,Leo Balcazar,Peoria Javelinas,2025-10-18,Salt River Rafters,True,False,825644,3,3,1,0,0,0,1,0,1,0,0,1,0,0,0,.379,.438,.448,.886,.500,0,1,0,0,0,4,0
2025,699114,Leo Balcazar,Peoria Javelinas,2025-10-19,Mesa Solar Sox,True,False,825645,5,5,1,0,0,0,1,0,0,0,0,1,0,0,0,.353,.405,.412,.817,.250,1,2,0,0,0,2,0
2025,699114,Leo Balcazar,Peoria Javelinas,2025-10-21,Scottsdale Scorpions,True,False,825646,3,3,0,0,0,0,0,0,0,0,0,0,0,0,0,.324,.375,.378,.753,.000,2,1,1,0,0,3,0
2025,699114,Leo Balcazar,Peoria Javelinas,2025-10-21,Scottsdale Scorpions,True,True,825616,3,4,2,0,0,0,2,1,1,1,0,0,0,0,0,.350,.409,.400,.809,.667,0,1,0,0,0,1,0
2025,699114,Leo Balcazar,Peoria Javelinas,2025-10-22,Glendale Desert Dogs,True,True,825643,4,4,1,0,0,0,1,1,0,0,0,2,0,0,0,.341,.396,.386,.782,.500,1,0,0,0,0,1,0
2025,699114,Leo Balcazar,Peoria Javelinas,2025-10-23,Scottsdale Scorpions,True,False,825638,3,4,1,1,0,0,2,0,2,1,0,1,0,0,0,.340,.404,.404,.808,.500,1,0,0,0,0,1,0
2025,699114,Leo Balcazar,Peoria Javelinas,2025-10-25,Glendale Desert Dogs,False,True,825662,5,5,4,1,0,0,5,3,2,0,0,0,0,1,0,.385,.439,.462,.901,.800,0,1,0,0,0,0,0
2025,699114,Leo Balcazar,Peoria Javelinas,2025-10-28,Salt River Rafters,True,True,825639,4,5,1,1,0,0,2,1,2,1,0,2,0,0,0,.375,.435,.464,.899,.500,0,1,0,0,0,4,0
2025,699114,Leo Balcazar,Peoria Javelinas,2025-10-29,Salt River Rafters,False,True,825628,4,4,1,0,0,0,1,1,1,0,0,2,0,0,0,.367,.424,.450,.874,.500,0,1,0,0,0,2,0
2025,699114,Leo Balcazar,Peoria Javelinas,2025-10-30,Surprise Saguaros,True,False,825642,4,4,2,1,0,0,3,0,0,0,0,1,0,0,0,.375,.429,.469,.898,.667,1,0,0,0,0,2,0
2025,699114,Leo Balcazar,Peoria Javelinas,2025-10-31,Glendale Desert Dogs,False,False,825659,4,4,0,0,0,0,0,0,0,0,0,0,0,0,0,.353,.405,.441,.846,.000,2,2,0,0,0,3,0
2025,699114,Leo Balcazar,Peoria Javelinas,2025-11-01,Surprise Saguaros,False,False,825578,4,5,2,0,0,0,2,0,0,1,0,2,0,1,0,.361,.418,.444,.862,1.000,0,0,0,0,0,2,0
2025,699114,Leo Balcazar,Peoria Javelinas,2025-11-02,Scottsdale Scorpions,False,False,825610,3,4,0,0,0,0,0,0,0,1,0,2,0,0,0,.347,.410,.427,.837,.000,1,0,0,0,0,0,0
2025,699114,Leo Balcazar,Peoria Javelinas,2025-11-04,Glendale Desert Dogs,False,False,825657,4,4,0,0,0,0,0,0,0,0,0,1,0,0,0,.329,.391,.405,.796,.000,2,1,1,0,0,4,0
2025,699114,Leo Balcazar,Peoria Javelinas,2025-11-05,Salt River Rafters,False,False,825625,5,5,0,0,0,0,0,0,0,0,0,1,0,0,0,.310,.370,.381,.751,.000,3,1,0,0,0,6,0
2025,699114,Leo Balcazar,Peoria Javelinas,2025-11-07,Mesa Solar Sox,True,True,825640,4,4,0,0,0,0,0,0,0,0,0,1,0,0,0,.295,.354,.364,.718,.000,3,0,0,0,0,0,0
2025,699114,Leo Balcazar,Peoria Javelinas,2025-11-10,Surprise Saguaros,False,True,825575,3,3,0,0,0,0,0,0,0,0,0,2,0,0,0,.286,.343,.352,.695,.000,0,1,0,0,0,0,0
2025,699114,Leo Balcazar,Peoria Javelinas,2025-11-11,Mesa Solar Sox,False,False,825592,3,4,0,0,0,0,0,0,0,1,0,2,0,0,0,.277,.340,.340,.680,.000,0,1,0,0,0,1,0
2025,690961,Enrique Bradfield Jr.,Peoria Javelinas,2025-10-06,Scottsdale Scorpions,False,True,825618,2,5,0,0,0,0,0,1,0,3,0,0,0,1,0,.000,.600,.000,.600,.000,2,0,0,0,0,0,0
2025,690961,Enrique Bradfield Jr.,Peoria Javelinas,2025-10-08,Mesa Solar Sox,False,True,825606,5,6,1,0,0,0,1,0,0,1,0,1,0,0,0,.143,.455,.143,.598,.250,1,2,0,0,0,2,0
2025,690961,Enrique Bradfield Jr.,Peoria Javelinas,2025-10-09,Surprise Saguaros,True,False,825652,5,5,1,1,0,0,2,0,0,0,0,1,0,0,0,.167,.375,.250,.625,.250,1,2,0,0,0,2,0
2025,690961,Enrique Bradfield Jr.,Peoria Javelinas,2025-10-14,Scottsdale Scorpions,True,False,825649,5,5,0,0,0,0,0,0,0,0,0,2,0,0,0,.118,.286,.176,.462,.000,2,1,0,0,0,2,0
2025,690961,Enrique Bradfield Jr.,Peoria Javelinas,2025-10-16,Mesa Solar Sox,False,True,825603,5,5,3,1,0,0,4,1,3,0,0,1,0,3,0,.227,.346,.318,.664,.750,0,1,0,0,0,0,0
2025,690961,Enrique Bradfield Jr.,Peoria Javelinas,2025-10-18,Salt River Rafters,True,False,825644,3,4,2,0,1,0,4,1,0,0,0,0,0,0,0,.280,.379,.440,.819,.667,2,0,0,1,0,0,0
2025,690961,Enrique Bradfield Jr.,Peoria Javelinas,2025-10-19,Mesa Solar Sox,True,False,825645,5,5,2,0,0,0,2,1,2,0,0,1,0,4,0,.300,.382,.433,.815,.500,0,2,0,0,0,1,0
2025,690961,Enrique Bradfield Jr.,Peoria Javelinas,2025-10-21,Scottsdale Scorpions,True,False,825646,2,3,1,0,0,0,1,0,0,0,0,1,1,0,0,.313,.405,.438,.843,1.000,0,0,0,0,0,0,0
2025,690961,Enrique Bradfield Jr.,Peoria Javelinas,2025-10-22,Glendale Desert Dogs,True,True,825643,4,5,0,0,0,0,0,1,0,1,0,3,0,1,0,.278,.381,.389,.770,.000,0,1,0,0,0,3,0
2025,690961,Enrique Bradfield Jr.,Peoria Javelinas,2025-10-25,Glendale Desert Dogs,False,True,825662,5,6,1,0,0,0,1,1,0,1,0,2,0,2,1,.268,.375,.366,.741,.333,1,1,0,0,0,4,0
2025,690961,Enrique Bradfield Jr.,Peoria Javelinas,2025-10-26,Surprise Saguaros,False,False,825584,4,5,1,0,0,0,1,1,0,1,0,1,0,2,0,.267,.377,.356,.733,.333,1,1,0,0,0,3,0
2025,690961,Enrique Bradfield Jr.,Peoria Javelinas,2025-10-28,Salt River Rafters,True,True,825639,5,5,2,2,0,0,4,1,2,0,0,0,0,1,0,.280,.379,.400,.779,.400,3,0,0,0,0,0,0
2025,690961,Enrique Bradfield Jr.,Peoria Javelinas,2025-10-29,Salt River Rafters,False,True,825628,3,5,2,1,0,0,3,3,2,2,0,0,0,2,0,.302,.413,.434,.847,.667,1,0,0,0,0,0,0
2025,690961,Enrique Bradfield Jr.,Peoria Javelinas,2025-10-31,Glendale Desert Dogs,False,False,825659,2,4,0,0,0,0,0,2,0,2,0,2,0,1,0,.291,.418,.418,.836,.---,0,0,0,0,0,4,0
2025,690961,Enrique Bradfield Jr.,Peoria Javelinas,2025-11-01,Surprise Saguaros,False,False,825578,5,5,1,0,0,0,1,1,0,0,0,2,0,0,0,.283,.403,.400,.803,.333,1,1,0,0,0,2,0
2025,690961,Enrique Bradfield Jr.,Peoria Javelinas,2025-11-04,Glendale Desert Dogs,False,False,825657,4,4,0,0,0,0,0,0,0,0,0,2,0,0,0,.266,.382,.375,.757,.000,2,0,0,0,0,5,0
2025,690961,Enrique Bradfield Jr.,Peoria Javelinas,2025-11-05,Salt River Rafters,False,False,825625,4,5,0,0,0,0,0,0,0,1,0,1,0,0,0,.250,.370,.353,.723,.000,2,1,0,0,0,3,0
2025,690961,Enrique Bradfield Jr.,Peoria Javelinas,2025-11-06,Glendale Desert Dogs,True,False,825641,2,3,0,0,0,0,0,0,0,1,0,1,0,0,0,.243,.369,.343,.712,.000,0,1,0,0,0,2,0
2025,690961,Enrique Bradfield Jr.,Peoria Javelinas,2025-11-07,Mesa Solar Sox,True,True,825640,4,4,0,0,0,0,0,0,0,0,0,1,0,0,0,.230,.352,.324,.676,.000,1,2,0,0,0,0,0
2025,690961,Enrique Bradfield Jr.,Peoria Javelinas,2025-11-10,Surprise Saguaros,False,True,825575,3,3,0,0,0,0,0,0,0,0,0,0,0,0,0,.221,.341,.312,.653,.000,1,2,0,0,0,0,0
2025,702253,Cam Collier,Peoria Javelinas,2025-10-06,Scottsdale Scorpions,False,True,825618,4,4,1,0,0,0,1,0,2,0,0,1,0,0,0,.250,.250,.250,.500,.333,1,1,0,0,0,2,0
2025,702253,Cam Collier,Peoria Javelinas,2025-10-08,Mesa Solar Sox,False,True,825606,3,5,1,0,0,0,1,1,1,2,0,1,0,0,1,.286,.444,.286,.730,.500,1,0,0,0,0,0,0
2025,702253,Cam Collier,Peoria Javelinas,2025-10-10,Salt River Rafters,True,True,825651,4,6,1,1,0,0,2,1,0,2,0,3,0,0,0,.273,.467,.364,.831,1.000,0,0,0,0,0,3,0
2025,702253,Cam Collier,Peoria Javelinas,2025-10-14,Scottsdale Scorpions,True,False,825649,4,4,0,0,0,0,0,1,0,0,0,3,0,0,0,.200,.368,.267,.635,.000,1,0,0,0,0,4,0
2025,702253,Cam Collier,Peoria Javelinas,2025-10-16,Mesa Solar Sox,False,True,825603,3,5,2,1,0,0,3,2,1,1,0,0,1,1,0,.278,.458,.389,.847,.667,0,1,0,0,0,0,0
2025,702253,Cam Collier,Peoria Javelinas,2025-10-17,Salt River Rafters,False,True,825632,4,6,3,0,0,1,6,2,3,1,0,0,1,0,0,.364,.533,.591,1.124,.667,0,1,0,0,0,1,0
2025,702253,Cam Collier,Peoria Javelinas,2025-10-18,Salt River Rafters,True,False,825644,3,4,0,0,0,0,0,0,0,1,0,2,0,0,0,.320,.500,.520,1.020,.000,1,0,0,0,0,2,0
2025,702253,Cam Collier,Peoria Javelinas,2025-10-21,Scottsdale Scorpions,True,False,825646,3,3,1,0,0,0,1,1,0,0,0,0,0,0,0,.321,.486,.500,.986,.333,0,2,0,0,0,3,0
2025,702253,Cam Collier,Peoria Javelinas,2025-10-21,Scottsdale Scorpions,True,True,825616,3,4,1,1,0,0,2,0,2,1,0,0,0,0,0,.323,.488,.516,1.004,.333,1,1,0,0,0,2,0
2025,702253,Cam Collier,Peoria Javelinas,2025-10-23,Scottsdale Scorpions,True,False,825638,2,4,0,0,0,0,0,1,0,2,0,1,0,0,0,.303,.489,.485,.974,.000,1,0,0,0,0,1,0
2025,702253,Cam Collier,Peoria Javelinas,2025-10-25,Glendale Desert Dogs,False,True,825662,6,6,1,0,0,0,1,1,1,0,0,0,0,0,0,.282,.451,.436,.887,.167,4,1,1,0,0,4,0
2025,702253,Cam Collier,Peoria Javelinas,2025-10-26,Surprise Saguaros,False,False,825584,4,4,0,0,0,0,0,0,0,0,0,2,0,0,0,.256,.418,.395,.813,.000,2,0,0,0,0,5,0
2025,702253,Cam Collier,Peoria Javelinas,2025-10-28,Salt River Rafters,True,True,825639,4,4,1,1,0,0,2,1,2,0,0,2,0,0,0,.255,.407,.404,.811,.500,1,0,0,0,0,2,0
2025,702253,Cam Collier,Peoria Javelinas,2025-10-29,Salt River Rafters,False,True,825628,2,4,1,0,0,0,1,1,0,2,0,0,0,0,0,.265,.429,.408,.837,.500,1,0,0,0,0,0,0
2025,702253,Cam Collier,Peoria Javelinas,2025-10-31,Glendale Desert Dogs,False,False,825659,4,4,0,0,0,0,0,0,0,0,0,1,0,0,0,.245,.403,.377,.780,.000,2,1,0,0,0,3,0
2025,702253,Cam Collier,Peoria Javelinas,2025-11-01,Surprise Saguaros,False,False,825578,4,5,1,0,0,0,1,0,2,1,0,1,0,0,0,.246,.403,.368,.771,.333,1,1,0,0,0,4,0
2025,702253,Cam Collier,Peoria Javelinas,2025-11-02,Scottsdale Scorpions,False,False,825610,4,4,0,0,0,0,0,0,0,0,0,1,0,0,0,.230,.382,.344,.726,.000,1,2,0,0,0,2,0
2025,702253,Cam Collier,Peoria Javelinas,2025-11-04,Glendale Desert Dogs,False,False,825657,4,4,0,0,0,0,0,0,0,0,0,3,0,0,0,.215,.363,.323,.686,.000,0,1,0,0,0,2,0
2025,702253,Cam Collier,Peoria Javelinas,2025-11-05,Salt River Rafters,False,False,825625,2,4,1,0,0,0,1,1,0,2,0,0,0,0,0,.224,.381,.328,.709,.500,1,0,0,0,0,0,0
2025,702253,Cam Collier,Peoria Javelinas,2025-11-06,Glendale Desert Dogs,True,False,825641,3,3,0,0,0,0,0,0,0,0,0,1,0,0,0,.214,.368,.314,.682,.000,2,0,0,0,0,0,0
2025,702253,Cam Collier,Peoria Javelinas,2025-11-07,Mesa Solar Sox,True,True,825640,4,4,0,0,0,0,0,0,0,0,0,2,0,0,0,.203,.352,.297,.649,.000,2,0,0,0,0,3,0
2025,702253,Cam Collier,Peoria Javelinas,2025-11-11,Mesa Solar Sox,False,False,825592,3,4,2,1,0,0,3,2,0,1,0,0,0,0,0,.221,.368,.325,.693,.667,0,1,0,0,0,0,0
2025,806957,Alfredo Duno,Peoria Javelinas,2025-10-09,Surprise Saguaros,True,False,825652,4,5,1,0,0,0,1,0,0,1,0,2,0,0,0,.250,.400,.250,.650,.500,0,1,0,0,0,4,0
2025,806957,Alfredo Duno,Peoria Javelinas,2025-10-10,Salt River Rafters,True,True,825651,2,6,1,0,0,0,1,0,2,3,0,1,0,0,0,.333,.545,.333,.878,.500,0,1,0,0,1,1,0
2025,806957,Alfredo Duno,Peoria Javelinas,2025-10-14,Scottsdale Scorpions,True,False,825649,4,4,1,0,0,0,1,0,1,0,0,1,0,0,0,.300,.467,.300,.767,.333,1,1,0,0,0,0,0
2025,806957,Alfredo Duno,Peoria Javelinas,2025-10-16,Mesa Solar Sox,False,True,825603,5,5,0,0,0,0,0,0,0,0,0,3,0,0,0,.200,.350,.200,.550,.000,1,1,0,0,0,4,0
2025,806957,Alfredo Duno,Peoria Javelinas,2025-10-18,Salt River Rafters,True,False,825644,2,3,1,0,0,0,1,1,0,1,0,0,0,0,0,.235,.391,.235,.626,.500,1,0,0,0,0,1,0
2025,806957,Alfredo Duno,Peoria Javelinas,2025-10-21,Scottsdale Scorpions,True,True,825616,4,4,1,1,0,0,2,1,2,0,0,1,0,0,0,.238,.370,.286,.656,.333,1,1,0,0,0,4,0
2025,806957,Alfredo Duno,Peoria Javelinas,2025-10-22,Glendale Desert Dogs,True,True,825643,3,4,0,0,0,0,0,0,0,1,0,1,0,1,0,.208,.355,.250,.605,.000,1,1,0,0,0,3,0
2025,806957,Alfredo Duno,Peoria Javelinas,2025-10-25,Glendale Desert Dogs,False,True,825662,0,0,0,0,0,0,0,0,0,0,0,0,0,0,0,.208,.355,.250,.605,.---,0,0,0,0,0,0,0
2025,806957,Alfredo Duno,Peoria Javelinas,2025-10-26,Surprise Saguaros,False,False,825584,3,4,1,0,0,0,1,0,1,1,0,1,0,0,0,.222,.371,.259,.630,.500,1,0,0,0,0,1,0
2025,806957,Alfredo Duno,Peoria Javelinas,2025-10-28,Salt River Rafters,True,True,825639,2,4,0,0,0,0,0,0,0,2,0,0,0,0,0,.207,.385,.241,.626,.000,1,1,0,0,0,1,0
2025,806957,Alfredo Duno,Peoria Javelinas,2025-10-30,Surprise Saguaros,True,False,825642,3,4,0,0,0,0,0,0,0,1,0,2,0,0,0,.188,.372,.219,.591,.000,1,0,0,0,0,4,0
2025,806957,Alfredo Duno,Peoria Javelinas,2025-11-01,Surprise Saguaros,False,False,825578,5,5,0,0,0,0,0,0,0,0,0,2,0,0,0,.162,.333,.189,.522,.000,1,2,0,0,0,6,0
2025,806957,Alfredo Duno,Peoria Javelinas,2025-11-02,Scottsdale Scorpions,False,False,825610,4,4,1,0,0,0,1,0,0,0,0,1,0,0,0,.171,.327,.195,.522,.333,1,1,0,0,0,0,0
2025,806957,Alfredo Duno,Peoria Javelinas,2025-11-07,Mesa Solar Sox,True,True,825640,4,4,3,1,1,0,6,1,1,0,0,0,0,0,0,.222,.357,.311,.668,.750,0,1,0,0,0,0,0
2025,806957,Alfredo Duno,Peoria Javelinas,2025-11-10,Surprise Saguaros,False,True,825575,2,3,0,0,0,0,0,0,0,1,0,1,0,0,0,.213,.356,.298,.654,.000,0,1,0,0,0,1,0
2025,806071,Jonny Farmelo,Peoria Javelinas,2025-10-06,Scottsdale Scorpions,False,True,825618,2,4,0,0,0,0,0,0,1,1,0,2,0,1,0,.000,.250,.000,.250,.000,0,1,0,0,1,3,0
2025,806071,Jonny Farmelo,Peoria Javelinas,2025-10-08,Mesa Solar Sox,False,True,825606,5,5,1,0,0,0,1,0,2,0,0,1,0,0,0,.143,.222,.143,.365,.250,1,2,0,0,0,5,0
2025,806071,Jonny Farmelo,Peoria Javelinas,2025-10-10,Salt River Rafters,True,True,825651,5,6,2,0,1,0,4,1,5,1,0,1,0,1,0,.250,.333,.417,.750,.500,1,1,0,0,0,4,0
2025,806071,Jonny Farmelo,Peoria Javelinas,2025-10-14,Scottsdale Scorpions,True,False,825649,2,4,1,1,0,0,2,1,0,2,0,1,0,0,1,.286,.421,.500,.921,1.000,0,0,0,0,0,1,0
2025,806071,Jonny Farmelo,Peoria Javelinas,2025-10-15,Glendale Desert Dogs,True,False,825648,2,5,1,0,0,1,4,2,1,3,0,1,0,1,0,.313,.500,.688,1.188,.---,0,0,0,0,0,0,0
2025,806071,Jonny Farmelo,Peoria Javelinas,2025-10-17,Salt River Rafters,False,True,825632,5,6,1,0,0,0,1,1,0,1,0,3,0,0,0,.286,.467,.571,1.038,.500,1,0,0,0,0,7,0
2025,806071,Jonny Farmelo,Peoria Javelinas,2025-10-18,Salt River Rafters,True,False,825644,4,4,1,0,0,0,1,0,0,0,0,0,0,0,0,.280,.441,.520,.961,.250,1,2,0,0,0,2,0
2025,806071,Jonny Farmelo,Peoria Javelinas,2025-10-19,Mesa Solar Sox,True,False,825645,3,5,0,0,0,0,0,1,0,1,0,1,1,1,0,.250,.436,.464,.900,.000,0,2,0,0,0,1,0
2025,806071,Jonny Farmelo,Peoria Javelinas,2025-10-21,Scottsdale Scorpions,True,False,825646,2,3,0,0,0,0,0,0,0,0,0,1,1,1,0,.233,.429,.433,.862,.000,1,0,1,0,0,3,0
2025,806071,Jonny Farmelo,Peoria Javelinas,2025-10-21,Scottsdale Scorpions,True,True,825616,3,4,1,0,1,0,3,1,1,1,0,0,0,0,0,.242,.435,.485,.920,.333,0,2,0,0,0,2,0
2025,806071,Jonny Farmelo,Peoria Javelinas,2025-10-22,Glendale Desert Dogs,True,True,825643,3,4,1,1,0,0,2,0,2,0,0,1,1,0,0,.250,.440,.500,.940,.500,1,0,0,0,0,2,0
2025,806071,Jonny Farmelo,Peoria Javelinas,2025-10-25,Glendale Desert Dogs,False,True,825662,5,6,1,1,0,0,2,2,1,1,0,3,0,0,0,.244,.429,.488,.917,.500,1,0,0,0,0,3,0
2025,806071,Jonny Farmelo,Peoria Javelinas,2025-10-28,Salt River Rafters,True,True,825639,4,5,1,0,0,0,1,2,0,1,0,0,0,1,0,.244,.426,.467,.893,.250,2,1,0,0,0,3,0
2025,806071,Jonny Farmelo,Peoria Javelinas,2025-10-29,Salt River Rafters,False,True,825628,4,5,1,0,1,0,3,0,2,1,0,2,0,0,0,.245,.424,.490,.914,.500,0,1,0,0,0,4,0
2025,806071,Jonny Farmelo,Peoria Javelinas,2025-10-30,Surprise Saguaros,True,False,825642,4,4,2,0,0,0,2,0,0,0,0,1,0,1,0,.264,.429,.491,.920,.667,0,1,0,0,0,1,0
2025,806071,Jonny Farmelo,Peoria Javelinas,2025-11-01,Surprise Saguaros,False,False,825578,2,5,0,0,0,0,0,1,0,3,0,0,0,0,0,.255,.440,.473,.913,.000,0,2,0,0,0,2,0
2025,806071,Jonny Farmelo,Peoria Javelinas,2025-11-02,Scottsdale Scorpions,False,False,825610,3,4,0,0,0,0,0,0,0,1,0,1,0,0,0,.241,.430,.448,.878,.000,0,2,0,0,0,3,0
2025,806071,Jonny Farmelo,Peoria Javelinas,2025-11-04,Glendale Desert Dogs,False,False,825657,4,4,0,0,0,0,0,0,0,0,0,4,0,0,0,.226,.410,.419,.829,.---,0,0,0,0,0,0,0
2025,806071,Jonny Farmelo,Peoria Javelinas,2025-11-05,Salt River Rafters,False,False,825625,3,4,1,0,0,0,1,1,0,1,0,1,0,2,1,.231,.414,.415,.829,.500,1,0,0,0,0,0,0
2025,806071,Jonny Farmelo,Peoria Javelinas,2025-11-06,Glendale Desert Dogs,True,False,825641,3,3,0,0,0,0,0,0,0,0,0,2,0,0,0,.221,.400,.397,.797,.000,0,1,0,0,0,4,0
2025,806071,Jonny Farmelo,Peoria Javelinas,2025-11-07,Mesa Solar Sox,True,True,825640,3,4,0,0,0,0,0,0,0,1,0,1,0,2,0,.211,.394,.380,.774,.000,2,0,0,0,0,0,0
2025,806071,Jonny Farmelo,Peoria Javelinas,2025-11-10,Surprise Saguaros,False,True,825575,3,3,2,1,0,0,3,2,0,0,0,0,0,1,0,.230,.402,.405,.807,.667,1,0,0,0,0,0,0
2025,806071,Jonny Farmelo,Peoria Javelinas,2025-11-11,Mesa Solar Sox,False,False,825592,3,4,1,0,0,1,4,1,1,1,0,1,0,0,0,.234,.406,.442,.848,.000,1,0,0,0,0,1,0
2025,810838,Ryan Jackson,Peoria Javelinas,2025-10-08,Mesa Solar Sox,False,True,825606,4,5,2,0,0,0,2,0,2,1,0,1,0,1,0,.500,.600,.500,1.100,.667,0,1,0,0,0,1,0
2025,810838,Ryan Jackson,Peoria Javelinas,2025-10-09,Surprise Saguaros,True,False,825652,3,4,2,1,0,0,3,2,0,0,0,0,1,0,1,.571,.667,.714,1.381,.667,1,0,0,0,0,0,0
2025,810838,Ryan Jackson,Peoria Javelinas,2025-10-10,Salt River Rafters,True,True,825651,1,5,0,0,0,0,0,1,2,3,0,0,1,0,0,.500,.714,.625,1.339,.000,0,1,0,0,0,0,0
2025,810838,Ryan Jackson,Peoria Javelinas,2025-10-15,Glendale Desert Dogs,True,False,825648,1,4,0,0,0,0,0,0,1,1,0,0,1,0,0,.444,.667,.556,1.223,.000,1,1,0,0,1,0,0
2025,810838,Ryan Jackson,Peoria Javelinas,2025-10-16,Mesa Solar Sox,False,True,825603,2,5,0,0,0,0,0,1,0,3,0,2,0,0,0,.364,.652,.455,1.107,.---,0,0,0,0,0,3,0
2025,810838,Ryan Jackson,Peoria Javelinas,2025-10-17,Salt River Rafters,False,True,825632,5,6,0,0,0,0,0,1,1,1,0,2,0,0,0,.250,.552,.313,.865,.000,1,2,0,0,0,6,0
2025,810838,Ryan Jackson,Peoria Javelinas,2025-10-19,Mesa Solar Sox,True,False,825645,4,4,0,0,0,0,0,1,0,0,0,1,0,0,0,.200,.485,.250,.735,.000,2,1,0,0,0,2,0
2025,810838,Ryan Jackson,Peoria Javelinas,2025-10-21,Scottsdale Scorpions,True,True,825616,3,4,1,0,0,0,1,1,0,1,0,1,0,0,0,.217,.486,.261,.747,.500,1,0,0,0,0,4,0
2025,810838,Ryan Jackson,Peoria Javelinas,2025-10-23,Scottsdale Scorpions,True,False,825638,4,4,0,0,0,0,0,0,0,0,0,1,0,0,0,.185,.439,.222,.661,.000,2,1,0,0,0,3,0
2025,810838,Ryan Jackson,Peoria Javelinas,2025-10-25,Glendale Desert Dogs,False,True,825662,5,5,2,2,0,0,4,1,2,0,0,2,0,0,0,.219,.435,.313,.748,.667,0,1,0,0,0,3,0
2025,810838,Ryan Jackson,Peoria Javelinas,2025-10-30,Surprise Saguaros,True,False,825642,3,4,0,0,0,0,0,0,0,1,0,2,0,0,0,.200,.420,.286,.706,.000,0,1,0,0,0,6,0
2025,810838,Ryan Jackson,Peoria Javelinas,2025-10-31,Glendale Desert Dogs,False,False,825659,3,3,0,0,0,0,0,0,0,0,0,2,0,0,0,.184,.396,.263,.659,.000,0,1,0,0,0,3,0
2025,810838,Ryan Jackson,Peoria Javelinas,2025-11-02,Scottsdale Scorpions,False,False,825610,2,4,1,0,1,0,3,1,0,2,0,0,0,0,0,.200,.421,.325,.746,.500,1,0,1,0,0,2,0
2025,810838,Ryan Jackson,Peoria Javelinas,2025-11-04,Glendale Desert Dogs,False,False,825657,2,3,0,0,0,0,0,0,0,1,0,1,0,0,0,.190,.417,.310,.727,.000,0,1,0,0,0,2,0
2025,810838,Ryan Jackson,Peoria Javelinas,2025-11-06,Glendale Desert Dogs,True,False,825641,3,3,1,0,0,0,1,0,0,0,0,0,0,0,0,.200,.413,.311,.724,.333,2,0,0,0,0,1,0
2025,810838,Ryan Jackson,Peoria Javelinas,2025-11-11,Mesa Solar Sox,False,False,825592,2,3,1,0,0,0,1,0,1,1,0,0,0,0,0,.213,.424,.319,.743,.500,0,1,0,0,0,1,0
2025,701682,Braedon Karpathios,Peoria Javelinas,2025-10-06,Scottsdale Scorpions,False,True,825618,3,4,1,0,0,0,1,1,0,1,0,0,0,1,0,.333,.500,.333,.833,.333,2,0,1,0,0,1,0
2025,701682,Braedon Karpathios,Peoria Javelinas,2025-10-09,Surprise Saguaros,True,False,825652,2,4,1,0,0,0,1,0,0,2,0,1,0,0,0,.400,.625,.400,1.025,1.000,0,0,0,0,0,1,0
2025,701682,Braedon Karpathios,Peoria Javelinas,2025-10-10,Salt River Rafters,True,True,825651,4,6,2,1,0,0,3,4,2,2,0,1,0,0,0,.444,.643,.556,1.199,.667,1,0,0,0,0,4,0
2025,701682,Braedon Karpathios,Peoria Javelinas,2025-10-14,Scottsdale Scorpions,True,False,825649,4,4,1,1,0,0,2,1,1,0,0,2,0,0,0,.385,.556,.538,1.094,.500,0,1,0,0,0,2,0
2025,701682,Braedon Karpathios,Peoria Javelinas,2025-10-15,Glendale Desert Dogs,True,False,825648,3,3,0,0,0,0,0,0,0,0,0,2,0,0,0,.313,.476,.438,.914,.000,0,1,0,0,0,3,0
2025,701682,Braedon Karpathios,Peoria Javelinas,2025-10-16,Mesa Solar Sox,False,True,825603,4,5,0,0,0,0,0,0,0,1,0,3,0,0,0,.250,.423,.350,.773,.000,1,0,0,0,0,2,0
2025,701682,Braedon Karpathios,Peoria Javelinas,2025-10-18,Salt River Rafters,True,False,825644,2,3,1,1,0,0,2,1,1,1,0,1,0,0,0,.273,.448,.409,.857,1.000,0,0,0,0,0,0,0
2025,701682,Braedon Karpathios,Peoria Javelinas,2025-10-21,Scottsdale Scorpions,True,False,825646,3,3,0,0,0,0,0,0,0,0,0,3,0,0,0,.240,.406,.360,.766,.---,0,0,0,0,0,1,0
2025,701682,Braedon Karpathios,Peoria Javelinas,2025-10-22,Glendale Desert Dogs,True,True,825643,3,4,0,0,0,0,0,1,0,1,0,2,0,0,0,.214,.389,.321,.710,.000,0,1,0,0,0,0,0
2025,701682,Braedon Karpathios,Peoria Javelinas,2025-10-23,Scottsdale Scorpions,True,False,825638,2,3,0,0,0,0,0,0,0,1,0,1,0,0,0,.200,.385,.300,.685,.000,1,0,1,0,0,2,0
2025,701682,Braedon Karpathios,Peoria Javelinas,2025-10-26,Surprise Saguaros,False,False,825584,4,4,2,0,0,0,2,0,0,0,0,1,0,0,0,.235,.395,.324,.719,.667,1,0,0,0,0,0,0
2025,701682,Braedon Karpathios,Peoria Javelinas,2025-10-29,Salt River Rafters,False,True,825628,2,4,1,0,0,0,1,0,1,1,0,0,0,0,0,.250,.404,.333,.737,.333,1,1,0,0,1,0,0
2025,701682,Braedon Karpathios,Peoria Javelinas,2025-10-30,Surprise Saguaros,True,False,825642,4,4,0,0,0,0,0,0,0,0,0,1,0,0,0,.225,.373,.300,.673,.000,2,1,0,0,0,3,0
2025,701682,Braedon Karpathios,Peoria Javelinas,2025-10-31,Glendale Desert Dogs,False,False,825659,3,3,2,1,0,0,3,0,0,0,0,0,0,0,0,.256,.389,.349,.738,.667,0,1,0,0,0,0,0
2025,701682,Braedon Karpathios,Peoria Javelinas,2025-11-02,Scottsdale Scorpions,False,False,825610,4,4,0,0,0,0,0,0,0,0,0,3,0,0,0,.234,.362,.319,.681,.000,1,0,0,0,0,1,0
2025,701682,Braedon Karpathios,Peoria Javelinas,2025-11-05,Salt River Rafters,False,False,825625,4,4,0,0,0,0,0,0,0,0,0,2,0,0,0,.216,.339,.294,.633,.000,0,2,0,0,0,5,0
2025,701682,Braedon Karpathios,Peoria Javelinas,2025-11-07,Mesa Solar Sox,True,True,825640,3,3,1,1,0,0,2,0,0,0,0,2,0,0,0,.222,.338,.315,.653,1.000,0,0,0,0,0,3,0
2025,701682,Braedon Karpathios,Peoria Javelinas,2025-11-11,Mesa Solar Sox,False,False,825592,3,4,0,0,0,0,0,0,0,1,0,2,0,0,0,.211,.333,.298,.631,.000,1,0,0,0,0,0,0
2025,702601,Lamar King Jr.,Peoria Javelinas,2025-10-06,Scottsdale Scorpions,False,True,825618,3,4,0,0,0,0,0,0,0,1,0,1,0,0,0,.000,.250,.000,.250,.000,2,0,0,0,0,0,0
2025,702601,Lamar King Jr.,Peoria Javelinas,2025-10-09,Surprise Saguaros,True,False,825652,4,4,1,0,0,0,1,0,0,0,0,1,0,0,0,.143,.250,.143,.393,.333,2,0,0,0,0,4,0
2025,702601,Lamar King Jr.,Peoria Javelinas,2025-10-14,Scottsdale Scorpions,True,False,825649,4,4,0,0,0,0,0,0,0,0,0,1,0,0,0,.091,.167,.091,.258,.000,2,1,0,0,0,2,0
2025,702601,Lamar King Jr.,Peoria Javelinas,2025-10-15,Glendale Desert Dogs,True,False,825648,3,4,0,0,0,0,0,1,0,1,0,1,0,0,0,.071,.188,.071,.259,.000,1,1,0,0,0,2,0
2025,702601,Lamar King Jr.,Peoria Javelinas,2025-10-17,Salt River Rafters,False,True,825632,5,5,2,1,0,0,3,1,0,0,0,1,0,0,0,.158,.238,.211,.449,.500,2,0,0,0,0,3,0
2025,702601,Lamar King Jr.,Peoria Javelinas,2025-10-19,Mesa Solar Sox,True,False,825645,3,4,0,0,0,0,0,1,0,1,0,1,0,0,0,.136,.240,.182,.422,.000,1,1,0,0,0,2,0
2025,702601,Lamar King Jr.,Peoria Javelinas,2025-10-21,Scottsdale Scorpions,True,False,825646,2,3,0,0,0,0,0,0,0,1,0,2,0,0,0,.125,.250,.167,.417,.---,0,0,0,0,0,0,0
2025,702601,Lamar King Jr.,Peoria Javelinas,2025-10-23,Scottsdale Scorpions,True,False,825638,2,3,1,0,0,0,1,1,0,1,0,0,0,0,0,.154,.290,.192,.482,.500,0,1,0,0,0,2,0
2025,702601,Lamar King Jr.,Peoria Javelinas,2025-10-26,Surprise Saguaros,False,False,825584,3,4,2,0,0,0,2,1,0,0,0,0,1,1,0,.207,.343,.241,.584,.667,1,0,0,0,0,0,0
2025,702601,Lamar King Jr.,Peoria Javelinas,2025-10-29,Salt River Rafters,False,True,825628,3,4,1,0,0,0,1,1,0,1,0,0,0,1,0,.219,.359,.250,.609,.333,1,1,0,0,0,2,0
2025,702601,Lamar King Jr.,Peoria Javelinas,2025-10-30,Surprise Saguaros,True,False,825642,4,4,0,0,0,0,0,0,0,0,0,0,0,0,0,.194,.326,.222,.548,.000,3,1,0,0,0,1,0
2025,702601,Lamar King Jr.,Peoria Javelinas,2025-11-01,Surprise Saguaros,False,False,825578,3,4,0,0,0,0,0,1,0,1,0,1,0,0,0,.179,.319,.205,.524,.000,0,2,0,0,0,2,0
2025,702601,Lamar King Jr.,Peoria Javelinas,2025-11-02,Scottsdale Scorpions,False,False,825610,3,3,3,0,0,0,3,0,0,0,0,0,0,0,1,.238,.360,.262,.622,1.000,0,0,0,0,0,0,0
2025,702601,Lamar King Jr.,Peoria Javelinas,2025-11-04,Glendale Desert Dogs,False,False,825657,2,3,2,1,0,0,3,0,0,1,0,0,0,0,0,.273,.396,.318,.714,1.000,0,0,0,0,0,0,0
2025,702601,Lamar King Jr.,Peoria Javelinas,2025-11-05,Salt River Rafters,False,False,825625,3,4,1,0,0,0,1,1,0,1,0,1,0,0,0,.277,.404,.319,.723,.500,1,0,0,0,0,1,0
2025,702601,Lamar King Jr.,Peoria Javelinas,2025-11-06,Glendale Desert Dogs,True,False,825641,2,3,0,0,0,0,0,0,0,1,0,2,0,0,0,.265,.400,.306,.706,.---,0,0,0,0,0,0,0
2025,702601,Lamar King Jr.,Peoria Javelinas,2025-11-10,Surprise Saguaros,False,True,825575,2,3,0,0,0,0,0,0,0,1,0,1,0,1,0,.255,.397,.294,.691,.000,0,1,0,0,0,1,0
2025,694230,Hendry Mendez,Peoria Javelinas,2025-10-06,Scottsdale Scorpions,False,True,825618,4,4,1,0,0,1,4,1,1,0,0,0,0,0,0,.250,.250,1.000,1.250,.000,1,2,0,0,0,2,0
2025,694230,Hendry Mendez,Peoria Javelinas,2025-10-08,Mesa Solar Sox,False,True,825606,5,5,1,0,0,0,1,1,0,0,0,0,0,0,0,.222,.222,.556,.778,.200,1,3,1,0,0,4,0
2025,694230,Hendry Mendez,Peoria Javelinas,2025-10-10,Salt River Rafters,True,True,825651,4,6,1,0,0,0,1,3,1,2,0,1,0,1,0,.231,.333,.462,.795,.333,2,0,1,0,0,4,0
2025,694230,Hendry Mendez,Peoria Javelinas,2025-10-15,Glendale Desert Dogs,True,False,825648,2,2,1,0,0,0,1,0,0,0,0,0,0,0,0,.267,.353,.467,.820,.500,0,1,0,0,0,0,0
2025,694230,Hendry Mendez,Peoria Javelinas,2025-10-17,Salt River Rafters,False,True,825632,5,6,2,1,0,0,3,1,1,1,0,1,0,0,0,.300,.391,.500,.891,.500,2,0,0,0,0,2,0
2025,813860,Charlie Pagliarini,Peoria Javelinas,2025-10-08,Mesa Solar Sox,False,True,825606,3,5,1,0,0,0,1,1,0,2,0,1,0,1,0,.333,.600,.333,.933,.500,0,1,0,0,0,5,0
2025,813860,Charlie Pagliarini,Peoria Javelinas,2025-10-09,Surprise Saguaros,True,False,825652,5,5,0,0,0,0,0,0,0,0,0,2,0,0,0,.125,.300,.125,.425,.000,2,1,1,0,0,2,0
2025,813860,Charlie Pagliarini,Peoria Javelinas,2025-10-15,Glendale Desert Dogs,True,False,825648,4,4,2,2,0,0,4,0,0,0,0,0,0,0,0,.250,.357,.417,.774,.500,2,0,0,0,0,1,0
2025,813860,Charlie Pagliarini,Peoria Javelinas,2025-10-17,Salt River Rafters,False,True,825632,5,5,3,1,0,0,4,2,2,0,0,1,0,1,0,.353,.421,.529,.950,.750,0,1,0,0,0,1,0
2025,813860,Charlie Pagliarini,Peoria Javelinas,2025-10-19,Mesa Solar Sox,True,False,825645,3,4,3,0,0,1,6,2,2,1,0,0,0,1,0,.450,.522,.750,1.272,1.000,0,0,0,0,0,0,0
2025,813860,Charlie Pagliarini,Peoria Javelinas,2025-10-21,Scottsdale Scorpions,True,True,825616,4,4,0,0,0,0,0,0,0,0,0,0,0,0,0,.375,.444,.625,1.069,.000,3,1,0,0,0,7,0
2025,813860,Charlie Pagliarini,Peoria Javelinas,2025-10-23,Scottsdale Scorpions,True,False,825638,3,3,1,0,0,0,1,0,0,0,0,1,0,0,0,.370,.433,.593,1.026,.500,0,1,0,0,0,2,0
2025,813860,Charlie Pagliarini,Peoria Javelinas,2025-10-25,Glendale Desert Dogs,False,True,825662,3,5,1,0,0,0,1,0,0,2,0,0,0,0,0,.367,.457,.567,1.024,.333,1,1,0,0,0,3,0
2025,813860,Charlie Pagliarini,Peoria Javelinas,2025-10-26,Surprise Saguaros,False,False,825584,3,4,0,0,0,0,0,0,1,0,0,1,0,0,0,.333,.410,.515,.925,.000,0,3,0,0,1,3,0
2025,813860,Charlie Pagliarini,Peoria Javelinas,2025-10-28,Salt River Rafters,True,True,825639,3,4,1,0,1,0,3,2,0,1,0,1,0,0,0,.333,.419,.556,.975,.500,0,1,0,0,0,0,0
2025,813860,Charlie Pagliarini,Peoria Javelinas,2025-10-30,Surprise Saguaros,True,False,825642,3,4,0,0,0,0,0,0,0,0,0,2,1,0,0,.308,.404,.513,.917,.000,1,0,0,0,0,4,0
2025,813860,Charlie Pagliarini,Peoria Javelinas,2025-10-31,Glendale Desert Dogs,False,False,825659,2,3,1,0,0,0,1,0,0,1,0,1,0,0,0,.317,.420,.512,.932,1.000,0,0,0,0,0,1,0
2025,813860,Charlie Pagliarini,Peoria Javelinas,2025-11-01,Surprise Saguaros,False,False,825578,2,4,1,0,0,1,4,1,1,2,0,0,0,0,0,.326,.444,.581,1.025,.000,0,1,0,0,0,0,0
2025,813860,Charlie Pagliarini,Peoria Javelinas,2025-11-02,Scottsdale Scorpions,False,False,825610,4,4,1,0,0,0,1,0,0,0,0,2,0,0,0,.319,.431,.553,.984,.500,1,0,0,0,0,0,0
2025,813860,Charlie Pagliarini,Peoria Javelinas,2025-11-04,Glendale Desert Dogs,False,False,825657,2,4,0,0,0,0,0,0,0,2,0,1,0,0,0,.306,.435,.531,.966,.000,1,0,0,0,0,0,0
2025,813860,Charlie Pagliarini,Peoria Javelinas,2025-11-05,Salt River Rafters,False,False,825625,3,4,1,0,0,0,1,0,2,1,0,1,0,1,0,.308,.439,.519,.958,.500,1,0,0,0,0,1,0
2025,813860,Charlie Pagliarini,Peoria Javelinas,2025-11-06,Glendale Desert Dogs,True,False,825641,3,3,0,0,0,0,0,0,0,0,0,1,0,0,0,.291,.420,.491,.911,.000,1,1,0,0,0,1,0
2025,813860,Charlie Pagliarini,Peoria Javelinas,2025-11-07,Mesa Solar Sox,True,True,825640,2,4,1,0,0,1,4,2,1,2,0,0,0,1,0,.298,.438,.544,.982,.000,0,1,0,0,0,1,0
2025,813860,Charlie Pagliarini,Peoria Javelinas,2025-11-10,Surprise Saguaros,False,True,825575,3,3,0,0,0,0,0,0,0,0,0,1,0,0,0,.283,.421,.517,.938,.000,0,2,0,0,0,2,0
2025,813860,Charlie Pagliarini,Peoria Javelinas,2025-11-11,Mesa Solar Sox,False,False,825592,4,4,1,0,0,0,1,0,0,0,0,2,0,1,0,.281,.413,.500,.913,.500,0,1,0,0,0,5,0
2025,801126,Brock Rodden,Peoria Javelinas,2025-10-14,Scottsdale Scorpions,True,False,825649,4,4,1,1,0,0,2,1,0,0,0,0,0,1,0,.250,.250,.500,.750,.250,2,1,0,0,0,1,0
2025,801126,Brock Rodden,Peoria Javelinas,2025-10-16,Mesa Solar Sox,False,True,825603,3,5,1,0,0,0,1,0,0,2,0,0,0,1,0,.286,.444,.429,.873,.333,0,2,0,0,0,1,0
2025,801126,Brock Rodden,Peoria Javelinas,2025-10-18,Salt River Rafters,True,False,825644,4,4,0,0,0,0,0,0,0,0,0,2,0,0,0,.182,.308,.273,.581,.000,2,0,0,0,0,4,0
2025,801126,Brock Rodden,Peoria Javelinas,2025-10-21,Scottsdale Scorpions,True,False,825646,3,3,2,1,0,0,3,0,0,0,0,0,0,0,0,.286,.375,.429,.804,.667,0,1,0,0,0,2,0
2025,801126,Brock Rodden,Peoria Javelinas,2025-10-22,Glendale Desert Dogs,True,True,825643,4,4,2,0,0,0,2,3,0,0,0,1,0,2,0,.333,.400,.444,.844,.667,1,0,0,0,0,0,0
2025,801126,Brock Rodden,Peoria Javelinas,2025-10-23,Scottsdale Scorpions,True,False,825638,4,4,0,0,0,0,0,0,0,0,0,2,0,0,0,.273,.333,.364,.697,.000,1,1,0,0,0,3,0
2025,801126,Brock Rodden,Peoria Javelinas,2025-10-25,Glendale Desert Dogs,False,True,825662,4,5,2,1,0,0,3,2,3,1,0,1,0,1,0,.308,.379,.423,.802,.667,0,1,0,0,0,1,0
2025,801126,Brock Rodden,Peoria Javelinas,2025-10-26,Surprise Saguaros,False,False,825584,0,0,0,0,0,0,0,0,0,0,0,0,0,0,0,.308,.379,.423,.802,.---,0,0,0,0,0,0,0
2025,801126,Brock Rodden,Peoria Javelinas,2025-10-28,Salt River Rafters,True,True,825639,5,5,2,0,0,0,2,1,1,0,0,0,0,1,0,.323,.382,.419,.801,.400,2,1,0,0,0,5,0
2025,801126,Brock Rodden,Peoria Javelinas,2025-10-29,Salt River Rafters,False,True,825628,4,4,1,0,0,0,1,1,1,0,0,2,0,1,0,.314,.368,.400,.768,.500,1,0,0,0,0,3,0
2025,801126,Brock Rodden,Peoria Javelinas,2025-10-31,Glendale Desert Dogs,False,False,825659,3,4,2,1,0,1,6,1,2,1,0,1,0,0,0,.342,.405,.526,.931,1.000,0,0,0,0,0,2,0
2025,800449,Thomas Sosa,Peoria Javelinas,2025-10-08,Mesa Solar Sox,False,True,825606,5,5,2,0,0,1,5,2,1,0,0,2,0,0,0,.400,.400,1.000,1.400,.500,0,1,0,0,0,4,0
2025,800449,Thomas Sosa,Peoria Javelinas,2025-10-09,Surprise Saguaros,True,False,825652,3,4,0,0,0,0,0,0,1,0,0,0,0,0,0,.250,.222,.625,.847,.000,2,2,0,0,1,2,0
2025,800449,Thomas Sosa,Peoria Javelinas,2025-10-15,Glendale Desert Dogs,True,False,825648,3,4,0,0,0,0,0,0,0,1,0,1,0,0,0,.182,.231,.455,.686,.000,1,1,0,0,0,5,0
2025,800449,Thomas Sosa,Peoria Javelinas,2025-10-16,Mesa Solar Sox,False,True,825603,5,5,1,0,0,0,1,0,0,0,0,2,0,1,0,.188,.222,.375,.597,.333,1,1,0,0,0,5,0
2025,800449,Thomas Sosa,Peoria Javelinas,2025-10-19,Mesa Solar Sox,True,False,825645,4,4,0,0,0,0,0,0,0,0,0,0,0,0,0,.150,.182,.300,.482,.000,2,2,0,0,0,1,0
2025,800449,Thomas Sosa,Peoria Javelinas,2025-10-21,Scottsdale Scorpions,True,True,825616,2,3,1,0,0,0,1,2,1,1,0,0,0,1,0,.182,.240,.318,.558,.500,1,0,1,0,0,1,0
2025,800449,Thomas Sosa,Peoria Javelinas,2025-10-23,Scottsdale Scorpions,True,False,825638,3,3,1,0,0,0,1,0,1,0,0,2,0,0,0,.200,.250,.320,.570,1.000,0,0,0,0,0,3,0
2025,800449,Thomas Sosa,Peoria Javelinas,2025-10-26,Surprise Saguaros,False,False,825584,4,4,0,0,0,0,0,0,0,0,0,1,0,0,0,.172,.219,.276,.495,.000,1,2,0,0,0,2,0
2025,800449,Thomas Sosa,Peoria Javelinas,2025-10-30,Surprise Saguaros,True,False,825642,3,4,1,0,0,0,1,0,0,1,0,1,0,0,0,.188,.250,.281,.531,.500,1,0,0,0,0,0,0
2025,800449,Thomas Sosa,Peoria Javelinas,2025-11-02,Scottsdale Scorpions,False,False,825610,4,4,1,0,0,0,1,0,1,0,0,2,0,0,0,.194,.250,.278,.528,.500,0,1,0,0,0,2,0
2025,800449,Thomas Sosa,Peoria Javelinas,2025-11-05,Salt River Rafters,False,False,825625,3,4,1,0,0,0,1,0,0,1,0,1,0,0,1,.205,.273,.282,.555,.500,1,0,0,0,0,2,0
2025,800449,Thomas Sosa,Peoria Javelinas,2025-11-07,Mesa Solar Sox,True,True,825640,3,3,0,0,0,0,0,0,0,0,0,2,0,0,0,.190,.255,.262,.517,.000,1,0,0,0,0,4,0
2025,800449,Thomas Sosa,Peoria Javelinas,2025-11-10,Surprise Saguaros,False,True,825575,3,3,0,0,0,0,0,0,0,0,0,1,0,0,0,.178,.240,.244,.484,.000,1,1,0,0,0,2,0
2025,806263,Brandon Winokur,Peoria Javelinas,2025-10-06,Scottsdale Scorpions,False,True,825618,4,4,0,0,0,0,0,0,0,0,0,3,0,0,0,.000,.000,.000,.000,.000,1,0,0,0,0,0,0
2025,806263,Brandon Winokur,Peoria Javelinas,2025-10-08,Mesa Solar Sox,False,True,825606,5,5,1,0,0,0,1,1,0,0,0,1,0,0,0,.111,.111,.111,.222,.250,0,3,0,0,0,3,0
2025,806263,Brandon Winokur,Peoria Javelinas,2025-10-10,Salt River Rafters,True,True,825651,4,6,2,0,0,0,2,3,0,2,0,1,0,0,0,.231,.333,.231,.564,.667,0,1,0,0,0,3,0
2025,806263,Brandon Winokur,Peoria Javelinas,2025-10-14,Scottsdale Scorpions,True,False,825649,4,4,2,0,0,0,2,0,2,0,0,0,0,0,0,.294,.368,.294,.662,.500,0,2,0,0,0,0,0
2025,806263,Brandon Winokur,Peoria Javelinas,2025-10-15,Glendale Desert Dogs,True,False,825648,4,4,0,0,0,0,0,0,0,0,0,1,0,0,0,.238,.304,.238,.542,.000,1,2,0,0,0,1,0
2025,806263,Brandon Winokur,Peoria Javelinas,2025-10-17,Salt River Rafters,False,True,825632,5,5,1,0,0,0,1,1,2,0,0,1,0,1,0,.231,.286,.231,.517,.250,1,2,0,0,0,3,0
2025,806263,Brandon Winokur,Peoria Javelinas,2025-10-19,Mesa Solar Sox,True,False,825645,3,4,0,0,0,0,0,0,0,1,0,0,0,0,0,.207,.281,.207,.488,.000,2,1,0,0,0,1,0
2025,806263,Brandon Winokur,Peoria Javelinas,2025-10-21,Scottsdale Scorpions,True,False,825646,3,3,0,0,0,0,0,0,0,0,0,1,0,0,0,.188,.257,.188,.445,.000,1,1,0,0,0,2,0
2025,806263,Brandon Winokur,Peoria Javelinas,2025-10-22,Glendale Desert Dogs,True,True,825643,2,4,1,0,0,1,4,2,3,1,0,0,0,0,0,.206,.282,.294,.576,.000,1,1,0,0,1,0,0
2025,806263,Brandon Winokur,Peoria Javelinas,2025-10-23,Scottsdale Scorpions,True,False,825638,3,3,1,0,0,0,1,1,0,0,0,1,0,0,0,.216,.286,.297,.583,.500,0,1,0,0,0,4,0
2025,806263,Brandon Winokur,Peoria Javelinas,2025-10-25,Glendale Desert Dogs,False,True,825662,4,5,1,1,0,0,2,0,1,1,0,1,0,0,0,.220,.298,.317,.615,.333,1,1,0,0,0,1,0
2025,806263,Brandon Winokur,Peoria Javelinas,2025-10-26,Surprise Saguaros,False,False,825584,4,4,0,0,0,0,0,0,0,0,0,1,0,0,0,.200,.275,.289,.564,.000,3,0,0,0,0,4,0
2025,806263,Brandon Winokur,Peoria Javelinas,2025-10-28,Salt River Rafters,True,True,825639,4,4,1,0,0,1,4,1,1,0,0,0,0,0,0,.204,.273,.347,.620,.000,3,0,2,0,0,5,0
2025,806263,Brandon Winokur,Peoria Javelinas,2025-10-29,Salt River Rafters,False,True,825628,3,4,0,0,0,0,0,1,0,1,0,1,0,0,0,.192,.271,.327,.598,.000,2,0,1,0,0,2,0
2025,806263,Brandon Winokur,Peoria Javelinas,2025-10-31,Glendale Desert Dogs,False,False,825659,3,3,1,0,0,0,1,0,0,0,0,2,0,0,0,.200,.274,.327,.601,1.000,0,0,0,0,0,0,0
2025,806263,Brandon Winokur,Peoria Javelinas,2025-11-01,Surprise Saguaros,False,False,825578,4,5,1,0,0,0,1,0,1,1,0,3,0,0,0,.203,.284,.322,.606,1.000,0,0,0,0,0,0,0
2025,806263,Brandon Winokur,Peoria Javelinas,2025-11-04,Glendale Desert Dogs,False,False,825657,2,3,0,0,0,0,0,0,0,1,0,0,0,1,0,.197,.286,.311,.597,.000,1,1,0,0,0,0,0
2025,806263,Brandon Winokur,Peoria Javelinas,2025-11-06,Glendale Desert Dogs,True,False,825641,3,3,1,1,0,0,2,0,0,0,0,1,0,0,0,.203,.288,.328,.616,.500,0,1,0,0,0,1,0
2025,806263,Brandon Winokur,Peoria Javelinas,2025-11-07,Mesa Solar Sox,True,True,825640,4,4,0,0,0,0,0,0,1,0,0,0,0,0,0,.191,.273,.309,.582,.000,3,1,0,0,0,2,0
2025,806263,Brandon Winokur,Peoria Javelinas,2025-11-10,Surprise Saguaros,False,True,825575,3,3,1,1,0,0,2,0,0,0,0,0,0,0,0,.197,.275,.324,.599,.333,2,0,1,0,0,2,0
2025,806263,Brandon Winokur,Peoria Javelinas,2025-11-11,Mesa Solar Sox,False,False,825592,2,3,0,0,0,0,0,0,1,1,0,1,0,0,0,.192,.277,.315,.592,.000,0,1,0,0,0,2,0
2025,805373,Nacho Alvarez Jr.,Glendale Desert Dogs,2025-10-09,Scottsdale Scorpions,True,True,825666,4,6,1,1,0,0,2,2,1,2,0,2,0,0,0,.250,.500,.500,1.000,.500,0,1,0,0,0,4,0
2025,805373,Nacho Alvarez Jr.,Glendale Desert Dogs,2025-10-14,Salt River Rafters,False,False,825636,4,4,1,0,0,0,1,0,0,0,0,2,0,0,0,.250,.400,.375,.775,.500,1,0,0,0,0,1,0
2025,805373,Nacho Alvarez Jr.,Glendale Desert Dogs,2025-10-15,Peoria Javelinas,False,True,825648,4,5,2,0,0,0,2,0,0,1,0,0,0,0,1,.333,.467,.417,.884,.500,0,2,0,0,0,3,0
2025,805373,Nacho Alvarez Jr.,Glendale Desert Dogs,2025-10-17,Surprise Saguaros,False,True,825587,4,6,2,0,0,0,2,2,2,2,0,0,0,1,0,.375,.524,.438,.962,.500,0,2,0,0,0,3,0
2025,805373,Nacho Alvarez Jr.,Glendale Desert Dogs,2025-10-18,Mesa Solar Sox,True,False,825663,0,3,0,0,0,0,0,2,0,2,0,0,1,1,0,.375,.583,.438,1.021,.---,0,0,0,0,0,0,0
2025,805373,Nacho Alvarez Jr.,Glendale Desert Dogs,2025-10-19,Salt River Rafters,True,False,825647,3,4,0,0,0,0,0,0,0,1,0,1,0,1,0,.316,.536,.368,.904,.000,0,2,0,0,0,0,0
2025,805373,Nacho Alvarez Jr.,Glendale Desert Dogs,2025-10-21,Surprise Saguaros,False,False,825581,4,4,0,0,0,0,0,0,0,0,0,0,0,0,0,.261,.469,.304,.773,.000,0,4,0,0,0,2,0
2025,805373,Nacho Alvarez Jr.,Glendale Desert Dogs,2025-10-22,Peoria Javelinas,False,False,825643,4,5,0,0,0,0,0,0,1,1,0,0,0,0,0,.222,.432,.259,.691,.000,2,2,1,0,0,3,0
2025,805373,Nacho Alvarez Jr.,Glendale Desert Dogs,2025-10-23,Salt River Rafters,False,False,825630,4,5,3,2,0,0,5,0,1,1,0,1,0,1,0,.290,.476,.387,.863,1.000,0,0,0,0,0,1,0
2025,805373,Nacho Alvarez Jr.,Glendale Desert Dogs,2025-10-25,Peoria Javelinas,True,False,825662,3,4,0,0,0,0,0,0,0,0,0,1,1,0,0,.265,.457,.353,.810,.000,1,1,0,0,0,1,0
2025,805373,Nacho Alvarez Jr.,Glendale Desert Dogs,2025-10-26,Salt River Rafters,True,True,825660,5,5,0,0,0,0,0,0,0,0,0,1,0,0,0,.231,.412,.308,.720,.000,1,3,0,0,0,4,0
2025,805373,Nacho Alvarez Jr.,Glendale Desert Dogs,2025-10-28,Mesa Solar Sox,False,False,825599,4,5,2,1,0,0,3,0,0,1,0,0,0,0,0,.256,.429,.349,.778,.500,0,2,0,0,0,0,0
2025,805373,Nacho Alvarez Jr.,Glendale Desert Dogs,2025-10-30,Scottsdale Scorpions,False,False,825612,3,5,1,1,0,0,2,0,1,2,0,0,0,0,0,.261,.443,.370,.813,.333,1,1,0,0,0,1,0
2025,805373,Nacho Alvarez Jr.,Glendale Desert Dogs,2025-10-31,Peoria Javelinas,True,True,825659,3,3,0,0,0,0,0,0,1,0,0,1,0,0,0,.245,.422,.347,.769,.000,2,0,0,0,0,1,0
2025,805373,Nacho Alvarez Jr.,Glendale Desert Dogs,2025-11-01,Mesa Solar Sox,False,False,825598,5,5,5,2,0,1,10,3,2,0,0,0,0,0,0,.315,.464,.500,.964,1.000,0,0,0,0,0,0,0
2025,805373,Nacho Alvarez Jr.,Glendale Desert Dogs,2025-11-02,Surprise Saguaros,True,False,825658,4,4,0,0,0,0,0,0,0,0,0,1,0,0,0,.293,.438,.466,.904,.000,0,3,0,0,0,3,0
2025,805373,Nacho Alvarez Jr.,Glendale Desert Dogs,2025-11-04,Peoria Javelinas,True,True,825657,4,5,2,0,0,0,2,1,0,1,0,1,0,0,0,.306,.449,.468,.917,.667,1,0,0,0,0,3,0
2025,805373,Nacho Alvarez Jr.,Glendale Desert Dogs,2025-11-06,Peoria Javelinas,False,True,825641,4,4,1,0,0,0,1,0,0,0,0,1,0,0,0,.303,.439,.455,.894,.333,1,1,0,0,0,1,0
2025,805373,Nacho Alvarez Jr.,Glendale Desert Dogs,2025-11-07,Scottsdale Scorpions,True,True,825655,3,5,1,0,1,0,3,1,0,2,0,0,0,0,0,.304,.448,.478,.926,.333,1,1,0,0,0,2,0
2025,805373,Nacho Alvarez Jr.,Glendale Desert Dogs,2025-11-11,Scottsdale Scorpions,False,True,825608,5,5,3,0,0,0,3,1,2,0,0,1,0,1,0,.324,.457,.486,.943,.750,1,0,0,0,0,1,0
2025,803011,Sam Antonacci,Glendale Desert Dogs,2025-10-07,Salt River Rafters,False,False,825635,5,5,0,0,0,0,0,1,0,0,0,0,0,1,0,.000,.000,.000,.000,.000,4,1,0,0,0,4,0
2025,803011,Sam Antonacci,Glendale Desert Dogs,2025-10-08,Surprise Saguaros,False,False,825591,6,6,2,1,0,0,3,0,3,0,0,1,0,1,0,.182,.182,.273,.455,.400,1,2,0,0,0,4,0
2025,803011,Sam Antonacci,Glendale Desert Dogs,2025-10-09,Scottsdale Scorpions,True,True,825666,4,6,2,1,0,0,3,3,2,2,0,1,0,1,0,.267,.353,.400,.753,.667,1,0,0,0,0,0,0
2025,803011,Sam Antonacci,Glendale Desert Dogs,2025-10-14,Salt River Rafters,False,False,825636,4,4,0,0,0,0,0,0,0,0,0,1,0,0,0,.211,.286,.316,.602,.000,2,1,0,0,0,3,0
2025,803011,Sam Antonacci,Glendale Desert Dogs,2025-10-15,Peoria Javelinas,False,True,825648,4,5,2,0,0,1,5,1,2,1,0,0,0,0,0,.261,.346,.478,.824,.333,0,2,0,0,0,0,0
2025,803011,Sam Antonacci,Glendale Desert Dogs,2025-10-17,Surprise Saguaros,False,True,825587,6,6,1,0,0,0,1,1,0,0,0,1,0,0,0,.241,.313,.414,.727,.200,2,2,0,0,0,8,0
2025,803011,Sam Antonacci,Glendale Desert Dogs,2025-10-19,Salt River Rafters,True,False,825647,2,4,0,0,0,0,0,1,0,2,0,1,0,0,0,.226,.333,.387,.720,.000,1,0,0,0,0,1,0
2025,803011,Sam Antonacci,Glendale Desert Dogs,2025-10-21,Surprise Saguaros,False,False,825581,4,4,3,0,0,0,3,2,0,0,0,0,0,1,0,.286,.375,.429,.804,.750,1,0,0,0,0,0,0
2025,803011,Sam Antonacci,Glendale Desert Dogs,2025-10-21,Surprise Saguaros,False,False,825664,1,4,1,0,0,1,4,2,1,3,0,0,0,3,0,.306,.432,.528,.960,.---,0,0,0,0,0,0,0
2025,803011,Sam Antonacci,Glendale Desert Dogs,2025-10-22,Peoria Javelinas,False,False,825643,5,5,3,0,0,0,3,0,0,0,0,2,0,0,0,.341,.449,.537,.986,1.000,0,0,0,0,0,0,0
2025,803011,Sam Antonacci,Glendale Desert Dogs,2025-10-25,Peoria Javelinas,True,False,825662,3,4,2,0,0,0,2,1,0,1,0,0,0,1,1,.364,.472,.545,1.017,.667,1,0,0,0,0,0,0
2025,803011,Sam Antonacci,Glendale Desert Dogs,2025-10-28,Mesa Solar Sox,False,False,825599,5,5,1,0,0,0,1,0,2,0,0,1,0,1,0,.347,.448,.510,.958,.250,1,2,0,0,0,2,0
2025,803011,Sam Antonacci,Glendale Desert Dogs,2025-10-29,Mesa Solar Sox,True,True,825656,2,4,0,0,0,0,0,0,0,2,0,0,0,0,1,.333,.452,.490,.942,.000,0,2,0,0,0,3,0
2025,803011,Sam Antonacci,Glendale Desert Dogs,2025-10-30,Scottsdale Scorpions,False,False,825612,4,5,3,1,0,0,4,2,1,1,0,0,0,0,1,.364,.478,.527,1.005,.750,1,0,0,0,0,0,0
2025,803011,Sam Antonacci,Glendale Desert Dogs,2025-11-01,Mesa Solar Sox,False,False,825598,5,5,2,0,0,0,2,2,0,0,0,0,0,0,0,.367,.472,.517,.989,.400,1,2,0,0,0,2,0
2025,803011,Sam Antonacci,Glendale Desert Dogs,2025-11-04,Peoria Javelinas,True,True,825657,4,5,3,0,0,0,3,3,1,1,0,1,0,0,0,.391,.494,.531,1.025,1.000,0,0,0,0,0,1,0
2025,803011,Sam Antonacci,Glendale Desert Dogs,2025-11-05,Mesa Solar Sox,False,True,825594,2,6,0,0,0,0,0,1,1,1,0,1,3,0,0,.379,.506,.515,1.021,.000,1,0,0,0,0,1,0
2025,803011,Sam Antonacci,Glendale Desert Dogs,2025-11-07,Scottsdale Scorpions,True,True,825655,5,5,3,0,0,1,6,3,1,0,0,0,0,2,0,.394,.511,.563,1.074,.500,1,1,0,0,0,1,0
2025,803011,Sam Antonacci,Glendale Desert Dogs,2025-11-11,Scottsdale Scorpions,False,True,825608,3,5,0,0,0,0,0,1,0,1,0,1,1,0,0,.378,.505,.541,1.046,.000,2,0,0,0,0,3,0
2025,802117,Patrick Clohisy,Glendale Desert Dogs,2025-10-07,Salt River Rafters,False,False,825635,4,4,2,0,0,0,2,0,0,0,0,1,0,0,0,.500,.500,.500,1.000,.667,1,0,0,0,0,0,0
2025,802117,Patrick Clohisy,Glendale Desert Dogs,2025-10-08,Surprise Saguaros,False,False,825591,4,5,0,0,0,0,0,0,0,1,0,1,0,3,0,.250,.333,.250,.583,.000,2,1,0,0,0,2,0
2025,802117,Patrick Clohisy,Glendale Desert Dogs,2025-10-09,Scottsdale Scorpions,True,True,825666,3,5,1,1,0,0,2,2,0,2,0,0,0,1,0,.273,.429,.364,.793,.333,1,1,0,0,0,5,0
2025,802117,Patrick Clohisy,Glendale Desert Dogs,2025-10-14,Salt River Rafters,False,False,825636,3,4,1,0,0,0,1,0,0,0,0,2,1,1,0,.286,.444,.357,.801,1.000,0,0,0,0,0,0,0
2025,802117,Patrick Clohisy,Glendale Desert Dogs,2025-10-16,Scottsdale Scorpions,False,False,825621,3,5,0,0,0,0,0,1,0,2,0,0,0,1,0,.235,.435,.294,.729,.000,2,1,0,0,0,1,0
2025,802117,Patrick Clohisy,Glendale Desert Dogs,2025-10-17,Surprise Saguaros,False,True,825587,4,6,1,0,0,0,1,0,1,2,0,0,0,0,0,.238,.448,.286,.734,.250,2,1,0,0,0,2,0
2025,802117,Patrick Clohisy,Glendale Desert Dogs,2025-10-18,Mesa Solar Sox,True,False,825663,4,4,1,0,0,0,1,1,0,0,0,0,0,0,0,.240,.424,.280,.704,.250,2,1,0,0,0,0,0
2025,802117,Patrick Clohisy,Glendale Desert Dogs,2025-10-19,Salt River Rafters,True,False,825647,5,5,0,0,0,0,0,0,0,0,0,3,0,0,0,.200,.368,.233,.601,.000,2,0,0,0,0,2,0
2025,802117,Patrick Clohisy,Glendale Desert Dogs,2025-10-21,Surprise Saguaros,False,False,825581,3,3,0,0,0,0,0,0,0,0,0,1,0,0,0,.182,.341,.212,.553,.000,2,0,0,0,0,3,0
2025,802117,Patrick Clohisy,Glendale Desert Dogs,2025-10-21,Surprise Saguaros,False,False,825664,4,4,1,0,0,0,1,1,0,0,0,1,0,2,0,.189,.333,.216,.549,.333,2,0,0,0,0,2,0
2025,802117,Patrick Clohisy,Glendale Desert Dogs,2025-10-22,Peoria Javelinas,False,False,825643,4,4,1,0,0,1,4,1,3,0,0,0,0,0,0,.195,.327,.293,.620,.000,3,0,0,0,0,1,0
2025,802117,Patrick Clohisy,Glendale Desert Dogs,2025-10-23,Salt River Rafters,False,False,825630,4,4,1,1,0,0,2,1,1,0,0,0,0,0,0,.200,.321,.311,.632,.250,1,2,0,0,0,1,0
2025,802117,Patrick Clohisy,Glendale Desert Dogs,2025-10-26,Salt River Rafters,True,True,825660,3,5,1,0,0,0,1,2,0,2,0,0,0,3,0,.208,.345,.313,.658,.333,2,0,0,0,0,0,0
2025,802117,Patrick Clohisy,Glendale Desert Dogs,2025-10-28,Mesa Solar Sox,False,False,825599,3,4,0,0,0,0,0,1,0,1,0,0,0,0,0,.196,.339,.294,.633,.000,2,1,0,0,0,2,0
2025,802117,Patrick Clohisy,Glendale Desert Dogs,2025-10-30,Scottsdale Scorpions,False,False,825612,3,4,2,0,0,0,2,2,1,1,0,1,0,3,1,.222,.364,.315,.679,1.000,0,0,0,0,0,0,0
2025,802117,Patrick Clohisy,Glendale Desert Dogs,2025-10-31,Peoria Javelinas,True,True,825659,3,4,1,0,0,0,1,1,0,1,0,0,0,3,0,.228,.371,.316,.687,.333,1,1,0,0,0,1,0
2025,802117,Patrick Clohisy,Glendale Desert Dogs,2025-11-01,Mesa Solar Sox,False,False,825598,5,5,2,0,0,0,2,1,0,0,0,1,0,0,1,.242,.373,.323,.696,.500,0,2,0,0,0,3,0
2025,802117,Patrick Clohisy,Glendale Desert Dogs,2025-11-04,Peoria Javelinas,True,True,825657,4,5,0,0,0,0,0,1,0,1,0,1,0,1,0,.227,.363,.303,.666,.000,2,1,0,0,0,2,0
2025,802117,Patrick Clohisy,Glendale Desert Dogs,2025-11-05,Mesa Solar Sox,False,True,825594,6,6,4,1,0,0,5,1,2,0,0,0,0,1,0,.264,.384,.347,.731,.667,1,1,1,0,0,2,0
2025,802117,Patrick Clohisy,Glendale Desert Dogs,2025-11-06,Peoria Javelinas,False,True,825641,4,4,2,0,0,0,2,1,2,0,0,0,0,2,0,.276,.389,.355,.744,.500,2,0,0,0,0,0,0
2025,802117,Patrick Clohisy,Glendale Desert Dogs,2025-11-11,Scottsdale Scorpions,False,True,825608,5,5,2,0,1,0,4,2,1,0,0,0,0,1,0,.284,.389,.383,.772,.400,1,2,0,0,0,3,0
2025,702690,Cutter Coffey,Glendale Desert Dogs,2025-10-07,Salt River Rafters,False,False,825635,4,4,1,0,0,0,1,0,0,0,0,0,0,0,0,.250,.250,.250,.500,.250,2,1,1,0,0,2,0
2025,702690,Cutter Coffey,Glendale Desert Dogs,2025-10-08,Surprise Saguaros,False,False,825591,4,5,2,1,0,0,3,2,0,1,0,1,0,0,0,.375,.444,.500,.944,.667,1,0,0,0,0,1,0
2025,702690,Cutter Coffey,Glendale Desert Dogs,2025-10-09,Scottsdale Scorpions,True,True,825666,5,5,3,0,0,0,3,1,1,0,0,1,0,0,0,.462,.500,.538,1.038,.750,0,1,0,0,0,0,0
2025,702690,Cutter Coffey,Glendale Desert Dogs,2025-10-14,Salt River Rafters,False,False,825636,4,4,1,0,0,0,1,1,0,0,0,1,0,0,0,.412,.444,.471,.915,.333,2,0,1,0,0,2,0
2025,702690,Cutter Coffey,Glendale Desert Dogs,2025-10-16,Scottsdale Scorpions,False,False,825621,5,5,2,0,0,0,2,0,1,0,0,2,0,0,0,.409,.435,.455,.890,.667,1,0,0,0,0,3,0
2025,702690,Cutter Coffey,Glendale Desert Dogs,2025-10-17,Surprise Saguaros,False,True,825587,4,5,1,0,0,0,1,1,0,1,0,1,0,0,0,.385,.429,.423,.852,.333,2,0,0,0,0,1,0
2025,702690,Cutter Coffey,Glendale Desert Dogs,2025-10-18,Mesa Solar Sox,True,False,825663,3,3,0,0,0,0,0,0,0,0,0,2,0,0,0,.345,.387,.379,.766,.000,1,0,1,0,0,2,0
2025,702690,Cutter Coffey,Glendale Desert Dogs,2025-10-21,Surprise Saguaros,False,False,825664,2,3,0,0,0,0,0,0,0,1,0,1,0,0,0,.323,.382,.355,.737,.000,0,1,0,0,0,1,0
2025,702690,Cutter Coffey,Glendale Desert Dogs,2025-10-23,Salt River Rafters,False,False,825630,4,5,0,0,0,0,0,0,0,1,0,1,0,1,0,.286,.359,.314,.673,.000,2,1,0,0,0,3,0
2025,702690,Cutter Coffey,Glendale Desert Dogs,2025-10-26,Salt River Rafters,True,True,825660,3,4,1,1,0,0,2,0,3,1,0,1,0,0,0,.289,.372,.342,.714,.500,1,0,0,0,0,3,0
2025,702690,Cutter Coffey,Glendale Desert Dogs,2025-10-29,Mesa Solar Sox,True,True,825656,2,3,0,0,0,0,0,1,0,1,0,0,0,0,0,.275,.370,.325,.695,.000,0,2,0,0,0,1,0
2025,702690,Cutter Coffey,Glendale Desert Dogs,2025-10-31,Peoria Javelinas,True,True,825659,3,3,2,1,0,0,3,1,3,0,0,0,0,0,0,.302,.388,.372,.760,.667,1,0,0,0,0,2,0
2025,702690,Cutter Coffey,Glendale Desert Dogs,2025-11-01,Mesa Solar Sox,False,False,825598,4,5,1,0,0,0,1,0,1,1,0,0,0,0,0,.298,.389,.362,.751,.250,1,2,0,0,0,2,0
2025,702690,Cutter Coffey,Glendale Desert Dogs,2025-11-05,Mesa Solar Sox,False,True,825594,5,6,0,0,0,0,0,1,1,1,0,1,0,0,0,.269,.367,.327,.694,.000,1,3,1,0,0,4,0
2025,702690,Cutter Coffey,Glendale Desert Dogs,2025-11-06,Peoria Javelinas,False,True,825641,4,4,3,1,0,0,4,2,2,0,0,1,0,1,0,.304,.391,.375,.766,1.000,0,0,0,0,0,0,0
2025,702690,Cutter Coffey,Glendale Desert Dogs,2025-11-07,Scottsdale Scorpions,True,True,825655,4,4,2,0,0,0,2,1,1,0,0,0,0,1,1,.317,.397,.383,.780,.500,1,1,0,0,0,1,0
2025,702690,Cutter Coffey,Glendale Desert Dogs,2025-11-10,Mesa Solar Sox,True,False,825653,2,3,2,1,0,0,3,1,0,1,0,0,0,0,0,.339,.423,.419,.842,1.000,0,0,0,0,0,0,0
2025,702690,Cutter Coffey,Glendale Desert Dogs,2025-11-11,Scottsdale Scorpions,False,True,825608,2,4,0,0,0,0,0,1,0,2,0,1,0,0,0,.328,.427,.406,.833,.000,1,0,0,0,0,1,0
2025,804645,Caden Connor,Glendale Desert Dogs,2025-10-07,Salt River Rafters,False,False,825635,3,4,0,0,0,0,0,0,0,1,0,0,0,0,0,.000,.250,.000,.250,.000,2,1,0,0,0,0,0
2025,804645,Caden Connor,Glendale Desert Dogs,2025-10-08,Surprise Saguaros,False,False,825591,3,5,2,0,0,0,2,3,2,2,0,0,0,2,0,.333,.556,.333,.889,.667,0,1,0,0,0,1,0
2025,804645,Caden Connor,Glendale Desert Dogs,2025-10-09,Scottsdale Scorpions,True,True,825666,2,5,2,0,0,0,2,1,1,2,0,0,0,1,0,.500,.643,.500,1.143,.667,0,1,0,0,1,0,0
2025,804645,Caden Connor,Glendale Desert Dogs,2025-10-15,Peoria Javelinas,False,True,825648,3,5,1,0,0,0,1,2,0,2,0,0,0,0,0,.455,.632,.455,1.087,.333,2,0,0,0,0,0,0
2025,804645,Caden Connor,Glendale Desert Dogs,2025-10-16,Scottsdale Scorpions,False,False,825621,4,5,1,0,0,0,1,0,0,1,0,0,0,0,0,.400,.583,.400,.983,.250,2,1,0,0,0,6,0
2025,804645,Caden Connor,Glendale Desert Dogs,2025-10-17,Surprise Saguaros,False,True,825587,5,6,3,1,0,0,4,2,2,1,0,1,0,1,0,.450,.600,.500,1.100,.750,1,0,0,0,0,5,0
2025,804645,Caden Connor,Glendale Desert Dogs,2025-10-18,Mesa Solar Sox,True,False,825663,2,3,0,0,0,0,0,1,0,1,0,0,0,0,0,.409,.576,.455,1.031,.000,0,2,0,0,0,2,0
2025,804645,Caden Connor,Glendale Desert Dogs,2025-10-19,Salt River Rafters,True,False,825647,3,4,0,0,0,0,0,0,0,1,0,1,0,0,0,.360,.541,.400,.941,.000,1,1,0,0,0,2,0
2025,804645,Caden Connor,Glendale Desert Dogs,2025-10-21,Surprise Saguaros,False,False,825581,4,4,2,0,0,0,2,0,1,0,0,1,0,0,0,.379,.537,.414,.951,.667,1,0,0,0,0,3,0
2025,804645,Caden Connor,Glendale Desert Dogs,2025-10-21,Surprise Saguaros,False,False,825664,3,4,1,0,0,0,1,1,1,1,0,0,0,1,0,.375,.533,.406,.939,.333,2,0,0,0,0,2,0
2025,804645,Caden Connor,Glendale Desert Dogs,2025-10-22,Peoria Javelinas,False,False,825643,2,4,0,0,0,0,0,1,0,2,0,1,0,0,0,.353,.531,.382,.913,.000,0,1,0,0,0,0,0
2025,804645,Caden Connor,Glendale Desert Dogs,2025-10-25,Peoria Javelinas,True,False,825662,4,4,0,0,0,0,0,0,0,0,0,1,0,0,0,.316,.491,.342,.833,.000,3,0,0,0,0,1,0
2025,804645,Caden Connor,Glendale Desert Dogs,2025-10-28,Mesa Solar Sox,False,False,825599,3,5,2,0,0,0,2,1,0,2,0,0,0,1,0,.341,.517,.366,.883,.667,1,0,0,0,0,1,0
2025,804645,Caden Connor,Glendale Desert Dogs,2025-10-30,Scottsdale Scorpions,False,False,825612,4,4,1,0,0,0,1,0,0,0,0,2,0,0,0,.333,.500,.356,.856,.500,1,0,0,0,0,3,0
2025,804645,Caden Connor,Glendale Desert Dogs,2025-11-01,Mesa Solar Sox,False,False,825598,5,5,3,1,0,0,4,0,0,0,0,0,0,0,0,.360,.507,.400,.907,.600,2,0,0,0,0,2,0
2025,804645,Caden Connor,Glendale Desert Dogs,2025-11-02,Surprise Saguaros,True,False,825658,2,3,1,0,0,0,1,0,1,1,0,0,0,0,0,.365,.514,.404,.918,.500,0,1,0,0,0,0,0
2025,804645,Caden Connor,Glendale Desert Dogs,2025-11-04,Peoria Javelinas,True,True,825657,4,5,1,0,0,0,1,1,1,1,0,1,0,1,0,.357,.507,.393,.900,.333,1,1,0,0,0,2,0
2025,804645,Caden Connor,Glendale Desert Dogs,2025-11-06,Peoria Javelinas,False,True,825641,4,4,3,0,0,0,3,2,1,0,0,0,0,1,0,.383,.519,.417,.936,.750,0,1,0,0,0,0,0
2025,804645,Caden Connor,Glendale Desert Dogs,2025-11-10,Mesa Solar Sox,True,False,825653,4,4,0,0,0,0,0,0,0,0,0,1,0,0,0,.359,.494,.391,.885,.000,1,2,0,0,0,4,0
2025,683103,Cade Doughty,Glendale Desert Dogs,2025-11-04,Peoria Javelinas,True,True,825657,4,4,1,0,0,0,1,0,1,0,0,0,0,1,0,.250,.250,.250,.500,.250,1,2,0,0,0,5,0
2025,683103,Cade Doughty,Glendale Desert Dogs,2025-11-05,Mesa Solar Sox,False,True,825594,5,6,1,0,0,1,4,2,2,1,0,0,0,0,0,.222,.300,.556,.856,.000,1,3,1,0,0,7,0
2025,683103,Cade Doughty,Glendale Desert Dogs,2025-11-07,Scottsdale Scorpions,True,True,825655,4,4,1,1,0,0,2,1,0,0,0,0,0,0,0,.231,.286,.538,.824,.250,2,1,0,0,0,1,0
2025,683103,Cade Doughty,Glendale Desert Dogs,2025-11-10,Mesa Solar Sox,True,False,825653,3,4,1,0,0,0,1,0,0,1,0,1,0,0,1,.250,.333,.500,.833,.500,1,0,0,0,0,1,0
2025,683103,Cade Doughty,Glendale Desert Dogs,2025-11-11,Scottsdale Scorpions,False,True,825608,3,4,2,1,0,0,3,2,0,1,0,1,0,1,0,.316,.409,.579,.988,1.000,0,0,0,0,0,0,0
2025,698927,Edward Duran,Glendale Desert Dogs,2025-10-08,Surprise Saguaros,False,False,825591,4,5,2,2,0,0,4,1,1,1,0,1,0,0,0,.500,.600,1.000,1.600,.667,0,1,0,0,0,2,0
2025,698927,Edward Duran,Glendale Desert Dogs,2025-10-15,Peoria Javelinas,False,True,825648,4,5,1,0,1,0,3,1,3,1,0,0,0,0,0,.375,.500,.875,1.375,.250,2,1,0,0,0,3,0
2025,698927,Edward Duran,Glendale Desert Dogs,2025-10-19,Salt River Rafters,True,False,825647,3,4,0,0,0,0,0,0,0,1,0,1,0,0,0,.273,.429,.636,1.065,.000,1,1,0,0,0,1,0
2025,698927,Edward Duran,Glendale Desert Dogs,2025-10-22,Peoria Javelinas,False,False,825643,4,4,0,0,0,0,0,0,0,0,0,0,0,0,0,.200,.333,.467,.800,.000,3,1,0,0,0,1,0
2025,698927,Edward Duran,Glendale Desert Dogs,2025-10-26,Salt River Rafters,True,True,825660,4,4,1,0,1,0,3,1,1,0,0,0,0,0,0,.211,.318,.526,.844,.250,2,1,0,0,0,2,0
2025,698927,Edward Duran,Glendale Desert Dogs,2025-10-30,Scottsdale Scorpions,False,False,825612,4,4,1,0,1,0,3,1,0,0,0,1,0,0,0,.217,.308,.565,.873,.333,1,1,0,0,0,0,0
2025,698927,Edward Duran,Glendale Desert Dogs,2025-11-02,Surprise Saguaros,True,False,825658,3,3,0,0,0,0,0,0,0,0,0,2,0,0,0,.192,.276,.500,.776,.000,1,0,0,0,0,5,0
2025,698927,Edward Duran,Glendale Desert Dogs,2025-11-06,Peoria Javelinas,False,True,825641,4,4,0,0,0,0,0,0,2,0,0,1,0,0,0,.167,.242,.433,.675,.000,3,0,0,0,0,3,0
2025,698927,Edward Duran,Glendale Desert Dogs,2025-11-11,Scottsdale Scorpions,False,True,825608,2,4,0,0,0,0,0,1,0,2,0,1,0,1,0,.156,.270,.406,.676,.000,0,1,0,0,0,2,0
2025,814436,Ryan Galanie,Glendale Desert Dogs,2025-10-07,Salt River Rafters,False,False,825635,2,4,0,0,0,0,0,0,1,0,0,1,1,0,0,.000,.250,.000,.250,.000,1,1,0,0,1,1,0
2025,814436,Ryan Galanie,Glendale Desert Dogs,2025-10-08,Surprise Saguaros,False,False,825591,5,5,3,0,0,0,3,1,1,0,0,2,0,1,0,.429,.444,.429,.873,1.000,0,0,0,0,0,2,0
2025,814436,Ryan Galanie,Glendale Desert Dogs,2025-10-14,Salt River Rafters,False,False,825636,3,4,0,0,0,0,0,0,0,0,0,1,1,0,0,.300,.385,.300,.685,.000,1,1,0,0,0,2,0
2025,814436,Ryan Galanie,Glendale Desert Dogs,2025-10-16,Scottsdale Scorpions,False,False,825621,4,5,0,0,0,0,0,0,0,0,0,3,1,0,0,.214,.333,.214,.547,.000,0,1,0,0,0,3,0
2025,814436,Ryan Galanie,Glendale Desert Dogs,2025-10-17,Surprise Saguaros,False,True,825587,3,5,1,0,0,0,1,1,2,1,0,0,0,0,0,.235,.348,.235,.583,.250,1,2,0,0,1,1,0
2025,814436,Ryan Galanie,Glendale Desert Dogs,2025-10-18,Mesa Solar Sox,True,False,825663,2,3,0,0,0,0,0,0,1,0,0,0,0,0,0,.211,.308,.211,.519,.000,1,2,0,0,1,0,0
2025,814436,Ryan Galanie,Glendale Desert Dogs,2025-10-21,Surprise Saguaros,False,False,825581,1,3,0,0,0,0,0,0,0,1,0,0,1,0,0,.200,.345,.200,.545,.000,1,0,1,0,0,3,0
2025,814436,Ryan Galanie,Glendale Desert Dogs,2025-10-21,Surprise Saguaros,False,False,825664,4,4,1,0,0,0,1,0,0,0,0,1,0,0,0,.208,.333,.208,.541,.333,0,2,0,0,0,3,0
2025,814436,Ryan Galanie,Glendale Desert Dogs,2025-10-23,Salt River Rafters,False,False,825630,5,5,1,1,0,0,2,0,0,0,0,2,0,1,0,.207,.316,.241,.557,.333,1,1,0,0,0,3,0
2025,814436,Ryan Galanie,Glendale Desert Dogs,2025-10-25,Peoria Javelinas,True,False,825662,4,4,1,0,0,0,1,0,0,0,0,0,0,0,0,.212,.310,.242,.552,.250,2,1,0,0,0,2,0
2025,814436,Ryan Galanie,Glendale Desert Dogs,2025-10-28,Mesa Solar Sox,False,False,825599,4,5,2,0,0,0,2,1,3,1,0,0,0,0,0,.243,.340,.270,.610,.500,0,2,0,0,0,3,0
2025,814436,Ryan Galanie,Glendale Desert Dogs,2025-10-29,Mesa Solar Sox,True,True,825656,2,3,0,0,0,0,0,1,0,1,0,0,0,1,0,.231,.340,.256,.596,.000,0,2,0,0,0,3,0
2025,814436,Ryan Galanie,Glendale Desert Dogs,2025-10-31,Peoria Javelinas,True,True,825659,2,3,1,0,0,0,1,1,0,1,0,1,0,0,0,.244,.358,.268,.626,1.000,0,0,0,0,0,0,0
2025,814436,Ryan Galanie,Glendale Desert Dogs,2025-11-02,Surprise Saguaros,True,False,825658,2,3,1,0,0,0,1,0,0,1,0,1,0,0,0,.256,.375,.279,.654,1.000,0,0,0,0,0,2,0
2025,814436,Ryan Galanie,Glendale Desert Dogs,2025-11-04,Peoria Javelinas,True,True,825657,5,5,0,0,0,0,0,0,1,0,0,1,0,0,0,.229,.344,.250,.594,.000,3,1,0,0,0,4,0
2025,814436,Ryan Galanie,Glendale Desert Dogs,2025-11-07,Scottsdale Scorpions,True,True,825655,2,5,0,0,0,0,0,0,0,3,0,0,0,0,0,.220,.364,.240,.604,.000,0,2,0,0,0,3,0
2025,814436,Ryan Galanie,Glendale Desert Dogs,2025-11-10,Mesa Solar Sox,True,False,825653,2,3,0,0,0,0,0,0,0,0,0,0,1,0,0,.212,.362,.231,.593,.000,2,0,0,0,0,1,0
2025,694188,Jesus Galiz,Glendale Desert Dogs,2025-10-14,Salt River Rafters,False,False,825636,2,3,0,0,0,0,0,0,0,1,0,0,0,0,0,.000,.333,.000,.333,.000,1,1,1,0,0,2,0
2025,694188,Jesus Galiz,Glendale Desert Dogs,2025-10-17,Surprise Saguaros,False,True,825587,3,5,2,0,0,0,2,2,0,1,0,0,1,0,0,.400,.625,.400,1.025,.667,0,1,0,0,0,1,0
2025,694188,Jesus Galiz,Glendale Desert Dogs,2025-10-21,Surprise Saguaros,False,False,825581,3,3,0,0,0,0,0,0,0,0,0,2,0,0,0,.250,.455,.250,.705,.000,1,0,0,0,0,1,0
2025,694188,Jesus Galiz,Glendale Desert Dogs,2025-10-23,Salt River Rafters,False,False,825630,3,4,1,1,0,0,2,1,0,1,0,1,0,0,0,.273,.467,.364,.831,.500,0,1,0,0,0,0,0
2025,694188,Jesus Galiz,Glendale Desert Dogs,2025-10-28,Mesa Solar Sox,False,False,825599,4,5,0,0,0,0,0,0,0,1,0,2,0,0,0,.200,.400,.267,.667,.000,0,2,0,0,0,5,0
2025,694188,Jesus Galiz,Glendale Desert Dogs,2025-11-01,Mesa Solar Sox,False,False,825598,4,4,1,0,0,0,1,0,0,0,0,1,0,0,0,.211,.375,.263,.638,.333,1,1,0,0,0,1,0
2025,694188,Jesus Galiz,Glendale Desert Dogs,2025-11-05,Mesa Solar Sox,False,True,825594,4,5,1,0,0,0,1,1,0,1,0,2,0,0,0,.217,.379,.261,.640,.500,0,1,0,0,0,3,0
2025,694188,Jesus Galiz,Glendale Desert Dogs,2025-11-10,Mesa Solar Sox,True,False,825653,3,3,0,0,0,0,0,0,0,0,0,1,0,0,0,.192,.344,.231,.575,.000,1,1,0,0,0,2,0
2025,691559,Jose D. Hernandez,Glendale Desert Dogs,2025-10-23,Salt River Rafters,False,False,825630,3,4,1,0,0,0,1,1,1,0,0,0,0,0,0,.333,.250,.333,.583,.250,1,2,1,0,1,1,0
2025,691559,Jose D. Hernandez,Glendale Desert Dogs,2025-10-29,Mesa Solar Sox,True,True,825656,3,3,3,0,0,0,3,1,2,0,0,0,0,0,0,.667,.571,.667,1.238,1.000,0,0,0,0,0,0,0
2025,691559,Jose D. Hernandez,Glendale Desert Dogs,2025-10-30,Scottsdale Scorpions,False,False,825612,4,4,0,0,0,0,0,0,0,0,0,1,0,0,0,.400,.364,.400,.764,.000,2,1,0,0,0,1,0
2025,691559,Jose D. Hernandez,Glendale Desert Dogs,2025-11-02,Surprise Saguaros,True,False,825658,2,3,0,0,0,0,0,0,0,1,0,1,0,0,0,.333,.357,.333,.690,.000,0,1,0,0,0,3,0
2025,691559,Jose D. Hernandez,Glendale Desert Dogs,2025-11-05,Mesa Solar Sox,False,True,825594,3,5,2,1,0,0,3,2,0,1,0,1,1,0,1,.400,.474,.467,.941,1.000,0,0,0,0,0,0,0
2025,691559,Jose D. Hernandez,Glendale Desert Dogs,2025-11-10,Mesa Solar Sox,True,False,825653,3,3,1,0,0,0,1,0,0,0,0,1,0,0,1,.389,.455,.444,.899,.500,0,1,0,0,0,0,0
2025,802469,Travis Honeyman,Glendale Desert Dogs,2025-10-07,Salt River Rafters,False,False,825635,3,4,0,0,0,0,0,1,0,1,0,2,0,1,0,.000,.250,.000,.250,.000,0,1,0,0,0,3,0
2025,802469,Travis Honeyman,Glendale Desert Dogs,2025-10-08,Surprise Saguaros,False,False,825591,4,5,2,0,0,1,5,2,1,0,0,1,1,1,0,.286,.444,.714,1.158,.500,0,1,0,0,0,1,0
2025,802469,Travis Honeyman,Glendale Desert Dogs,2025-10-14,Salt River Rafters,False,False,825636,3,4,0,0,0,0,0,0,0,1,0,2,0,0,0,.200,.385,.500,.885,.000,1,0,0,0,0,0,0
2025,802469,Travis Honeyman,Glendale Desert Dogs,2025-10-15,Peoria Javelinas,False,True,825648,4,5,0,0,0,0,0,0,0,1,0,1,0,0,0,.143,.333,.357,.690,.000,1,2,0,0,0,1,0
2025,802469,Travis Honeyman,Glendale Desert Dogs,2025-10-16,Scottsdale Scorpions,False,False,825621,2,3,0,0,0,0,0,0,1,0,0,0,1,1,0,.125,.333,.313,.646,.000,2,0,0,0,0,1,0
2025,802469,Travis Honeyman,Glendale Desert Dogs,2025-10-25,Peoria Javelinas,True,False,825662,4,4,0,0,0,0,0,0,0,0,0,1,0,0,0,.100,.280,.250,.530,.000,1,2,0,0,0,5,0
2025,802469,Travis Honeyman,Glendale Desert Dogs,2025-10-28,Mesa Solar Sox,False,False,825599,4,5,0,0,0,0,0,1,0,1,0,2,0,0,0,.083,.267,.208,.475,.000,1,1,0,0,0,5,0
2025,802469,Travis Honeyman,Glendale Desert Dogs,2025-10-29,Mesa Solar Sox,True,True,825656,3,3,1,1,0,0,2,0,0,0,0,1,0,0,0,.111,.273,.259,.532,.500,1,0,0,0,0,1,0
2025,802469,Travis Honeyman,Glendale Desert Dogs,2025-10-31,Peoria Javelinas,True,True,825659,2,3,0,0,0,0,0,0,1,0,0,2,0,0,0,.103,.250,.241,.491,.000,0,1,0,0,1,3,0
2025,802469,Travis Honeyman,Glendale Desert Dogs,2025-11-01,Mesa Solar Sox,False,False,825598,5,5,1,0,0,0,1,0,0,0,0,0,0,0,0,.118,.244,.235,.479,.200,3,1,1,0,0,5,0
2025,802469,Travis Honeyman,Glendale Desert Dogs,2025-11-06,Peoria Javelinas,False,True,825641,4,4,2,0,0,0,2,2,2,0,0,0,0,0,0,.158,.267,.263,.530,.500,1,1,0,0,0,2,0
2025,802469,Travis Honeyman,Glendale Desert Dogs,2025-11-07,Scottsdale Scorpions,True,True,825655,3,4,1,0,0,1,4,1,2,1,0,0,0,0,0,.171,.286,.341,.627,.000,1,1,0,0,0,0,0
2025,802469,Travis Honeyman,Glendale Desert Dogs,2025-11-10,Mesa Solar Sox,True,False,825653,3,3,1,0,0,0,1,0,1,0,0,0,0,1,0,.182,.288,.341,.629,.333,1,1,0,0,0,3,0
2025,805347,Jim Jarvis,Glendale Desert Dogs,2025-10-07,Salt River Rafters,False,False,825635,3,4,1,0,0,0,1,0,1,1,0,0,0,1,1,.333,.500,.333,.833,.333,2,0,0,0,0,0,0
2025,805347,Jim Jarvis,Glendale Desert Dogs,2025-10-15,Peoria Javelinas,False,True,825648,5,5,1,0,0,0,1,1,0,0,0,0,0,1,0,.250,.333,.250,.583,.200,1,3,0,0,0,3,0
2025,805347,Jim Jarvis,Glendale Desert Dogs,2025-10-16,Scottsdale Scorpions,False,False,825621,4,4,0,0,0,0,0,0,0,0,0,0,0,0,0,.167,.231,.167,.398,.000,2,2,0,0,0,3,0
2025,805347,Jim Jarvis,Glendale Desert Dogs,2025-10-18,Mesa Solar Sox,True,False,825663,3,3,1,0,0,1,4,1,1,0,0,1,0,0,0,.200,.250,.400,.650,.000,0,1,0,0,0,0,0
2025,805347,Jim Jarvis,Glendale Desert Dogs,2025-10-19,Salt River Rafters,True,False,825647,4,4,0,0,0,0,0,0,0,0,0,2,0,0,0,.158,.200,.316,.516,.000,2,0,0,0,0,2,0
2025,805347,Jim Jarvis,Glendale Desert Dogs,2025-10-21,Surprise Saguaros,False,False,825664,4,4,0,0,0,0,0,0,0,0,0,1,0,0,0,.130,.167,.261,.428,.000,3,0,1,0,0,5,0
2025,805347,Jim Jarvis,Glendale Desert Dogs,2025-10-22,Peoria Javelinas,False,False,825643,3,4,2,0,0,0,2,2,0,1,0,0,0,0,1,.192,.250,.308,.558,.667,1,0,0,0,0,0,0
2025,805347,Jim Jarvis,Glendale Desert Dogs,2025-10-25,Peoria Javelinas,True,False,825662,4,4,1,0,0,1,4,1,1,0,0,0,0,0,0,.200,.250,.400,.650,.000,2,1,1,0,0,2,0
2025,805347,Jim Jarvis,Glendale Desert Dogs,2025-10-26,Salt River Rafters,True,True,825660,2,4,0,0,0,0,0,2,0,2,0,2,0,0,0,.188,.278,.375,.653,.---,0,0,0,0,0,2,0
2025,805347,Jim Jarvis,Glendale Desert Dogs,2025-10-29,Mesa Solar Sox,True,True,825656,4,4,2,1,0,0,3,0,2,0,0,0,0,0,0,.222,.300,.417,.717,.500,0,2,0,0,0,1,0
2025,805347,Jim Jarvis,Glendale Desert Dogs,2025-10-31,Peoria Javelinas,True,True,825659,2,3,1,0,0,0,1,2,0,1,0,0,0,1,0,.237,.326,.421,.747,.500,1,0,0,0,0,0,0
2025,805347,Jim Jarvis,Glendale Desert Dogs,2025-11-02,Surprise Saguaros,True,False,825658,3,4,0,0,0,0,0,0,0,1,0,2,0,0,0,.220,.319,.390,.709,.000,1,0,0,0,0,1,0
2025,805347,Jim Jarvis,Glendale Desert Dogs,2025-11-04,Peoria Javelinas,True,True,825657,3,5,1,1,0,0,2,0,0,2,0,1,0,0,0,.227,.346,.409,.755,.500,0,1,0,0,0,1,0
2025,805347,Jim Jarvis,Glendale Desert Dogs,2025-11-05,Mesa Solar Sox,False,True,825594,3,6,3,0,0,0,3,2,1,3,0,0,0,0,0,.277,.414,.447,.861,1.000,0,0,0,0,0,0,0
2025,805347,Jim Jarvis,Glendale Desert Dogs,2025-11-06,Peoria Javelinas,False,True,825641,4,4,0,0,0,0,0,1,1,0,0,0,0,0,0,.255,.387,.412,.799,.000,3,1,0,0,0,1,0
2025,805347,Jim Jarvis,Glendale Desert Dogs,2025-11-10,Mesa Solar Sox,True,False,825653,3,4,1,1,0,0,2,0,0,1,0,0,0,1,0,.259,.394,.426,.820,.333,0,2,0,0,0,0,0
2025,688460,Josh Kasevich,Glendale Desert Dogs,2025-10-07,Salt River Rafters,False,False,825635,2,4,1,0,0,0,1,0,0,2,0,0,0,0,0,.500,.750,.500,1.250,.500,0,1,0,0,0,1,0
2025,688460,Josh Kasevich,Glendale Desert Dogs,2025-10-08,Surprise Saguaros,False,False,825591,6,6,0,0,0,0,0,0,0,0,0,1,0,0,0,.125,.300,.125,.425,.000,4,1,0,0,0,4,0
2025,688460,Josh Kasevich,Glendale Desert Dogs,2025-10-09,Scottsdale Scorpions,True,True,825666,3,5,1,0,0,0,1,2,0,2,0,1,0,0,0,.182,.400,.182,.582,.500,1,0,1,0,0,1,0
2025,688460,Josh Kasevich,Glendale Desert Dogs,2025-10-14,Salt River Rafters,False,False,825636,3,4,0,0,0,0,0,1,0,1,0,2,0,1,0,.143,.368,.143,.511,.000,0,1,0,0,0,2,0
2025,688460,Josh Kasevich,Glendale Desert Dogs,2025-10-15,Peoria Javelinas,False,True,825648,4,5,1,0,0,0,1,0,0,1,0,1,0,0,0,.167,.375,.167,.542,.333,1,1,0,0,0,0,0
2025,688460,Josh Kasevich,Glendale Desert Dogs,2025-10-16,Scottsdale Scorpions,False,False,825621,4,5,2,0,0,0,2,0,1,1,0,1,0,0,1,.227,.414,.227,.641,.667,1,0,0,0,0,1,0
2025,688460,Josh Kasevich,Glendale Desert Dogs,2025-10-18,Mesa Solar Sox,True,False,825663,2,3,1,0,0,0,1,0,1,1,0,0,0,0,0,.250,.438,.250,.688,.500,0,1,0,0,0,1,0
2025,688460,Josh Kasevich,Glendale Desert Dogs,2025-10-19,Salt River Rafters,True,False,825647,4,4,2,0,0,0,2,1,0,0,0,0,0,0,0,.286,.444,.286,.730,.500,1,1,0,0,0,0,0
2025,688460,Josh Kasevich,Glendale Desert Dogs,2025-10-21,Surprise Saguaros,False,False,825581,1,4,0,0,0,0,0,0,1,2,0,0,0,0,0,.276,.450,.276,.726,.000,1,1,0,0,1,1,0
2025,688460,Josh Kasevich,Glendale Desert Dogs,2025-10-22,Peoria Javelinas,False,False,825643,3,4,0,0,0,0,0,1,0,1,0,0,0,0,0,.250,.432,.250,.682,.000,2,1,1,0,0,4,0
2025,688460,Josh Kasevich,Glendale Desert Dogs,2025-10-23,Salt River Rafters,False,False,825630,5,5,1,0,0,0,1,1,0,0,0,0,0,0,0,.243,.408,.243,.651,.200,2,2,0,0,0,2,0
2025,688460,Josh Kasevich,Glendale Desert Dogs,2025-10-25,Peoria Javelinas,True,False,825662,3,4,0,0,0,0,0,0,0,1,0,0,0,0,0,.225,.396,.225,.621,.000,1,2,0,0,0,5,0
2025,688460,Josh Kasevich,Glendale Desert Dogs,2025-10-26,Salt River Rafters,True,True,825660,2,5,1,0,0,0,1,1,1,2,0,1,0,0,1,.238,.414,.238,.652,.500,0,1,0,0,1,2,0
2025,688460,Josh Kasevich,Glendale Desert Dogs,2025-10-28,Mesa Solar Sox,False,False,825599,4,5,0,0,0,0,0,1,0,1,0,1,0,1,0,.217,.397,.217,.614,.000,3,0,0,0,0,4,0
2025,688460,Josh Kasevich,Glendale Desert Dogs,2025-10-30,Scottsdale Scorpions,False,False,825612,5,5,2,0,0,0,2,0,0,0,0,1,0,0,0,.235,.397,.235,.632,.500,0,2,0,0,0,2,0
2025,688460,Josh Kasevich,Glendale Desert Dogs,2025-10-31,Peoria Javelinas,True,True,825659,3,3,2,0,0,0,2,1,0,0,0,1,0,0,0,.259,.408,.259,.667,1.000,0,0,0,0,0,0,0
2025,688460,Josh Kasevich,Glendale Desert Dogs,2025-11-02,Surprise Saguaros,True,False,825658,1,3,0,0,0,0,0,1,0,2,0,1,0,1,0,.255,.419,.255,.674,.---,0,0,0,0,0,1,0
2025,695731,Braden Montgomery,Glendale Desert Dogs,2025-10-21,Surprise Saguaros,False,False,825581,1,4,1,1,0,0,2,1,1,3,0,0,0,0,0,1.000,1.000,2.000,3.000,1.000,0,0,0,0,0,0,0
2025,695731,Braden Montgomery,Glendale Desert Dogs,2025-10-22,Peoria Javelinas,False,False,825643,3,5,0,0,0,0,0,1,0,2,0,2,0,0,0,.250,.667,.500,1.167,.000,0,1,0,0,0,2,0
2025,695731,Braden Montgomery,Glendale Desert Dogs,2025-10-25,Peoria Javelinas,True,False,825662,4,4,3,0,0,0,3,0,1,0,0,0,0,1,0,.500,.692,.625,1.317,.750,1,0,0,0,0,0,0
2025,695731,Braden Montgomery,Glendale Desert Dogs,2025-10-26,Salt River Rafters,True,True,825660,3,5,1,0,0,0,1,1,0,2,0,1,0,2,0,.455,.667,.545,1.212,.500,1,0,0,0,0,0,0
2025,695731,Braden Montgomery,Glendale Desert Dogs,2025-10-28,Mesa Solar Sox,False,False,825599,3,5,1,0,0,0,1,1,0,1,0,2,1,0,0,.429,.652,.500,1.152,1.000,0,0,0,0,0,3,0
2025,695731,Braden Montgomery,Glendale Desert Dogs,2025-10-30,Scottsdale Scorpions,False,False,825612,5,5,1,0,0,0,1,0,1,0,0,2,0,0,0,.368,.571,.421,.992,.333,1,1,0,0,0,4,0
2025,695731,Braden Montgomery,Glendale Desert Dogs,2025-11-01,Mesa Solar Sox,False,False,825598,4,5,3,0,1,1,8,3,4,1,0,0,0,0,0,.435,.606,.696,1.302,.667,1,0,0,0,0,0,0
2025,695731,Braden Montgomery,Glendale Desert Dogs,2025-11-02,Surprise Saguaros,True,False,825658,3,4,0,0,0,0,0,0,0,1,0,0,0,0,0,.385,.568,.615,1.183,.000,2,1,1,0,0,2,0
2025,695731,Braden Montgomery,Glendale Desert Dogs,2025-11-04,Peoria Javelinas,True,True,825657,5,5,2,2,0,0,4,1,2,0,0,1,0,0,0,.387,.548,.645,1.193,.500,1,1,0,0,0,4,0
2025,695731,Braden Montgomery,Glendale Desert Dogs,2025-11-06,Peoria Javelinas,False,True,825641,3,4,0,0,0,0,0,1,0,1,0,3,0,0,0,.353,.522,.588,1.110,.---,0,0,0,0,0,0,0
2025,695731,Braden Montgomery,Glendale Desert Dogs,2025-11-07,Scottsdale Scorpions,True,True,825655,3,5,1,1,0,0,2,1,1,2,0,1,0,0,0,.351,.529,.595,1.124,.500,0,1,0,0,0,1,0
2025,695731,Braden Montgomery,Glendale Desert Dogs,2025-11-11,Scottsdale Scorpions,False,True,825608,4,4,2,2,0,0,4,2,1,0,0,0,0,0,0,.366,.527,.634,1.161,.500,2,0,0,0,0,2,0
2025,703639,Nico Perez,Glendale Desert Dogs,2025-10-08,Surprise Saguaros,False,False,825591,5,5,0,0,0,0,0,1,0,0,0,3,0,0,1,.000,.000,.000,.000,.000,1,1,0,0,0,4,0
2025,815104,Graysen Tarlow,Glendale Desert Dogs,2025-10-07,Salt River Rafters,False,False,825635,4,4,0,0,0,0,0,1,0,0,0,1,0,1,0,.000,.000,.000,.000,.000,3,0,1,0,0,4,0
2025,815104,Graysen Tarlow,Glendale Desert Dogs,2025-10-09,Scottsdale Scorpions,True,True,825666,3,5,1,0,0,0,1,0,1,0,0,1,1,0,0,.143,.222,.143,.365,.333,0,2,0,0,1,2,0
2025,815104,Graysen Tarlow,Glendale Desert Dogs,2025-10-16,Scottsdale Scorpions,False,False,825621,3,4,1,0,0,0,1,1,0,1,0,1,0,0,0,.200,.308,.200,.508,.500,0,1,0,0,0,3,0
2025,815104,Graysen Tarlow,Glendale Desert Dogs,2025-10-18,Mesa Solar Sox,True,False,825663,3,3,0,0,0,0,0,0,0,0,0,1,0,0,0,.154,.250,.154,.404,.000,1,1,0,0,0,0,0
2025,815104,Graysen Tarlow,Glendale Desert Dogs,2025-10-21,Surprise Saguaros,False,False,825664,3,3,1,1,0,0,2,0,0,0,0,1,0,0,0,.188,.263,.250,.513,.500,0,1,0,0,0,2,0
2025,815104,Graysen Tarlow,Glendale Desert Dogs,2025-10-25,Peoria Javelinas,True,False,825662,4,4,1,0,0,0,1,0,0,0,0,0,0,0,0,.200,.261,.250,.511,.250,1,2,0,0,0,1,0
2025,815104,Graysen Tarlow,Glendale Desert Dogs,2025-10-29,Mesa Solar Sox,True,True,825656,1,3,0,0,0,0,0,2,0,2,0,0,0,1,0,.190,.308,.238,.546,.000,1,0,0,0,0,0,0
2025,815104,Graysen Tarlow,Glendale Desert Dogs,2025-10-31,Peoria Javelinas,True,True,825659,3,3,0,0,0,0,0,0,0,0,0,1,0,0,0,.167,.276,.208,.484,.000,2,0,0,0,0,1,0
2025,815104,Graysen Tarlow,Glendale Desert Dogs,2025-11-04,Peoria Javelinas,True,True,825657,3,5,1,0,0,0,1,0,0,2,0,1,0,1,0,.185,.324,.222,.546,.500,0,1,0,0,0,2,0
2025,815104,Graysen Tarlow,Glendale Desert Dogs,2025-11-07,Scottsdale Scorpions,True,True,825655,4,4,0,0,0,0,0,0,0,0,0,0,0,0,0,.161,.289,.194,.483,.000,3,1,0,0,0,1,0
2025,692568,Miguel Ugueto,Glendale Desert Dogs,2025-10-09,Scottsdale Scorpions,True,True,825666,5,6,2,0,0,1,5,2,3,1,0,1,0,0,0,.400,.500,1.000,1.500,.333,0,2,0,0,0,4,0
2025,692568,Miguel Ugueto,Glendale Desert Dogs,2025-10-14,Salt River Rafters,False,False,825636,2,3,1,0,0,0,1,0,1,0,0,0,1,0,1,.429,.556,.857,1.413,.500,1,0,0,0,0,0,0
2025,692568,Miguel Ugueto,Glendale Desert Dogs,2025-10-15,Peoria Javelinas,False,True,825648,5,5,0,0,0,0,0,0,0,0,0,1,0,1,0,.250,.357,.500,.857,.000,4,0,0,0,0,2,0
2025,692568,Miguel Ugueto,Glendale Desert Dogs,2025-10-16,Scottsdale Scorpions,False,False,825621,1,2,0,0,0,0,0,1,0,0,0,0,1,0,0,.231,.375,.462,.837,.000,1,0,1,0,0,3,0
2025,692568,Miguel Ugueto,Glendale Desert Dogs,2025-10-17,Surprise Saguaros,False,True,825587,5,5,3,0,0,0,3,1,2,0,0,1,0,0,1,.333,.429,.500,.929,.750,1,0,1,0,0,1,0
2025,692568,Miguel Ugueto,Glendale Desert Dogs,2025-10-18,Mesa Solar Sox,True,False,825663,3,3,0,0,0,0,0,0,0,0,0,1,0,0,0,.286,.375,.429,.804,.000,2,0,1,0,0,3,0
2025,692568,Miguel Ugueto,Glendale Desert Dogs,2025-10-19,Salt River Rafters,True,False,825647,4,4,2,0,0,0,2,0,2,0,0,1,0,0,0,.320,.393,.440,.833,.667,1,0,1,0,0,2,0
2025,692568,Miguel Ugueto,Glendale Desert Dogs,2025-10-21,Surprise Saguaros,False,False,825581,3,3,0,0,0,0,0,0,0,0,0,1,0,0,0,.286,.355,.393,.748,.000,2,0,0,0,0,1,0
2025,692568,Miguel Ugueto,Glendale Desert Dogs,2025-10-21,Surprise Saguaros,False,False,825664,4,4,1,0,0,0,1,0,0,0,0,2,0,0,0,.281,.343,.375,.718,.500,1,0,0,0,0,2,0
2025,692568,Miguel Ugueto,Glendale Desert Dogs,2025-10-23,Salt River Rafters,False,False,825630,5,5,2,0,0,0,2,0,0,0,0,1,0,0,0,.297,.350,.378,.728,.500,1,1,0,0,0,1,0
2025,692568,Miguel Ugueto,Glendale Desert Dogs,2025-10-26,Salt River Rafters,True,True,825660,4,4,3,0,0,0,3,2,2,0,0,0,0,1,0,.341,.386,.415,.801,.750,0,1,0,0,0,0,0
2025,692568,Miguel Ugueto,Glendale Desert Dogs,2025-10-29,Mesa Solar Sox,True,True,825656,2,3,0,0,0,0,0,0,0,1,0,1,0,0,0,.326,.383,.395,.778,.000,1,0,1,0,0,3,0
2025,692568,Miguel Ugueto,Glendale Desert Dogs,2025-10-31,Peoria Javelinas,True,True,825659,3,3,1,0,0,0,1,0,1,0,0,1,0,0,0,.326,.380,.391,.771,.500,1,0,0,0,0,0,0
2025,692568,Miguel Ugueto,Glendale Desert Dogs,2025-11-02,Surprise Saguaros,True,False,825658,3,3,1,0,0,0,1,0,0,0,0,0,0,1,0,.327,.377,.388,.765,.333,2,0,1,0,0,3,0
2025,692568,Miguel Ugueto,Glendale Desert Dogs,2025-11-05,Mesa Solar Sox,False,True,825594,5,6,2,1,0,0,3,2,1,0,0,1,0,1,0,.333,.373,.407,.780,.400,0,3,0,0,1,3,0
2025,692568,Miguel Ugueto,Glendale Desert Dogs,2025-11-07,Scottsdale Scorpions,True,True,825655,4,5,1,1,0,0,2,1,2,1,0,1,0,0,0,.328,.375,.414,.789,.333,2,0,0,0,0,5,0
2025,692568,Miguel Ugueto,Glendale Desert Dogs,2025-11-11,Scottsdale Scorpions,False,True,825608,2,4,2,1,0,0,3,1,2,1,0,0,0,0,1,.350,.397,.450,.847,.667,0,1,0,0,1,0,0
2025,702488,Logan Wagner,Glendale Desert Dogs,2025-10-09,Scottsdale Scorpions,True,True,825666,5,5,1,0,0,0,1,0,1,0,0,2,0,0,0,.200,.200,.200,.400,.333,1,1,0,0,0,4,0
2025,702488,Logan Wagner,Glendale Desert Dogs,2025-10-15,Peoria Javelinas,False,True,825648,3,5,0,0,0,0,0,1,0,2,0,0,0,0,0,.125,.300,.125,.425,.000,2,1,0,0,0,4,0
2025,702488,Logan Wagner,Glendale Desert Dogs,2025-10-16,Scottsdale Scorpions,False,False,825621,2,4,0,0,0,0,0,0,0,2,0,0,0,1,0,.100,.357,.100,.457,.000,1,1,0,0,0,2,0
2025,702488,Logan Wagner,Glendale Desert Dogs,2025-10-17,Surprise Saguaros,False,True,825587,4,5,0,0,0,0,0,0,0,1,0,3,0,0,0,.071,.316,.071,.387,.000,0,1,0,0,0,5,0
2025,702488,Logan Wagner,Glendale Desert Dogs,2025-10-19,Salt River Rafters,True,False,825647,3,4,1,0,0,1,4,1,1,1,0,1,0,0,0,.118,.348,.294,.642,.000,0,1,0,0,0,1,0
2025,702488,Logan Wagner,Glendale Desert Dogs,2025-10-21,Surprise Saguaros,False,False,825664,4,4,2,0,0,0,2,0,1,0,0,1,0,0,0,.190,.370,.333,.703,.667,0,1,0,0,0,4,0
2025,702488,Logan Wagner,Glendale Desert Dogs,2025-10-22,Peoria Javelinas,False,False,825643,3,4,1,1,0,0,2,0,1,0,0,2,0,0,0,.208,.355,.375,.730,.500,0,1,0,0,1,3,0
2025,702488,Logan Wagner,Glendale Desert Dogs,2025-10-23,Salt River Rafters,False,False,825630,3,5,1,0,1,0,3,2,0,2,0,1,0,0,0,.222,.389,.444,.833,.500,1,0,0,0,0,4,0
2025,702488,Logan Wagner,Glendale Desert Dogs,2025-10-26,Salt River Rafters,True,True,825660,4,5,0,0,0,0,0,1,0,1,0,2,0,0,0,.194,.366,.387,.753,.000,1,1,0,0,0,6,0
2025,702488,Logan Wagner,Glendale Desert Dogs,2025-10-29,Mesa Solar Sox,True,True,825656,2,3,0,0,0,0,0,1,0,1,0,0,0,0,0,.182,.364,.364,.728,.000,1,1,0,0,0,0,0
2025,702488,Logan Wagner,Glendale Desert Dogs,2025-10-30,Scottsdale Scorpions,False,False,825612,4,4,0,0,0,0,0,0,0,0,0,0,0,0,0,.162,.333,.324,.657,.000,2,2,0,0,0,1,0
2025,702488,Logan Wagner,Glendale Desert Dogs,2025-11-01,Mesa Solar Sox,False,False,825598,4,4,1,0,0,0,1,0,0,0,0,0,0,0,0,.171,.327,.317,.644,.250,1,2,1,0,0,4,0
2025,702488,Logan Wagner,Glendale Desert Dogs,2025-11-05,Mesa Solar Sox,False,True,825594,4,5,3,0,0,1,6,3,4,1,0,1,0,1,0,.222,.368,.422,.790,1.000,0,0,0,0,0,0,0
2025,702488,Logan Wagner,Glendale Desert Dogs,2025-11-06,Peoria Javelinas,False,True,825641,3,4,2,1,0,0,3,2,1,1,0,1,0,0,0,.250,.393,.458,.851,1.000,0,0,0,0,0,0,0
2025,702488,Logan Wagner,Glendale Desert Dogs,2025-11-10,Mesa Solar Sox,True,False,825653,3,3,0,0,0,0,0,0,0,0,0,1,0,0,0,.235,.375,.431,.806,.000,1,1,0,0,0,1,0
2025,702488,Logan Wagner,Glendale Desert Dogs,2025-11-11,Scottsdale Scorpions,False,True,825608,4,4,0,0,0,0,0,0,0,0,0,2,0,0,0,.218,.353,.400,.753,.000,1,1,0,0,0,4,0
2025,815304,Josh Adamczewski,Surprise Saguaros,2025-10-07,Mesa Solar Sox,False,True,825607,2,2,0,0,0,0,0,0,0,0,0,2,0,0,0,.000,.000,.000,.000,.---,0,0,0,0,0,2,0
2025,815304,Josh Adamczewski,Surprise Saguaros,2025-10-08,Glendale Desert Dogs,True,True,825591,5,5,1,0,0,1,4,1,4,0,0,3,0,0,0,.143,.143,.571,.714,.000,0,1,0,0,0,4,0
2025,815304,Josh Adamczewski,Surprise Saguaros,2025-10-09,Peoria Javelinas,False,True,825652,4,5,1,1,0,0,2,0,0,1,0,1,0,0,0,.182,.250,.545,.795,.333,1,1,0,0,0,1,0
2025,815304,Josh Adamczewski,Surprise Saguaros,2025-10-14,Mesa Solar Sox,False,False,825604,3,4,0,0,0,0,0,1,0,1,0,1,0,0,0,.143,.250,.429,.679,.000,2,0,0,0,0,2,0
2025,815304,Josh Adamczewski,Surprise Saguaros,2025-10-15,Mesa Solar Sox,True,True,825589,4,4,0,0,0,0,0,0,1,0,0,1,0,0,0,.111,.200,.333,.533,.000,3,0,0,0,0,4,0
2025,815304,Josh Adamczewski,Surprise Saguaros,2025-10-17,Glendale Desert Dogs,True,False,825587,2,4,1,0,0,0,1,0,0,2,0,1,0,0,0,.150,.292,.350,.642,1.000,0,0,0,0,0,0,0
2025,815304,Josh Adamczewski,Surprise Saguaros,2025-10-18,Scottsdale Scorpions,False,False,825614,3,3,1,1,0,0,2,1,1,0,0,0,0,0,0,.174,.296,.391,.687,.333,0,2,0,0,0,2,0
2025,815304,Josh Adamczewski,Surprise Saguaros,2025-10-19,Scottsdale Scorpions,False,False,825615,3,4,1,0,0,1,4,1,1,1,0,0,0,0,0,.192,.323,.500,.823,.000,2,0,0,0,0,1,0
2025,815304,Josh Adamczewski,Surprise Saguaros,2025-10-21,Glendale Desert Dogs,True,True,825581,2,4,0,0,0,0,0,0,0,2,0,0,0,1,0,.179,.343,.464,.807,.000,1,1,0,0,0,2,0
2025,815304,Josh Adamczewski,Surprise Saguaros,2025-10-22,Scottsdale Scorpions,True,True,825586,5,5,1,0,0,1,4,2,2,0,0,2,0,0,0,.182,.325,.515,.840,.000,2,0,0,0,0,4,0
2025,815304,Josh Adamczewski,Surprise Saguaros,2025-10-25,Mesa Solar Sox,True,False,825585,4,5,4,2,0,1,9,1,5,1,0,0,0,0,1,.270,.400,.703,1.103,1.000,0,0,0,0,0,0,0
2025,815304,Josh Adamczewski,Surprise Saguaros,2025-10-26,Peoria Javelinas,True,True,825584,3,4,1,0,0,0,1,0,0,1,0,1,0,1,0,.275,.408,.675,1.083,.500,0,1,0,0,0,2,0
2025,815304,Josh Adamczewski,Surprise Saguaros,2025-10-28,Scottsdale Scorpions,False,False,825613,4,4,1,0,0,0,1,2,0,0,0,0,0,0,0,.273,.396,.636,1.032,.250,2,1,0,0,0,4,0
2025,815304,Josh Adamczewski,Surprise Saguaros,2025-10-29,Scottsdale Scorpions,True,True,825583,3,4,0,0,0,0,0,0,1,0,0,1,0,0,0,.255,.368,.596,.964,.000,1,2,0,0,1,3,0
2025,815304,Josh Adamczewski,Surprise Saguaros,2025-10-31,Mesa Solar Sox,True,False,825582,3,4,1,0,0,0,1,0,0,1,0,0,0,0,0,.260,.377,.580,.957,.333,2,0,1,0,0,1,0
2025,815304,Josh Adamczewski,Surprise Saguaros,2025-11-01,Peoria Javelinas,True,True,825578,2,4,1,0,0,0,1,0,1,1,0,0,1,1,0,.269,.400,.577,.977,.500,0,1,0,0,0,0,0
2025,815304,Josh Adamczewski,Surprise Saguaros,2025-11-02,Glendale Desert Dogs,False,True,825658,4,4,2,0,0,0,2,1,1,0,0,0,0,1,0,.286,.406,.571,.977,.500,1,1,0,0,0,1,0
2025,815304,Josh Adamczewski,Surprise Saguaros,2025-11-05,Scottsdale Scorpions,True,False,825577,4,5,1,0,0,0,1,0,0,1,0,2,0,0,0,.283,.405,.550,.955,.500,0,1,0,0,0,5,0
2025,815304,Josh Adamczewski,Surprise Saguaros,2025-11-07,Salt River Rafters,True,True,825576,2,5,1,1,0,0,2,4,0,3,0,0,0,0,0,.290,.430,.565,.995,.500,1,0,0,0,0,1,0
2025,815304,Josh Adamczewski,Surprise Saguaros,2025-11-10,Peoria Javelinas,True,False,825575,3,3,0,0,0,0,0,0,0,0,0,2,0,0,0,.277,.415,.538,.953,.000,1,0,0,0,0,0,0
2025,702726,Luke Adams,Surprise Saguaros,2025-10-07,Mesa Solar Sox,False,True,825607,3,5,1,1,0,0,2,2,1,2,0,0,0,0,1,.333,.600,.667,1.267,.333,1,1,1,0,0,2,0
2025,702726,Luke Adams,Surprise Saguaros,2025-10-08,Glendale Desert Dogs,True,True,825591,4,6,1,0,0,1,4,2,2,2,0,1,0,0,0,.286,.545,.857,1.402,.000,1,1,0,0,0,3,0
2025,702726,Luke Adams,Surprise Saguaros,2025-10-09,Peoria Javelinas,False,True,825652,3,5,1,0,0,0,1,1,0,1,0,1,0,2,0,.300,.533,.700,1.233,.500,1,0,1,0,0,1,1
2025,702726,Luke Adams,Surprise Saguaros,2025-10-14,Mesa Solar Sox,False,False,825604,4,5,0,0,0,0,0,0,0,1,0,2,0,0,0,.214,.450,.500,.950,.000,1,1,0,0,0,3,0
2025,702726,Luke Adams,Surprise Saguaros,2025-10-15,Mesa Solar Sox,True,True,825589,3,4,0,0,0,0,0,1,0,0,0,2,1,0,0,.176,.417,.412,.829,.000,1,0,0,0,0,1,0
2025,702726,Luke Adams,Surprise Saguaros,2025-10-17,Glendale Desert Dogs,True,False,825587,4,4,1,1,0,0,2,0,1,0,0,0,0,0,0,.190,.393,.429,.822,.250,2,1,0,0,0,2,0
2025,702726,Luke Adams,Surprise Saguaros,2025-10-18,Scottsdale Scorpions,False,False,825614,3,4,1,0,0,0,1,0,0,1,0,1,0,0,0,.208,.406,.417,.823,.500,0,1,0,0,0,4,0
2025,702726,Luke Adams,Surprise Saguaros,2025-10-19,Scottsdale Scorpions,False,False,825615,4,4,2,0,0,0,2,0,0,0,0,1,0,0,0,.250,.417,.429,.846,.667,0,1,0,0,0,1,0
2025,702726,Luke Adams,Surprise Saguaros,2025-10-21,Glendale Desert Dogs,True,True,825581,4,4,1,0,0,0,1,0,0,0,0,2,0,0,0,.250,.400,.406,.806,.500,0,1,0,0,0,3,0
2025,702726,Luke Adams,Surprise Saguaros,2025-10-21,Glendale Desert Dogs,True,True,825664,1,3,1,0,0,1,4,2,2,1,0,0,0,0,0,.273,.419,.515,.934,.000,0,1,0,0,1,0,0
2025,702726,Luke Adams,Surprise Saguaros,2025-10-22,Scottsdale Scorpions,True,True,825586,2,5,1,0,0,0,1,1,2,2,0,0,0,0,0,.286,.438,.514,.952,.333,0,2,0,0,1,1,0
2025,702726,Luke Adams,Surprise Saguaros,2025-10-23,Mesa Solar Sox,False,True,825600,1,2,0,0,0,0,0,0,0,0,0,1,1,0,0,.278,.440,.500,.940,.---,0,0,0,0,0,1,0
2025,702726,Luke Adams,Surprise Saguaros,2025-10-25,Mesa Solar Sox,True,False,825585,5,5,3,1,0,0,4,1,0,0,0,0,0,0,0,.317,.455,.537,.992,.600,0,2,0,0,0,2,0
2025,702726,Luke Adams,Surprise Saguaros,2025-11-04,Salt River Rafters,True,True,825579,4,5,1,0,0,1,4,2,1,0,0,0,1,0,0,.311,.450,.578,1.028,.000,3,0,0,0,0,2,0
2025,702726,Luke Adams,Surprise Saguaros,2025-11-05,Scottsdale Scorpions,True,False,825577,3,5,1,0,0,0,1,0,0,0,0,0,1,0,0,.313,.453,.563,1.016,.333,2,0,0,0,0,1,1
2025,702726,Luke Adams,Surprise Saguaros,2025-11-06,Salt River Rafters,False,True,825624,3,4,2,0,0,0,2,2,1,1,0,1,0,2,0,.333,.471,.569,1.040,1.000,0,0,0,0,0,0,0
2025,686404,Wuilfredo Antunez,Surprise Saguaros,2025-10-07,Mesa Solar Sox,False,True,825607,4,5,1,0,0,1,4,1,3,1,0,2,0,0,0,.250,.400,1.000,1.400,.000,1,0,0,0,0,2,0
2025,686404,Wuilfredo Antunez,Surprise Saguaros,2025-10-09,Peoria Javelinas,False,True,825652,2,2,2,0,0,1,5,2,1,0,0,0,0,1,0,.500,.571,1.500,2.071,1.000,0,0,0,0,0,0,0
2025,691405,Juan Benjamin,Surprise Saguaros,2025-10-07,Mesa Solar Sox,False,True,825607,3,4,0,0,0,0,0,1,0,1,0,1,0,0,0,.000,.250,.000,.250,.000,1,1,0,0,0,1,0
2025,691405,Juan Benjamin,Surprise Saguaros,2025-10-09,Peoria Javelinas,False,True,825652,3,4,2,1,0,0,3,1,2,1,0,1,0,0,0,.333,.500,.500,1.000,1.000,0,0,0,0,0,0,0
2025,691405,Juan Benjamin,Surprise Saguaros,2025-10-14,Mesa Solar Sox,False,False,825604,5,5,0,0,0,0,0,0,0,0,0,4,0,0,0,.182,.308,.273,.581,.000,0,1,0,0,0,7,0
2025,691405,Juan Benjamin,Surprise Saguaros,2025-10-17,Glendale Desert Dogs,True,False,825587,3,4,0,0,0,0,0,0,0,1,0,1,0,0,0,.143,.294,.214,.508,.000,2,0,0,0,0,4,0
2025,691405,Juan Benjamin,Surprise Saguaros,2025-10-18,Scottsdale Scorpions,False,False,825614,2,3,1,0,0,0,1,1,0,1,0,0,0,0,0,.188,.350,.250,.600,.500,1,0,0,0,0,0,0
2025,691405,Juan Benjamin,Surprise Saguaros,2025-10-21,Glendale Desert Dogs,True,True,825581,2,3,1,0,0,0,1,1,1,1,0,0,0,0,0,.222,.391,.278,.669,.500,0,1,0,0,0,1,0
2025,691405,Juan Benjamin,Surprise Saguaros,2025-10-22,Scottsdale Scorpions,True,True,825586,3,4,1,1,0,0,2,1,0,0,0,2,1,1,0,.238,.407,.333,.740,1.000,0,0,0,0,0,0,0
2025,691405,Juan Benjamin,Surprise Saguaros,2025-10-23,Mesa Solar Sox,False,True,825600,2,3,0,0,0,0,0,0,0,1,0,0,0,0,0,.217,.400,.304,.704,.000,1,1,0,0,0,3,0
2025,691405,Juan Benjamin,Surprise Saguaros,2025-10-25,Mesa Solar Sox,True,False,825585,0,0,0,0,0,0,0,0,0,0,0,0,0,0,0,.217,.400,.304,.704,.---,0,0,0,0,0,0,0
2025,691405,Juan Benjamin,Surprise Saguaros,2025-10-26,Peoria Javelinas,True,True,825584,3,3,0,0,0,0,0,0,0,0,0,1,0,0,0,.192,.364,.269,.633,.000,2,0,0,0,0,0,0
2025,691405,Juan Benjamin,Surprise Saguaros,2025-10-30,Peoria Javelinas,False,False,825642,2,3,0,0,0,0,0,0,0,1,0,0,0,0,0,.179,.361,.250,.611,.000,1,1,0,0,0,0,0
2025,691405,Juan Benjamin,Surprise Saguaros,2025-11-01,Peoria Javelinas,True,True,825578,4,4,0,0,0,0,0,0,0,0,0,1,0,0,0,.156,.325,.219,.544,.000,1,2,0,0,0,2,0
2025,691405,Juan Benjamin,Surprise Saguaros,2025-11-04,Salt River Rafters,True,True,825579,5,5,0,0,0,0,0,0,1,0,0,2,0,0,0,.135,.289,.189,.478,.000,3,0,0,0,0,8,0
2025,691405,Juan Benjamin,Surprise Saguaros,2025-11-06,Salt River Rafters,False,True,825624,3,3,1,0,0,1,4,1,2,0,0,0,0,0,0,.150,.292,.275,.567,.000,1,1,0,0,0,1,0
2025,691405,Juan Benjamin,Surprise Saguaros,2025-11-07,Salt River Rafters,True,True,825576,4,4,0,0,0,0,0,1,0,0,0,1,0,0,0,.136,.269,.250,.519,.000,3,0,0,0,0,5,0
2025,691405,Juan Benjamin,Surprise Saguaros,2025-11-10,Peoria Javelinas,True,False,825575,2,2,1,0,0,0,1,0,1,0,0,0,0,0,0,.152,.278,.261,.539,.500,0,1,0,0,0,0,0
2025,694749,Dylan Campbell,Surprise Saguaros,2025-10-08,Glendale Desert Dogs,True,True,825591,4,5,2,1,0,1,6,1,1,1,0,1,0,0,1,.500,.600,1.500,2.100,.500,0,1,0,0,0,1,0
2025,694749,Dylan Campbell,Surprise Saguaros,2025-10-09,Peoria Javelinas,False,True,825652,2,4,0,0,0,0,0,1,1,1,0,0,0,0,0,.333,.444,1.000,1.444,.000,2,1,0,0,1,2,0
2025,694749,Dylan Campbell,Surprise Saguaros,2025-10-14,Mesa Solar Sox,False,False,825604,2,4,1,1,0,0,2,1,1,2,0,0,0,0,0,.375,.538,1.000,1.538,.500,1,0,0,0,0,0,0
2025,694749,Dylan Campbell,Surprise Saguaros,2025-10-15,Mesa Solar Sox,True,True,825589,3,4,2,0,0,0,2,2,0,1,0,0,0,1,0,.455,.588,.909,1.497,.667,0,1,0,0,0,0,0
2025,694749,Dylan Campbell,Surprise Saguaros,2025-10-16,Salt River Rafters,False,True,825633,4,5,0,0,0,0,0,0,0,1,0,3,0,0,0,.333,.500,.667,1.167,.000,0,1,0,0,0,3,0
2025,694749,Dylan Campbell,Surprise Saguaros,2025-10-18,Scottsdale Scorpions,False,False,825614,3,4,0,0,0,0,0,0,0,1,0,2,0,0,0,.278,.462,.556,1.018,.000,1,0,0,0,0,2,0
2025,694749,Dylan Campbell,Surprise Saguaros,2025-10-19,Scottsdale Scorpions,False,False,825615,3,3,1,0,0,1,4,1,1,0,0,1,0,0,0,.286,.448,.667,1.115,.000,1,0,1,0,0,1,0
2025,694749,Dylan Campbell,Surprise Saguaros,2025-10-21,Glendale Desert Dogs,True,True,825581,2,3,0,0,0,0,0,1,0,1,0,1,0,1,0,.261,.438,.609,1.047,.000,0,1,0,0,0,4,0
2025,694749,Dylan Campbell,Surprise Saguaros,2025-10-21,Glendale Desert Dogs,True,True,825664,2,3,0,0,0,0,0,0,0,1,0,2,0,0,0,.240,.429,.560,.989,.---,0,0,0,0,0,1,0
2025,694749,Dylan Campbell,Surprise Saguaros,2025-10-22,Scottsdale Scorpions,True,True,825586,4,4,1,0,0,1,4,1,2,0,0,2,0,0,0,.241,.410,.621,1.031,.000,0,1,0,0,0,1,0
2025,694749,Dylan Campbell,Surprise Saguaros,2025-10-25,Mesa Solar Sox,True,False,825585,4,5,0,0,0,0,0,0,1,0,0,1,0,0,0,.212,.364,.545,.909,.000,1,3,1,0,1,5,0
2025,694749,Dylan Campbell,Surprise Saguaros,2025-10-28,Scottsdale Scorpions,False,False,825613,3,4,1,0,0,0,1,0,0,1,0,0,0,1,0,.222,.375,.528,.903,.333,1,1,0,0,0,0,0
2025,694749,Dylan Campbell,Surprise Saguaros,2025-10-29,Scottsdale Scorpions,True,True,825583,3,3,1,1,0,0,2,1,1,0,0,0,0,0,0,.231,.373,.538,.911,.333,0,2,0,0,0,1,0
2025,694749,Dylan Campbell,Surprise Saguaros,2025-10-31,Mesa Solar Sox,True,False,825582,4,4,2,0,0,0,2,0,2,0,0,0,0,1,0,.256,.382,.535,.917,.500,1,1,0,0,0,1,0
2025,694749,Dylan Campbell,Surprise Saguaros,2025-11-02,Glendale Desert Dogs,False,True,825658,1,4,0,0,0,0,0,2,1,2,0,1,0,0,0,.250,.390,.523,.913,.000,0,1,0,0,1,2,0
2025,694749,Dylan Campbell,Surprise Saguaros,2025-11-05,Scottsdale Scorpions,True,False,825577,4,4,1,1,0,0,2,1,1,0,0,1,0,0,0,.250,.381,.521,.902,.333,2,0,0,0,0,1,0
2025,694749,Dylan Campbell,Surprise Saguaros,2025-11-07,Salt River Rafters,True,True,825576,2,4,0,0,0,0,0,1,2,1,0,1,0,0,0,.240,.373,.500,.873,.000,0,2,0,0,1,1,0
2025,694749,Dylan Campbell,Surprise Saguaros,2025-11-10,Peoria Javelinas,True,False,825575,3,3,2,0,0,0,2,0,0,0,0,1,0,0,0,.264,.386,.509,.895,1.000,0,0,0,0,0,0,0
2025,694749,Dylan Campbell,Surprise Saguaros,2025-11-11,Salt River Rafters,False,False,825617,3,4,3,0,1,1,8,1,2,1,0,0,0,0,0,.304,.419,.625,1.044,1.000,0,0,0,0,0,0,0
2025,701392,Marco Dinges,Surprise Saguaros,2025-10-07,Mesa Solar Sox,False,True,825607,4,5,2,1,0,0,3,1,1,0,0,1,0,0,0,.500,.400,.750,1.150,.500,0,2,0,0,1,1,0
2025,701392,Marco Dinges,Surprise Saguaros,2025-10-09,Peoria Javelinas,False,True,825652,4,4,0,0,0,0,0,0,0,0,0,2,0,0,0,.250,.222,.375,.597,.000,1,1,0,0,0,3,0
2025,702662,Dylan Dreiling,Surprise Saguaros,2025-10-08,Glendale Desert Dogs,True,True,825591,4,5,0,0,0,0,0,1,0,1,0,2,0,0,0,.000,.200,.000,.200,.000,0,2,0,0,0,2,0
2025,702662,Dylan Dreiling,Surprise Saguaros,2025-10-14,Mesa Solar Sox,False,False,825604,3,4,1,0,0,0,1,0,0,1,0,1,0,0,0,.143,.333,.143,.476,.500,0,1,0,0,0,1,0
2025,702662,Dylan Dreiling,Surprise Saguaros,2025-10-16,Salt River Rafters,False,True,825633,4,5,2,0,0,1,5,2,4,1,0,1,0,0,0,.273,.429,.545,.974,.500,1,0,0,0,0,2,0
2025,702662,Dylan Dreiling,Surprise Saguaros,2025-10-17,Glendale Desert Dogs,True,False,825587,4,4,1,0,0,0,1,0,0,0,0,1,0,0,0,.267,.389,.467,.856,.333,0,2,0,0,0,2,0
2025,702662,Dylan Dreiling,Surprise Saguaros,2025-10-19,Scottsdale Scorpions,False,False,825615,3,3,0,0,0,0,0,0,0,0,0,1,0,0,0,.222,.333,.389,.722,.000,0,2,0,0,0,0,0
2025,702662,Dylan Dreiling,Surprise Saguaros,2025-10-21,Glendale Desert Dogs,True,True,825664,2,3,1,0,0,0,1,0,1,1,0,0,0,1,0,.250,.375,.400,.775,.500,0,1,0,0,0,0,0
2025,702662,Dylan Dreiling,Surprise Saguaros,2025-10-23,Mesa Solar Sox,False,True,825600,5,5,1,0,0,0,1,1,1,0,0,2,0,1,0,.240,.345,.360,.705,.333,1,1,0,0,0,2,0
2025,702662,Dylan Dreiling,Surprise Saguaros,2025-10-26,Peoria Javelinas,True,True,825584,3,3,0,0,0,0,0,0,0,0,0,0,0,0,0,.214,.313,.321,.634,.000,1,2,0,0,0,0,0
2025,702662,Dylan Dreiling,Surprise Saguaros,2025-10-28,Scottsdale Scorpions,False,False,825613,4,4,0,0,0,0,0,0,0,0,0,2,0,0,0,.188,.278,.281,.559,.000,2,0,0,0,0,3,0
2025,702662,Dylan Dreiling,Surprise Saguaros,2025-10-30,Peoria Javelinas,False,False,825642,3,3,1,0,0,0,1,0,0,0,0,1,0,0,0,.200,.282,.286,.568,.500,1,0,0,0,0,1,0
2025,702662,Dylan Dreiling,Surprise Saguaros,2025-11-01,Peoria Javelinas,True,True,825578,4,4,2,1,0,0,3,0,0,0,0,0,0,0,0,.231,.302,.333,.635,.500,0,2,0,0,0,2,0
2025,702662,Dylan Dreiling,Surprise Saguaros,2025-11-04,Salt River Rafters,True,True,825579,3,5,2,0,1,0,4,3,2,2,0,0,0,0,0,.262,.354,.405,.759,.667,1,0,0,0,0,0,0
2025,702662,Dylan Dreiling,Surprise Saguaros,2025-11-06,Salt River Rafters,False,True,825624,3,3,0,0,0,0,0,0,0,0,0,2,0,0,0,.244,.333,.378,.711,.000,1,0,0,0,0,1,0
2025,702662,Dylan Dreiling,Surprise Saguaros,2025-11-11,Salt River Rafters,False,False,825617,3,4,2,0,1,0,4,0,0,1,0,1,0,0,0,.271,.364,.438,.802,1.000,0,0,0,0,0,3,0
2025,803015,Ben Hartl,Surprise Saguaros,2025-10-08,Glendale Desert Dogs,True,True,825591,4,5,1,1,0,0,2,1,1,0,0,3,1,0,0,.250,.400,.500,.900,1.000,0,0,0,0,0,3,0
2025,803015,Ben Hartl,Surprise Saguaros,2025-10-09,Peoria Javelinas,False,True,825652,1,1,0,0,0,0,0,0,0,0,0,1,0,0,0,.200,.333,.400,.733,.---,0,0,0,0,0,1,0
2025,803015,Ben Hartl,Surprise Saguaros,2025-10-16,Salt River Rafters,False,True,825633,3,5,0,0,0,0,0,1,1,0,0,2,1,0,0,.125,.273,.250,.523,.000,1,1,0,0,1,2,0
2025,803015,Ben Hartl,Surprise Saguaros,2025-10-19,Scottsdale Scorpions,False,False,825615,2,3,1,1,0,0,2,1,0,1,0,0,0,0,0,.200,.357,.400,.757,.500,0,1,0,0,0,0,0
2025,803015,Ben Hartl,Surprise Saguaros,2025-10-21,Glendale Desert Dogs,True,True,825664,2,3,0,0,0,0,0,0,0,0,0,0,1,0,0,.167,.353,.333,.686,.000,1,1,0,0,0,1,0
2025,803015,Ben Hartl,Surprise Saguaros,2025-10-31,Mesa Solar Sox,True,False,825582,2,3,0,0,0,0,0,1,0,0,0,1,1,0,0,.143,.350,.286,.636,.000,1,0,0,0,0,0,0
2025,803015,Ben Hartl,Surprise Saguaros,2025-11-02,Glendale Desert Dogs,False,True,825658,4,4,1,0,0,0,1,0,1,0,0,1,0,0,0,.167,.333,.278,.611,.333,2,0,1,0,0,4,0
2025,803015,Ben Hartl,Surprise Saguaros,2025-11-07,Salt River Rafters,True,True,825576,3,4,0,0,0,0,0,0,1,1,0,0,0,0,0,.143,.321,.238,.559,.000,1,2,0,0,0,2,0
2025,803015,Ben Hartl,Surprise Saguaros,2025-11-11,Salt River Rafters,False,False,825617,3,3,0,0,0,0,0,0,0,0,0,2,0,0,0,.125,.290,.208,.498,.000,0,1,0,0,0,5,0
2025,802407,Joe Lampe,Surprise Saguaros,2025-10-09,Peoria Javelinas,False,True,825652,2,3,1,0,0,0,1,1,0,1,0,1,0,0,0,.500,.667,.500,1.167,1.000,0,0,0,0,0,0,0
2025,802407,Joe Lampe,Surprise Saguaros,2025-10-16,Salt River Rafters,False,True,825633,2,5,1,0,0,0,1,3,0,3,0,1,0,0,0,.500,.750,.500,1.250,1.000,0,0,0,0,0,0,0
2025,802407,Joe Lampe,Surprise Saguaros,2025-10-17,Glendale Desert Dogs,True,False,825587,4,5,0,0,0,0,0,1,0,1,0,0,0,0,0,.250,.538,.250,.788,.000,4,0,0,0,0,1,0
2025,802407,Joe Lampe,Surprise Saguaros,2025-10-21,Glendale Desert Dogs,True,True,825581,3,3,3,0,0,0,3,2,0,0,0,0,0,2,0,.455,.625,.455,1.080,1.000,0,0,0,0,0,0,0
2025,802407,Joe Lampe,Surprise Saguaros,2025-10-21,Glendale Desert Dogs,True,True,825664,0,1,0,0,0,0,0,0,0,1,0,0,0,1,0,.455,.647,.455,1.102,.---,0,0,0,0,0,0,0
2025,802407,Joe Lampe,Surprise Saguaros,2025-10-22,Scottsdale Scorpions,True,True,825586,3,4,0,0,0,0,0,0,0,1,0,1,0,1,1,.357,.571,.357,.928,.000,0,2,0,0,0,1,0
2025,802407,Joe Lampe,Surprise Saguaros,2025-10-23,Mesa Solar Sox,False,True,825600,0,1,0,0,0,0,0,0,0,1,0,0,0,0,0,.357,.591,.357,.948,.---,0,0,0,0,0,0,0
2025,802407,Joe Lampe,Surprise Saguaros,2025-10-26,Peoria Javelinas,True,True,825584,4,4,2,0,1,1,7,2,2,0,0,0,0,0,0,.389,.577,.667,1.244,.333,2,0,0,0,0,0,0
2025,802407,Joe Lampe,Surprise Saguaros,2025-10-29,Scottsdale Scorpions,True,True,825583,3,4,1,0,0,0,1,2,1,1,0,1,0,1,0,.381,.567,.619,1.186,.500,1,0,0,0,0,2,0
2025,802407,Joe Lampe,Surprise Saguaros,2025-10-30,Peoria Javelinas,False,False,825642,0,0,0,0,0,0,0,0,0,0,0,0,0,0,0,.381,.567,.619,1.186,.---,0,0,0,0,0,0,0
2025,802407,Joe Lampe,Surprise Saguaros,2025-11-01,Peoria Javelinas,True,True,825578,3,4,1,0,0,0,1,2,0,1,0,1,0,1,0,.375,.559,.583,1.142,.500,0,1,0,0,0,0,0
2025,802407,Joe Lampe,Surprise Saguaros,2025-11-02,Glendale Desert Dogs,False,True,825658,4,4,1,0,0,0,1,1,0,0,0,1,0,1,0,.357,.526,.536,1.062,.333,1,1,0,0,0,0,0
2025,802407,Joe Lampe,Surprise Saguaros,2025-11-06,Salt River Rafters,False,True,825624,2,4,1,1,0,0,2,1,0,2,0,1,0,0,0,.367,.548,.567,1.115,1.000,0,0,0,0,0,0,0
2025,802407,Joe Lampe,Surprise Saguaros,2025-11-07,Salt River Rafters,True,True,825576,4,5,2,0,0,0,2,2,2,1,0,0,0,3,0,.382,.553,.559,1.112,.500,1,1,0,0,0,0,0
2025,802407,Joe Lampe,Surprise Saguaros,2025-11-11,Salt River Rafters,False,False,825617,4,4,1,0,1,0,3,0,0,0,0,2,0,0,0,.368,.529,.579,1.108,.500,0,1,0,0,0,2,0
2025,805810,Blake Mitchell,Surprise Saguaros,2025-10-07,Mesa Solar Sox,False,True,825607,4,5,2,0,0,0,2,1,2,1,0,0,0,0,0,.500,.600,.500,1.100,.500,0,2,0,0,0,2,0
2025,805810,Blake Mitchell,Surprise Saguaros,2025-10-08,Glendale Desert Dogs,True,True,825591,4,6,2,0,0,0,2,3,0,2,0,1,0,0,0,.500,.636,.500,1.136,.667,1,0,0,0,0,1,0
2025,805810,Blake Mitchell,Surprise Saguaros,2025-10-14,Mesa Solar Sox,False,False,825604,3,5,0,0,0,0,0,1,0,2,0,2,0,0,0,.364,.563,.364,.927,.000,0,1,0,0,0,3,0
2025,805810,Blake Mitchell,Surprise Saguaros,2025-10-15,Mesa Solar Sox,True,True,825589,2,4,0,0,0,0,0,1,0,2,0,0,0,0,0,.308,.550,.308,.858,.000,1,1,0,0,0,2,0
2025,805810,Blake Mitchell,Surprise Saguaros,2025-10-16,Salt River Rafters,False,True,825633,5,6,0,0,0,0,0,0,0,1,0,2,0,0,0,.222,.462,.222,.684,.000,1,2,0,0,0,2,0
2025,805810,Blake Mitchell,Surprise Saguaros,2025-10-17,Glendale Desert Dogs,True,False,825587,3,4,0,0,0,0,0,0,0,1,0,2,0,0,0,.190,.433,.190,.623,.000,0,1,0,0,0,1,0
2025,805810,Blake Mitchell,Surprise Saguaros,2025-10-18,Scottsdale Scorpions,False,False,825614,3,4,1,0,0,0,1,1,0,1,0,1,0,0,0,.208,.441,.208,.649,.500,0,1,0,0,0,1,0
2025,805810,Blake Mitchell,Surprise Saguaros,2025-10-21,Glendale Desert Dogs,True,True,825581,3,4,0,0,0,0,0,0,0,1,0,1,0,0,0,.185,.421,.185,.606,.000,1,1,0,0,0,3,0
2025,805810,Blake Mitchell,Surprise Saguaros,2025-10-21,Glendale Desert Dogs,True,True,825664,3,4,0,0,0,0,0,1,0,1,0,3,0,2,0,.167,.405,.167,.572,.---,0,0,0,0,0,3,0
2025,805810,Blake Mitchell,Surprise Saguaros,2025-10-23,Mesa Solar Sox,False,True,825600,4,5,2,0,0,1,5,2,3,1,0,2,0,0,0,.206,.426,.294,.720,1.000,0,0,0,0,0,1,0
2025,805810,Blake Mitchell,Surprise Saguaros,2025-10-25,Mesa Solar Sox,True,False,825585,2,5,0,0,0,0,0,4,0,3,0,0,0,0,0,.194,.442,.278,.720,.000,2,0,1,0,0,2,0
2025,805810,Blake Mitchell,Surprise Saguaros,2025-10-28,Scottsdale Scorpions,False,False,825613,3,4,0,0,0,0,0,1,0,0,0,2,1,0,0,.179,.429,.256,.685,.000,0,1,0,0,0,3,0
2025,805810,Blake Mitchell,Surprise Saguaros,2025-10-29,Scottsdale Scorpions,True,True,825583,3,3,1,0,0,0,1,0,0,0,0,1,0,0,0,.190,.424,.262,.686,.500,0,1,0,0,0,0,0
2025,805810,Blake Mitchell,Surprise Saguaros,2025-10-30,Peoria Javelinas,False,False,825642,4,4,1,0,0,0,1,0,0,0,0,2,0,0,0,.196,.413,.261,.674,.500,1,0,0,0,0,3,0
2025,805810,Blake Mitchell,Surprise Saguaros,2025-10-31,Mesa Solar Sox,True,False,825582,3,4,1,1,0,0,2,2,0,0,0,0,1,0,0,.204,.418,.286,.704,.333,0,2,0,0,0,3,0
2025,805810,Blake Mitchell,Surprise Saguaros,2025-11-02,Glendale Desert Dogs,False,True,825658,3,4,1,1,0,0,2,1,0,1,0,0,0,0,0,.212,.423,.308,.731,.333,0,2,0,0,0,2,0
2025,805810,Blake Mitchell,Surprise Saguaros,2025-11-04,Salt River Rafters,True,True,825579,4,5,2,0,0,0,2,0,0,1,0,1,0,0,0,.232,.434,.321,.755,.667,0,1,0,0,0,0,0
2025,805810,Blake Mitchell,Surprise Saguaros,2025-11-10,Peoria Javelinas,True,False,825575,2,3,0,0,0,0,0,1,0,1,0,1,0,0,0,.224,.430,.310,.740,.000,1,0,0,0,0,0,0
2025,805810,Blake Mitchell,Surprise Saguaros,2025-11-11,Salt River Rafters,False,False,825617,3,4,1,0,0,0,1,1,0,1,0,1,0,0,0,.230,.434,.311,.745,.500,0,1,0,0,0,1,0
2025,702270,Malcolm Moore,Surprise Saguaros,2025-10-08,Glendale Desert Dogs,True,True,825591,5,5,1,0,0,0,1,0,0,0,0,3,0,0,0,.200,.200,.200,.400,.500,0,1,0,0,0,7,0
2025,702270,Malcolm Moore,Surprise Saguaros,2025-10-09,Peoria Javelinas,False,True,825652,4,5,1,0,0,0,1,1,2,0,0,2,0,0,0,.222,.200,.222,.422,.333,1,1,0,0,1,1,0
2025,702270,Malcolm Moore,Surprise Saguaros,2025-10-14,Mesa Solar Sox,False,False,825604,3,4,1,0,0,0,1,0,0,0,0,2,1,0,0,.250,.286,.250,.536,1.000,0,0,0,0,0,0,0
2025,702270,Malcolm Moore,Surprise Saguaros,2025-10-15,Mesa Solar Sox,True,True,825589,3,4,2,2,0,0,4,1,3,0,0,1,1,0,0,.333,.389,.467,.856,1.000,0,0,0,0,0,0,0
2025,702270,Malcolm Moore,Surprise Saguaros,2025-10-16,Salt River Rafters,False,True,825633,4,5,0,0,0,0,0,1,0,1,0,3,0,0,0,.263,.348,.368,.716,.000,1,0,0,0,0,2,0
2025,702270,Malcolm Moore,Surprise Saguaros,2025-10-18,Scottsdale Scorpions,False,False,825614,4,4,0,0,0,0,0,0,0,0,0,2,0,0,0,.217,.296,.304,.600,.000,1,1,0,0,0,6,0
2025,702270,Malcolm Moore,Surprise Saguaros,2025-10-21,Glendale Desert Dogs,True,True,825581,3,3,2,0,0,0,2,2,0,0,0,0,0,0,0,.269,.333,.346,.679,.667,0,1,0,0,0,1,0
2025,702270,Malcolm Moore,Surprise Saguaros,2025-10-22,Scottsdale Scorpions,True,True,825586,4,4,0,0,0,0,0,0,0,0,0,0,0,0,0,.233,.294,.300,.594,.000,2,2,0,0,0,4,0
2025,702270,Malcolm Moore,Surprise Saguaros,2025-10-26,Peoria Javelinas,True,True,825584,3,3,0,0,0,0,0,0,0,0,0,1,0,0,0,.212,.270,.273,.543,.000,0,2,0,0,0,1,0
2025,702270,Malcolm Moore,Surprise Saguaros,2025-10-28,Scottsdale Scorpions,False,False,825613,3,4,1,0,0,0,1,0,0,0,0,1,1,0,0,.222,.293,.278,.571,.500,0,1,0,0,0,3,0
2025,702270,Malcolm Moore,Surprise Saguaros,2025-10-30,Peoria Javelinas,False,False,825642,3,4,0,0,0,0,0,0,0,1,0,1,0,0,0,.205,.289,.256,.545,.000,1,1,0,0,0,1,0
2025,702270,Malcolm Moore,Surprise Saguaros,2025-10-31,Mesa Solar Sox,True,False,825582,3,3,0,0,0,0,0,0,0,0,0,2,0,0,0,.190,.271,.238,.509,.000,0,1,0,0,0,2,0
2025,702270,Malcolm Moore,Surprise Saguaros,2025-11-01,Peoria Javelinas,True,True,825578,3,4,2,0,0,1,5,1,1,1,0,1,0,0,1,.222,.308,.333,.641,1.000,0,0,0,0,0,0,0
2025,702270,Malcolm Moore,Surprise Saguaros,2025-11-04,Salt River Rafters,True,True,825579,4,5,2,1,0,0,3,1,1,0,0,1,0,0,0,.245,.316,.367,.683,.500,0,2,0,0,1,2,0
2025,702270,Malcolm Moore,Surprise Saguaros,2025-11-05,Scottsdale Scorpions,True,False,825577,5,5,0,0,0,0,0,0,0,0,0,1,0,0,0,.222,.290,.333,.623,.000,1,3,0,0,0,8,0
2025,702270,Malcolm Moore,Surprise Saguaros,2025-11-06,Salt River Rafters,False,True,825624,4,4,1,1,0,0,2,1,1,0,0,1,0,0,0,.224,.288,.345,.633,.333,2,0,0,0,0,2,0
2025,702270,Malcolm Moore,Surprise Saguaros,2025-11-10,Peoria Javelinas,True,False,825575,3,3,0,0,0,0,0,0,0,0,0,0,0,0,0,.213,.275,.328,.603,.000,1,2,0,0,0,3,0
2025,807276,Dante Nori,Surprise Saguaros,2025-10-07,Mesa Solar Sox,False,True,825607,2,2,1,0,0,0,1,0,0,0,0,0,0,0,1,.500,.500,.500,1.000,.500,1,0,0,0,0,1,0
2025,807276,Dante Nori,Surprise Saguaros,2025-10-21,Glendale Desert Dogs,True,True,825664,1,3,0,0,0,0,0,1,0,2,0,0,0,0,0,.333,.600,.333,.933,.000,1,0,0,0,0,1,0
2025,807276,Dante Nori,Surprise Saguaros,2025-10-23,Mesa Solar Sox,False,True,825600,4,4,0,0,0,0,0,0,0,0,0,3,0,0,0,.143,.333,.143,.476,.000,1,0,0,0,0,3,0
2025,807276,Dante Nori,Surprise Saguaros,2025-10-25,Mesa Solar Sox,True,False,825585,5,5,3,0,0,0,3,1,2,0,0,1,0,0,0,.333,.429,.333,.762,.750,1,0,0,0,0,1,0
2025,807276,Dante Nori,Surprise Saguaros,2025-10-28,Scottsdale Scorpions,False,False,825613,3,4,0,0,0,0,0,0,0,1,0,1,0,0,0,.267,.389,.267,.656,.000,1,1,0,0,0,1,0
2025,807276,Dante Nori,Surprise Saguaros,2025-10-29,Scottsdale Scorpions,True,True,825583,2,3,1,0,0,0,1,1,0,1,0,0,0,1,0,.294,.429,.294,.723,.500,1,0,1,0,0,1,0
2025,807276,Dante Nori,Surprise Saguaros,2025-10-31,Mesa Solar Sox,True,False,825582,4,4,2,0,0,0,2,1,2,0,0,0,0,0,0,.333,.440,.333,.773,.500,2,0,0,0,0,0,0
2025,807276,Dante Nori,Surprise Saguaros,2025-11-02,Glendale Desert Dogs,False,True,825658,3,4,2,1,0,0,3,2,1,1,0,0,0,0,0,.375,.483,.417,.900,.667,0,1,0,0,0,0,0
2025,807276,Dante Nori,Surprise Saguaros,2025-11-05,Scottsdale Scorpions,True,False,825577,4,4,1,1,0,0,2,1,0,0,0,1,0,0,0,.357,.455,.429,.884,.333,1,1,0,0,0,2,0
2025,807276,Dante Nori,Surprise Saguaros,2025-11-06,Salt River Rafters,False,True,825624,4,4,2,0,0,1,5,1,2,0,0,0,0,1,0,.375,.459,.531,.990,.333,0,2,0,0,0,1,0
2025,807276,Dante Nori,Surprise Saguaros,2025-11-10,Peoria Javelinas,True,False,825575,3,3,0,0,0,0,0,0,0,0,0,1,0,0,0,.343,.425,.486,.911,.000,1,1,0,0,0,0,0
2025,807276,Dante Nori,Surprise Saguaros,2025-11-11,Salt River Rafters,False,False,825617,4,4,0,0,0,0,0,0,0,0,0,0,0,0,0,.308,.386,.436,.822,.000,1,3,0,0,0,5,0
2025,802506,Dylan O'Rae,Surprise Saguaros,2025-10-08,Glendale Desert Dogs,True,True,825591,1,1,1,0,0,0,1,0,2,0,0,0,0,0,0,1.000,1.000,1.000,2.000,1.000,0,0,0,0,0,0,0
2025,802506,Dylan O'Rae,Surprise Saguaros,2025-10-09,Peoria Javelinas,False,True,825652,4,4,1,1,0,0,2,0,1,0,0,1,0,0,0,.400,.400,.600,1.000,.333,1,1,0,0,0,1,0
2025,802506,Dylan O'Rae,Surprise Saguaros,2025-10-15,Mesa Solar Sox,True,True,825589,3,4,0,0,0,0,0,0,0,1,0,1,0,0,1,.250,.333,.375,.708,.000,2,0,0,0,0,0,0
2025,802506,Dylan O'Rae,Surprise Saguaros,2025-10-17,Glendale Desert Dogs,True,False,825587,4,4,0,0,0,0,0,0,0,0,0,3,0,0,0,.167,.231,.250,.481,.000,0,1,0,0,0,3,0
2025,802506,Dylan O'Rae,Surprise Saguaros,2025-10-19,Scottsdale Scorpions,False,False,825615,3,3,1,0,0,0,1,1,0,0,0,2,0,0,0,.200,.250,.267,.517,1.000,0,0,0,0,0,2,0
2025,802506,Dylan O'Rae,Surprise Saguaros,2025-10-21,Glendale Desert Dogs,True,True,825664,2,3,1,0,0,0,1,0,0,1,0,0,0,2,0,.235,.316,.294,.610,.500,1,0,0,0,0,0,0
2025,802506,Dylan O'Rae,Surprise Saguaros,2025-10-22,Scottsdale Scorpions,True,True,825586,4,4,3,1,0,0,4,2,0,0,0,0,0,1,0,.333,.391,.429,.820,.750,1,0,0,0,0,1,0
2025,802506,Dylan O'Rae,Surprise Saguaros,2025-10-23,Mesa Solar Sox,False,True,825600,5,5,2,1,0,0,3,0,2,0,0,1,0,0,0,.346,.393,.462,.855,.500,1,1,0,0,0,2,0
2025,802506,Dylan O'Rae,Surprise Saguaros,2025-10-26,Peoria Javelinas,True,True,825584,2,3,0,0,0,0,0,1,0,1,0,1,0,1,0,.321,.387,.429,.816,.000,1,0,0,0,0,0,0
2025,802506,Dylan O'Rae,Surprise Saguaros,2025-10-29,Scottsdale Scorpions,True,True,825583,3,3,2,1,0,0,3,2,1,0,0,1,0,0,0,.355,.412,.484,.896,1.000,0,0,0,0,0,1,0
2025,802506,Dylan O'Rae,Surprise Saguaros,2025-10-30,Peoria Javelinas,False,False,825642,4,4,0,0,0,0,0,0,0,0,0,2,0,0,0,.314,.368,.429,.797,.000,2,0,0,0,0,2,0
2025,802506,Dylan O'Rae,Surprise Saguaros,2025-10-31,Mesa Solar Sox,True,False,825582,1,3,0,0,0,0,0,2,1,1,0,0,1,1,0,.306,.390,.417,.807,.000,1,0,0,0,0,1,0
2025,802506,Dylan O'Rae,Surprise Saguaros,2025-11-02,Glendale Desert Dogs,False,True,825658,4,4,1,0,0,0,1,0,2,0,0,3,0,0,0,.300,.378,.400,.778,1.000,0,0,0,0,0,1,0
2025,802506,Dylan O'Rae,Surprise Saguaros,2025-11-05,Scottsdale Scorpions,True,False,825577,3,4,1,0,0,0,1,1,0,1,0,0,0,1,0,.302,.388,.395,.783,.333,2,0,0,0,0,1,0
2025,702550,Chandler Pollard,Surprise Saguaros,2025-10-16,Salt River Rafters,False,True,825633,5,5,3,0,0,0,3,3,1,0,0,0,0,0,0,.600,.600,.600,1.200,.600,1,1,0,0,0,1,0
2025,702550,Chandler Pollard,Surprise Saguaros,2025-10-18,Scottsdale Scorpions,False,False,825614,2,3,0,0,0,0,0,0,0,0,0,1,1,1,0,.429,.500,.429,.929,.000,1,0,0,0,0,1,0
2025,702550,Chandler Pollard,Surprise Saguaros,2025-10-21,Glendale Desert Dogs,True,True,825664,3,3,0,0,0,0,0,0,0,0,0,1,0,1,0,.300,.364,.300,.664,.000,0,2,0,0,0,3,0
2025,702550,Chandler Pollard,Surprise Saguaros,2025-10-23,Mesa Solar Sox,False,True,825600,4,5,2,1,0,0,3,1,0,1,0,2,0,0,0,.357,.438,.429,.867,1.000,0,0,0,0,0,0,0
2025,702550,Chandler Pollard,Surprise Saguaros,2025-10-25,Mesa Solar Sox,True,False,825585,4,5,0,0,0,0,0,0,0,1,0,1,0,1,0,.278,.381,.333,.714,.000,1,2,0,0,0,3,0
2025,702550,Chandler Pollard,Surprise Saguaros,2025-10-28,Scottsdale Scorpions,False,False,825613,3,4,0,0,0,0,0,1,0,1,0,2,0,0,0,.238,.360,.286,.646,.000,1,0,1,0,0,1,0
2025,702550,Chandler Pollard,Surprise Saguaros,2025-10-29,Scottsdale Scorpions,True,True,825583,1,3,1,0,0,0,1,2,1,1,0,0,1,1,0,.273,.429,.318,.747,1.000,0,0,0,0,0,0,0
2025,702550,Chandler Pollard,Surprise Saguaros,2025-11-01,Peoria Javelinas,True,True,825578,3,3,0,0,0,0,0,0,0,0,0,2,0,0,0,.240,.387,.280,.667,.000,1,0,0,0,0,0,0
2025,702550,Chandler Pollard,Surprise Saguaros,2025-11-04,Salt River Rafters,True,True,825579,3,6,2,0,0,0,2,2,1,3,0,0,0,2,0,.286,.459,.321,.780,.667,0,1,0,0,0,0,0
2025,702550,Chandler Pollard,Surprise Saguaros,2025-11-06,Salt River Rafters,False,True,825624,3,4,1,0,0,0,1,1,0,1,0,0,0,1,0,.290,.463,.323,.786,.333,2,0,1,0,0,2,0
2025,702550,Chandler Pollard,Surprise Saguaros,2025-11-07,Salt River Rafters,True,True,825576,4,5,0,0,0,0,0,1,0,1,0,1,0,1,0,.257,.435,.286,.721,.000,2,1,0,0,0,3,0
2025,702550,Chandler Pollard,Surprise Saguaros,2025-11-11,Salt River Rafters,False,False,825617,3,4,2,1,0,0,3,0,0,1,0,1,0,0,1,.289,.460,.342,.802,1.000,0,0,0,0,0,0,0
2025,804858,Bryan Rincon,Surprise Saguaros,2025-10-09,Peoria Javelinas,False,True,825652,4,4,0,0,0,0,0,0,0,0,0,1,0,0,0,.000,.000,.000,.000,.000,2,1,0,0,0,3,0
2025,804858,Bryan Rincon,Surprise Saguaros,2025-10-15,Mesa Solar Sox,True,True,825589,4,4,0,0,0,0,0,0,0,0,0,0,0,0,0,.000,.000,.000,.000,.000,3,1,0,0,0,1,0
2025,804858,Bryan Rincon,Surprise Saguaros,2025-10-17,Glendale Desert Dogs,True,False,825587,3,4,0,0,0,0,0,0,0,1,0,2,0,0,0,.000,.083,.000,.083,.000,0,1,0,0,0,3,0
2025,804858,Bryan Rincon,Surprise Saguaros,2025-10-19,Scottsdale Scorpions,False,False,825615,2,3,0,0,0,0,0,0,0,1,0,2,0,0,0,.000,.133,.000,.133,.---,0,0,0,0,0,0,0
2025,804858,Bryan Rincon,Surprise Saguaros,2025-10-21,Glendale Desert Dogs,True,True,825664,3,4,1,0,0,1,4,2,2,1,0,1,0,1,0,.063,.211,.250,.461,.000,0,1,0,0,0,3,0
2025,804858,Bryan Rincon,Surprise Saguaros,2025-10-23,Mesa Solar Sox,False,True,825600,5,5,1,0,0,0,1,0,1,0,0,2,0,1,0,.095,.208,.238,.446,.333,0,2,0,0,0,3,0
2025,804858,Bryan Rincon,Surprise Saguaros,2025-10-26,Peoria Javelinas,True,True,825584,3,3,0,0,0,0,0,0,0,0,0,0,0,0,0,.083,.185,.208,.393,.000,1,2,0,0,0,0,0
2025,804858,Bryan Rincon,Surprise Saguaros,2025-10-29,Scottsdale Scorpions,True,True,825583,3,4,1,0,0,0,1,0,2,1,0,1,0,0,0,.111,.226,.222,.448,.500,1,0,0,0,0,2,0
2025,804858,Bryan Rincon,Surprise Saguaros,2025-10-30,Peoria Javelinas,False,False,825642,3,4,0,0,0,0,0,0,0,1,0,1,0,0,1,.100,.229,.200,.429,.000,1,1,1,0,0,2,0
2025,804858,Bryan Rincon,Surprise Saguaros,2025-11-01,Peoria Javelinas,True,True,825578,4,4,0,0,0,0,0,0,0,0,0,2,0,0,0,.088,.205,.176,.381,.000,2,0,0,0,0,3,0
2025,804858,Bryan Rincon,Surprise Saguaros,2025-11-04,Salt River Rafters,True,True,825579,3,5,0,0,0,0,0,3,1,2,0,1,0,2,0,.081,.227,.162,.389,.000,2,0,0,0,0,5,0
2025,804858,Bryan Rincon,Surprise Saguaros,2025-11-06,Salt River Rafters,False,True,825624,3,3,0,0,0,0,0,0,0,0,0,0,0,0,0,.075,.213,.150,.363,.000,0,3,0,0,0,1,0
2025,804858,Bryan Rincon,Surprise Saguaros,2025-11-10,Peoria Javelinas,True,False,825575,2,2,0,0,0,0,0,0,0,0,0,1,0,0,0,.071,.204,.143,.347,.000,0,1,0,0,0,2,0
2025,804858,Bryan Rincon,Surprise Saguaros,2025-11-11,Salt River Rafters,False,False,825617,2,3,0,0,0,0,0,0,0,1,0,1,0,0,0,.068,.212,.136,.348,.000,0,1,0,0,0,3,0
2025,811287,Carson Roccaforte,Surprise Saguaros,2025-10-07,Mesa Solar Sox,False,True,825607,5,5,1,1,0,0,2,1,0,0,0,2,0,0,0,.200,.200,.400,.600,.333,0,2,0,0,0,1,0
2025,811287,Carson Roccaforte,Surprise Saguaros,2025-10-08,Glendale Desert Dogs,True,True,825591,4,6,1,1,0,0,2,1,0,2,0,1,0,0,0,.222,.364,.444,.808,.333,1,1,0,0,0,1,0
2025,811287,Carson Roccaforte,Surprise Saguaros,2025-10-14,Mesa Solar Sox,False,False,825604,3,5,1,0,0,0,1,0,1,2,0,1,0,0,0,.250,.438,.417,.855,.500,0,1,0,0,0,1,0
2025,811287,Carson Roccaforte,Surprise Saguaros,2025-10-15,Mesa Solar Sox,True,True,825589,4,5,1,0,0,0,1,1,0,0,0,1,1,1,0,.250,.429,.375,.804,.333,1,1,0,0,0,0,0
2025,811287,Carson Roccaforte,Surprise Saguaros,2025-10-16,Salt River Rafters,False,True,825633,3,6,0,0,0,0,0,1,1,3,0,2,0,1,0,.211,.444,.316,.760,.000,0,1,0,0,0,3,0
2025,811287,Carson Roccaforte,Surprise Saguaros,2025-10-18,Scottsdale Scorpions,False,False,825614,4,4,2,1,0,0,3,0,2,0,0,0,0,1,0,.261,.452,.391,.843,.500,1,1,1,0,0,2,0
2025,811287,Carson Roccaforte,Surprise Saguaros,2025-10-19,Scottsdale Scorpions,False,False,825615,4,4,1,1,0,0,2,0,1,0,0,2,0,0,0,.259,.429,.407,.836,.500,1,0,0,0,0,2,0
2025,811287,Carson Roccaforte,Surprise Saguaros,2025-10-21,Glendale Desert Dogs,True,True,825581,2,4,1,0,0,0,1,0,3,1,0,1,0,1,0,.276,.436,.414,.850,.500,0,1,0,0,1,0,0
2025,811287,Carson Roccaforte,Surprise Saguaros,2025-10-22,Scottsdale Scorpions,True,True,825586,5,5,2,1,0,0,3,1,2,0,0,1,0,1,0,.294,.432,.441,.873,.500,0,2,0,0,0,1,0
2025,811287,Carson Roccaforte,Surprise Saguaros,2025-10-25,Mesa Solar Sox,True,False,825585,4,6,0,0,0,0,0,1,0,2,0,3,0,0,0,.263,.420,.395,.815,.000,0,1,0,0,0,2,0
2025,811287,Carson Roccaforte,Surprise Saguaros,2025-10-28,Scottsdale Scorpions,False,False,825613,3,5,1,1,0,0,2,0,3,2,0,2,0,0,1,.268,.436,.415,.851,1.000,0,0,0,0,0,0,0
2025,811287,Carson Roccaforte,Surprise Saguaros,2025-10-30,Peoria Javelinas,False,False,825642,4,4,1,0,0,0,1,0,0,0,0,1,0,0,0,.267,.424,.400,.824,.333,1,1,0,0,0,2,0
2025,811287,Carson Roccaforte,Surprise Saguaros,2025-10-31,Mesa Solar Sox,True,False,825582,4,4,0,0,0,0,0,0,0,0,0,3,0,0,0,.245,.397,.367,.764,.000,0,1,0,0,0,4,0
2025,811287,Carson Roccaforte,Surprise Saguaros,2025-11-02,Glendale Desert Dogs,False,True,825658,4,4,2,1,0,0,3,1,1,0,0,1,0,1,0,.264,.403,.396,.799,.667,1,0,0,0,0,0,0
2025,811287,Carson Roccaforte,Surprise Saguaros,2025-11-05,Scottsdale Scorpions,True,False,825577,5,5,3,1,0,0,4,0,1,0,0,1,0,1,1,.293,.417,.431,.848,.750,0,1,0,0,0,1,0
2025,811287,Carson Roccaforte,Surprise Saguaros,2025-11-06,Salt River Rafters,False,True,825624,3,4,1,0,0,1,4,1,2,0,0,1,0,0,0,.295,.408,.475,.883,.000,1,1,0,0,1,3,0
2025,811287,Carson Roccaforte,Surprise Saguaros,2025-11-07,Salt River Rafters,True,True,825576,4,5,1,0,0,1,4,1,1,1,0,2,0,0,0,.292,.407,.508,.915,.000,1,0,0,0,0,3,0
2025,811287,Carson Roccaforte,Surprise Saguaros,2025-11-10,Peoria Javelinas,True,False,825575,3,3,0,0,0,0,0,0,0,0,0,3,0,0,0,.279,.393,.485,.878,.---,0,0,0,0,0,0,0
2025,806210,Alfonsin Rosario,Surprise Saguaros,2025-10-23,Mesa Solar Sox,False,True,825600,3,5,0,0,0,0,0,1,0,1,0,1,1,0,0,.000,.400,.000,.400,.000,2,0,0,0,0,4,0
2025,806210,Alfonsin Rosario,Surprise Saguaros,2025-10-25,Mesa Solar Sox,True,False,825585,4,5,1,0,0,0,1,1,1,1,0,0,0,0,0,.143,.400,.143,.543,.250,1,2,0,0,0,3,0
2025,806210,Alfonsin Rosario,Surprise Saguaros,2025-10-26,Peoria Javelinas,True,True,825584,4,4,0,0,0,0,0,0,0,0,0,2,0,0,0,.091,.286,.091,.377,.000,2,0,1,0,0,5,0
2025,806210,Alfonsin Rosario,Surprise Saguaros,2025-10-29,Scottsdale Scorpions,True,True,825583,4,4,0,0,0,0,0,0,0,0,0,0,0,0,0,.067,.222,.067,.289,.000,1,3,0,0,0,3,0
2025,806210,Alfonsin Rosario,Surprise Saguaros,2025-10-30,Peoria Javelinas,False,False,825642,3,4,1,0,0,0,1,0,0,1,0,0,0,1,0,.111,.273,.111,.384,.333,0,2,0,0,0,0,0
2025,806210,Alfonsin Rosario,Surprise Saguaros,2025-11-01,Peoria Javelinas,True,True,825578,4,4,0,0,0,0,0,0,0,0,0,3,0,0,0,.091,.231,.091,.322,.000,1,0,1,0,0,3,0
2025,806210,Alfonsin Rosario,Surprise Saguaros,2025-11-04,Salt River Rafters,True,True,825579,3,5,1,0,0,0,1,3,1,2,0,1,0,1,0,.120,.290,.120,.410,.500,0,1,0,0,0,1,0
2025,806210,Alfonsin Rosario,Surprise Saguaros,2025-11-05,Scottsdale Scorpions,True,False,825577,4,4,1,0,0,0,1,0,0,0,0,2,0,0,1,.138,.286,.138,.424,.500,1,0,0,0,0,0,0
2025,806210,Alfonsin Rosario,Surprise Saguaros,2025-11-07,Salt River Rafters,True,True,825576,4,5,0,0,0,0,0,0,0,1,0,4,0,0,0,.121,.275,.121,.396,.---,0,0,0,0,0,6,0
2025,806210,Alfonsin Rosario,Surprise Saguaros,2025-11-11,Salt River Rafters,False,False,825617,4,4,0,0,0,0,0,0,0,0,0,2,0,0,0,.108,.250,.108,.358,.000,0,2,0,0,0,3,0
2025,694187,Daniel Vazquez,Surprise Saguaros,2025-10-07,Mesa Solar Sox,False,True,825607,3,4,1,0,0,0,1,0,2,1,0,0,0,0,0,.333,.500,.333,.833,.333,2,0,0,0,0,2,0
2025,694187,Daniel Vazquez,Surprise Saguaros,2025-10-08,Glendale Desert Dogs,True,True,825591,5,6,2,1,0,0,3,1,0,1,0,2,0,1,0,.375,.500,.500,1.000,.667,0,1,0,0,0,4,0
2025,694187,Daniel Vazquez,Surprise Saguaros,2025-10-14,Mesa Solar Sox,False,False,825604,3,4,0,0,0,0,0,0,0,1,0,2,0,0,1,.273,.429,.364,.793,.000,1,0,1,0,0,3,0
2025,694187,Daniel Vazquez,Surprise Saguaros,2025-10-15,Mesa Solar Sox,True,True,825589,3,4,1,0,0,0,1,0,0,1,0,0,0,0,0,.286,.444,.357,.801,.333,1,1,0,0,0,4,0
2025,694187,Daniel Vazquez,Surprise Saguaros,2025-10-16,Salt River Rafters,False,True,825633,6,6,3,0,0,1,6,1,4,0,0,1,0,0,0,.350,.458,.550,1.008,.500,1,1,0,0,0,1,0
2025,694187,Daniel Vazquez,Surprise Saguaros,2025-10-17,Glendale Desert Dogs,True,False,825587,3,4,0,0,0,0,0,0,0,1,0,3,0,0,0,.304,.429,.478,.907,.---,0,0,0,0,0,1,0
2025,694187,Daniel Vazquez,Surprise Saguaros,2025-10-18,Scottsdale Scorpions,False,False,825614,2,3,1,1,0,0,2,1,1,1,0,0,0,0,0,.320,.452,.520,.972,.500,1,0,0,0,0,1,0
2025,694187,Daniel Vazquez,Surprise Saguaros,2025-10-19,Scottsdale Scorpions,False,False,825615,4,4,1,0,0,0,1,0,1,0,0,0,0,0,0,.310,.429,.483,.912,.250,3,0,0,0,0,0,0
2025,694187,Daniel Vazquez,Surprise Saguaros,2025-10-21,Glendale Desert Dogs,True,True,825581,4,4,1,0,0,0,1,0,2,0,0,1,0,1,0,.303,.410,.455,.865,.333,1,1,0,0,0,2,0
2025,694187,Daniel Vazquez,Surprise Saguaros,2025-10-22,Scottsdale Scorpions,True,True,825586,5,5,3,0,0,0,3,2,1,0,0,2,0,1,0,.342,.432,.474,.906,1.000,0,0,0,0,0,2,0
2025,694187,Daniel Vazquez,Surprise Saguaros,2025-10-23,Mesa Solar Sox,False,True,825600,4,5,2,0,0,0,2,2,0,1,0,1,0,2,0,.357,.449,.476,.925,.667,0,1,0,0,0,3,0
2025,694187,Daniel Vazquez,Surprise Saguaros,2025-10-25,Mesa Solar Sox,True,False,825585,4,6,1,0,0,0,1,1,0,2,0,1,0,0,1,.348,.455,.457,.912,.333,2,0,0,0,0,2,0
2025,694187,Daniel Vazquez,Surprise Saguaros,2025-10-26,Peoria Javelinas,True,True,825584,4,4,2,0,0,0,2,0,1,0,0,1,0,1,0,.360,.458,.460,.918,.667,1,0,0,0,0,0,0
2025,694187,Daniel Vazquez,Surprise Saguaros,2025-10-28,Scottsdale Scorpions,False,False,825613,4,5,0,0,0,0,0,0,0,1,0,2,0,0,0,.333,.438,.426,.864,.000,0,2,0,0,0,2,0
2025,694187,Daniel Vazquez,Surprise Saguaros,2025-10-30,Peoria Javelinas,False,False,825642,3,4,0,0,0,0,0,0,0,1,0,1,0,1,0,.316,.426,.404,.830,.000,2,0,0,0,0,1,0
2025,694187,Daniel Vazquez,Surprise Saguaros,2025-10-31,Mesa Solar Sox,True,False,825582,2,3,0,0,0,0,0,1,0,1,0,0,0,0,0,.305,.423,.390,.813,.000,2,0,1,0,0,1,0
2025,694187,Daniel Vazquez,Surprise Saguaros,2025-11-01,Peoria Javelinas,True,True,825578,3,4,1,0,0,1,4,3,2,1,0,0,0,1,0,.306,.427,.435,.862,.000,2,0,0,0,0,1,0
2025,694187,Daniel Vazquez,Surprise Saguaros,2025-11-02,Glendale Desert Dogs,False,True,825658,3,4,2,1,0,0,3,1,0,1,0,1,0,1,0,.323,.443,.462,.905,1.000,0,0,0,0,0,1,0
2025,694187,Daniel Vazquez,Surprise Saguaros,2025-11-04,Salt River Rafters,True,True,825579,6,6,2,1,0,0,3,0,3,0,0,1,0,1,0,.324,.435,.465,.900,.400,3,0,0,0,0,5,0
2025,694187,Daniel Vazquez,Surprise Saguaros,2025-11-05,Scottsdale Scorpions,True,False,825577,2,5,1,0,0,0,1,0,1,3,0,0,0,0,0,.329,.456,.466,.922,.500,1,0,0,0,0,0,0
2025,694187,Daniel Vazquez,Surprise Saguaros,2025-11-07,Salt River Rafters,True,True,825576,3,5,2,1,0,0,3,1,3,2,0,0,0,1,0,.342,.474,.487,.961,.667,0,1,0,0,0,1,0
2025,694187,Daniel Vazquez,Surprise Saguaros,2025-11-10,Peoria Javelinas,True,False,825575,3,3,0,0,0,0,0,0,0,0,0,1,0,0,0,.329,.459,.468,.927,.000,2,0,0,0,0,0,0
2025,806964,Sebastian Walcott,Surprise Saguaros,2025-10-07,Mesa Solar Sox,False,True,825607,4,5,2,1,0,0,3,2,0,1,0,1,0,0,0,.500,.600,.750,1.350,.667,0,1,0,0,0,1,0
2025,694757,Maui Ahuna,Scottsdale Scorpions,2025-10-08,Salt River Rafters,True,True,825619,5,5,2,0,0,0,2,1,1,0,0,1,0,0,0,.400,.400,.400,.800,.500,2,0,0,0,0,4,0
2025,694757,Maui Ahuna,Scottsdale Scorpions,2025-10-10,Mesa Solar Sox,True,True,825620,4,4,2,0,0,0,2,1,2,0,0,1,0,0,0,.444,.444,.444,.888,.667,1,0,0,0,0,1,0
2025,694757,Maui Ahuna,Scottsdale Scorpions,2025-10-14,Peoria Javelinas,False,True,825649,3,5,0,0,0,0,0,1,0,2,0,1,0,1,0,.333,.429,.333,.762,.000,2,0,0,0,0,0,0
2025,694757,Maui Ahuna,Scottsdale Scorpions,2025-10-16,Glendale Desert Dogs,True,True,825621,4,4,0,0,0,0,0,0,0,0,0,3,0,0,0,.250,.333,.250,.583,.000,0,1,0,0,0,3,0
2025,694757,Maui Ahuna,Scottsdale Scorpions,2025-10-19,Surprise Saguaros,True,True,825615,4,5,1,1,0,0,2,2,2,1,0,2,0,0,0,.250,.348,.300,.648,.500,1,0,0,0,0,2,0
2025,694757,Maui Ahuna,Scottsdale Scorpions,2025-10-21,Peoria Javelinas,False,False,825616,3,4,0,0,0,0,0,1,0,1,0,2,0,0,0,.217,.333,.261,.594,.000,0,1,0,0,0,3,0
2025,694757,Maui Ahuna,Scottsdale Scorpions,2025-10-22,Surprise Saguaros,False,False,825586,4,4,1,0,0,0,1,0,0,0,0,2,0,0,0,.222,.323,.259,.582,.500,1,0,0,0,0,2,0
2025,694757,Maui Ahuna,Scottsdale Scorpions,2025-10-24,Salt River Rafters,False,True,825629,6,6,1,0,0,0,1,0,0,0,0,3,0,1,0,.212,.297,.242,.539,.333,2,0,0,0,0,8,0
2025,694757,Maui Ahuna,Scottsdale Scorpions,2025-10-28,Surprise Saguaros,True,True,825613,4,4,0,0,0,0,0,0,0,0,0,1,0,0,0,.189,.268,.216,.484,.000,2,1,0,0,0,3,0
2025,694757,Maui Ahuna,Scottsdale Scorpions,2025-11-06,Mesa Solar Sox,False,True,825593,3,4,1,1,0,0,2,1,0,0,0,1,1,0,0,.200,.289,.250,.539,.500,1,0,0,0,0,1,0
2025,694757,Maui Ahuna,Scottsdale Scorpions,2025-11-10,Salt River Rafters,False,False,825623,3,4,2,0,0,0,2,1,0,1,0,1,0,0,0,.233,.327,.279,.606,1.000,0,0,0,0,0,0,0
2025,801194,Max Anderson,Scottsdale Scorpions,2025-10-06,Peoria Javelinas,True,False,825618,3,4,1,0,0,0,1,1,0,1,0,2,0,0,0,.333,.500,.333,.833,1.000,0,0,0,0,0,2,0
2025,801194,Max Anderson,Scottsdale Scorpions,2025-10-09,Glendale Desert Dogs,False,False,825666,4,6,3,3,0,0,6,2,2,2,0,0,0,0,0,.571,.700,1.000,1.700,.750,1,0,1,0,0,2,0
2025,801194,Max Anderson,Scottsdale Scorpions,2025-10-14,Peoria Javelinas,False,True,825649,3,5,1,0,0,1,4,2,2,2,0,1,0,0,0,.500,.667,1.100,1.767,.000,1,0,0,0,0,0,0
2025,801194,Max Anderson,Scottsdale Scorpions,2025-10-17,Mesa Solar Sox,False,True,825595,4,5,3,0,0,1,6,2,2,0,0,1,1,0,0,.571,.700,1.214,1.914,1.000,0,0,0,0,0,2,0
2025,801194,Max Anderson,Scottsdale Scorpions,2025-10-19,Surprise Saguaros,True,True,825615,2,5,1,0,0,1,4,2,1,3,0,0,0,1,0,.563,.720,1.313,2.033,.000,1,0,1,0,0,2,0
2025,801194,Max Anderson,Scottsdale Scorpions,2025-10-21,Peoria Javelinas,False,True,825646,2,4,0,0,0,0,0,0,0,2,0,1,0,0,0,.500,.690,1.167,1.857,.000,0,1,0,0,0,2,0
2025,801194,Max Anderson,Scottsdale Scorpions,2025-10-23,Peoria Javelinas,False,True,825638,4,5,2,1,0,0,3,2,1,1,0,2,0,0,0,.500,.676,1.091,1.767,1.000,0,0,0,0,0,4,0
2025,801194,Max Anderson,Scottsdale Scorpions,2025-10-24,Salt River Rafters,False,True,825629,3,6,2,0,0,0,2,0,0,2,0,0,1,0,0,.520,.700,1.040,1.740,.667,1,0,0,0,0,0,0
2025,801194,Max Anderson,Scottsdale Scorpions,2025-10-28,Surprise Saguaros,True,True,825613,4,4,2,0,0,1,5,1,2,0,0,0,0,0,0,.517,.682,1.069,1.751,.333,1,1,0,0,0,1,0
2025,801194,Max Anderson,Scottsdale Scorpions,2025-10-30,Glendale Desert Dogs,True,True,825612,4,5,2,0,0,0,2,2,1,0,0,1,1,0,0,.515,.673,1.000,1.673,.667,1,0,0,0,0,2,0
2025,801194,Max Anderson,Scottsdale Scorpions,2025-11-01,Salt River Rafters,True,True,825611,4,5,1,0,0,0,1,1,0,1,0,1,0,0,0,.486,.648,.919,1.567,.333,2,0,0,0,0,3,0
2025,801194,Max Anderson,Scottsdale Scorpions,2025-11-04,Mesa Solar Sox,False,False,825596,4,6,2,1,0,0,3,4,0,2,0,0,0,0,0,.488,.650,.902,1.552,.500,1,1,1,0,0,1,0
2025,801194,Max Anderson,Scottsdale Scorpions,2025-11-06,Mesa Solar Sox,False,True,825593,2,5,0,0,0,0,0,1,1,2,0,0,0,0,0,.465,.631,.860,1.491,.000,0,3,0,0,1,1,0
2025,801194,Max Anderson,Scottsdale Scorpions,2025-11-10,Salt River Rafters,False,False,825623,4,4,1,0,0,0,1,0,1,0,0,0,0,0,0,.447,.609,.809,1.418,.250,2,1,0,0,0,3,0
2025,700083,John Bay,Scottsdale Scorpions,2025-11-04,Mesa Solar Sox,False,False,825596,3,5,0,0,0,0,0,2,0,1,0,2,1,0,0,.000,.400,.000,.400,.000,1,0,0,0,0,1,0
2025,700083,John Bay,Scottsdale Scorpions,2025-11-07,Glendale Desert Dogs,False,False,825655,4,4,0,0,0,0,0,0,0,0,0,1,0,0,0,.000,.222,.000,.222,.000,1,2,0,0,0,2,0
2025,700083,John Bay,Scottsdale Scorpions,2025-11-11,Glendale Desert Dogs,True,False,825608,3,4,1,0,0,0,1,0,1,1,0,2,0,0,0,.100,.308,.100,.408,1.000,0,0,0,0,0,3,0
2025,813844,Will Bush,Scottsdale Scorpions,2025-10-16,Glendale Desert Dogs,True,True,825621,2,3,1,0,0,0,1,1,0,0,0,0,1,0,0,.500,.667,.500,1.167,.500,1,0,0,0,0,0,0
2025,813844,Will Bush,Scottsdale Scorpions,2025-10-18,Surprise Saguaros,True,True,825614,1,4,0,0,0,0,0,3,0,3,0,0,0,1,0,.333,.714,.333,1.047,.000,1,0,0,0,0,1,0
2025,813844,Will Bush,Scottsdale Scorpions,2025-10-19,Surprise Saguaros,True,True,825615,0,0,0,0,0,0,0,0,0,0,0,0,0,0,0,.333,.714,.333,1.047,.---,0,0,0,0,0,0,0
2025,813844,Will Bush,Scottsdale Scorpions,2025-10-21,Peoria Javelinas,False,False,825616,2,4,0,0,0,0,0,1,0,2,0,1,0,0,0,.200,.636,.200,.836,.000,1,0,0,0,0,2,0
2025,813844,Will Bush,Scottsdale Scorpions,2025-10-22,Surprise Saguaros,False,False,825586,4,4,0,0,0,0,0,0,0,0,0,3,0,0,0,.111,.467,.111,.578,.000,1,0,0,0,0,3,0
2025,813844,Will Bush,Scottsdale Scorpions,2025-10-28,Surprise Saguaros,True,True,825613,1,4,0,0,0,0,0,1,0,3,0,0,0,0,0,.100,.526,.100,.626,.000,1,0,0,0,0,0,0
2025,813844,Will Bush,Scottsdale Scorpions,2025-10-30,Glendale Desert Dogs,True,True,825612,3,5,1,0,0,1,4,1,1,2,0,2,0,0,0,.154,.542,.385,.927,.---,0,0,0,0,0,3,0
2025,813844,Will Bush,Scottsdale Scorpions,2025-11-01,Salt River Rafters,True,True,825611,5,5,4,0,0,0,4,0,1,0,0,1,0,0,0,.333,.586,.500,1.086,1.000,0,0,0,0,0,1,0
2025,813844,Will Bush,Scottsdale Scorpions,2025-11-02,Peoria Javelinas,True,True,825610,3,3,1,1,0,0,2,1,2,0,0,1,0,0,0,.333,.563,.524,1.087,.500,0,1,0,0,0,0,0
2025,813844,Will Bush,Scottsdale Scorpions,2025-11-05,Surprise Saguaros,False,True,825577,5,5,1,1,0,0,2,0,0,0,0,4,0,0,0,.308,.514,.500,1.014,1.000,0,0,0,0,0,1,0
2025,813844,Will Bush,Scottsdale Scorpions,2025-11-06,Mesa Solar Sox,False,True,825593,3,4,0,0,0,0,0,0,0,1,0,1,0,0,0,.276,.488,.448,.936,.000,1,1,0,0,0,3,0
2025,813844,Will Bush,Scottsdale Scorpions,2025-11-11,Glendale Desert Dogs,True,False,825608,2,4,0,0,0,0,0,1,0,2,0,2,0,0,0,.258,.489,.419,.908,.---,0,0,0,0,0,1,0
2025,692238,Parks Harber,Scottsdale Scorpions,2025-10-06,Peoria Javelinas,True,False,825618,4,4,0,0,0,0,0,0,1,0,0,2,0,0,0,.000,.000,.000,.000,.000,2,0,0,0,0,1,0
2025,692238,Parks Harber,Scottsdale Scorpions,2025-10-09,Glendale Desert Dogs,False,False,825666,3,5,2,0,0,1,5,1,2,1,0,1,1,1,0,.286,.444,.714,1.158,1.000,0,0,0,0,0,0,0
2025,692238,Parks Harber,Scottsdale Scorpions,2025-10-14,Peoria Javelinas,False,True,825649,4,5,1,0,0,0,1,1,1,1,0,1,0,0,0,.273,.429,.545,.974,.333,2,0,0,0,0,2,0
2025,692238,Parks Harber,Scottsdale Scorpions,2025-10-15,Salt River Rafters,True,False,825622,4,5,2,1,0,0,3,0,0,0,0,1,1,0,0,.333,.474,.600,1.074,.667,0,1,0,0,0,3,0
2025,692238,Parks Harber,Scottsdale Scorpions,2025-10-18,Surprise Saguaros,True,True,825614,2,3,0,0,0,0,0,1,0,1,0,1,0,0,0,.294,.455,.529,.984,.000,1,0,0,0,0,4,0
2025,692238,Parks Harber,Scottsdale Scorpions,2025-10-21,Peoria Javelinas,False,False,825616,2,4,2,1,0,0,3,1,0,2,0,0,0,0,0,.368,.538,.632,1.170,1.000,0,0,0,0,0,0,0
2025,692238,Parks Harber,Scottsdale Scorpions,2025-10-23,Peoria Javelinas,False,True,825638,4,5,0,0,0,0,0,1,0,1,0,2,0,0,0,.304,.484,.522,1.006,.000,0,2,0,0,0,8,0
2025,692238,Parks Harber,Scottsdale Scorpions,2025-10-24,Salt River Rafters,False,True,825629,4,5,2,1,0,1,6,2,1,1,0,2,0,0,0,.333,.500,.667,1.167,1.000,0,0,0,0,0,2,0
2025,692238,Parks Harber,Scottsdale Scorpions,2025-10-26,Mesa Solar Sox,True,True,825609,3,4,1,0,0,1,4,1,2,1,0,2,0,0,0,.333,.500,.733,1.233,.---,0,0,0,0,0,1,0
2025,692238,Parks Harber,Scottsdale Scorpions,2025-10-28,Surprise Saguaros,True,True,825613,3,4,2,1,0,0,3,1,1,1,0,0,0,0,0,.364,.523,.758,1.281,.667,1,0,0,0,0,1,0
2025,692238,Parks Harber,Scottsdale Scorpions,2025-10-29,Surprise Saguaros,False,False,825583,2,4,2,1,0,0,3,1,1,2,0,0,0,0,0,.400,.563,.800,1.363,1.000,0,0,0,0,0,0,0
2025,692238,Parks Harber,Scottsdale Scorpions,2025-10-30,Glendale Desert Dogs,True,True,825612,5,5,2,1,0,0,3,0,1,0,0,2,0,0,0,.400,.547,.775,1.322,.667,1,0,1,0,0,5,0
2025,692238,Parks Harber,Scottsdale Scorpions,2025-10-31,Salt River Rafters,False,True,825626,4,4,2,1,0,0,3,0,0,0,0,1,0,0,0,.409,.544,.773,1.317,.667,1,0,0,0,0,3,0
2025,692238,Parks Harber,Scottsdale Scorpions,2025-11-04,Mesa Solar Sox,False,False,825596,5,6,3,1,0,0,4,0,4,1,0,1,0,0,0,.429,.556,.776,1.332,.750,0,1,0,0,0,3,0
2025,692238,Parks Harber,Scottsdale Scorpions,2025-11-05,Surprise Saguaros,False,True,825577,5,5,1,1,0,0,2,0,1,0,0,2,0,0,0,.407,.529,.741,1.270,.333,2,0,0,0,0,1,0
2025,692238,Parks Harber,Scottsdale Scorpions,2025-11-07,Glendale Desert Dogs,False,False,825655,3,4,0,0,0,0,0,0,0,1,0,1,0,0,0,.386,.514,.702,1.216,.000,2,0,1,0,0,1,0
2025,692238,Parks Harber,Scottsdale Scorpions,2025-11-11,Glendale Desert Dogs,True,False,825608,3,4,1,0,0,0,1,1,0,1,0,1,0,0,0,.383,.513,.683,1.196,.500,0,1,0,0,0,2,0
2025,801075,Walker Janek,Scottsdale Scorpions,2025-10-06,Peoria Javelinas,True,False,825618,4,4,3,1,0,0,4,0,1,0,0,1,0,0,0,.750,.750,1.000,1.750,1.000,0,0,0,0,0,0,0
2025,801075,Walker Janek,Scottsdale Scorpions,2025-10-09,Glendale Desert Dogs,False,False,825666,4,5,1,1,0,0,2,0,1,1,0,2,0,0,0,.500,.556,.750,1.306,.500,1,0,0,0,0,7,0
2025,801075,Walker Janek,Scottsdale Scorpions,2025-10-10,Mesa Solar Sox,True,True,825620,3,4,1,0,0,0,1,1,1,1,0,1,0,0,0,.455,.538,.636,1.174,.500,0,1,0,0,0,1,0
2025,801075,Walker Janek,Scottsdale Scorpions,2025-10-14,Peoria Javelinas,False,True,825649,5,5,1,0,0,1,4,1,3,0,0,2,0,0,0,.375,.444,.688,1.132,.000,1,1,0,0,0,3,0
2025,801075,Walker Janek,Scottsdale Scorpions,2025-10-16,Glendale Desert Dogs,True,True,825621,4,4,1,0,0,1,4,1,3,0,0,3,0,0,0,.350,.409,.750,1.159,.---,0,0,0,0,0,4,0
2025,801075,Walker Janek,Scottsdale Scorpions,2025-10-17,Mesa Solar Sox,False,True,825595,5,5,2,1,0,1,6,1,7,0,0,0,0,1,0,.360,.407,.840,1.247,.250,2,1,1,0,0,3,0
2025,801075,Walker Janek,Scottsdale Scorpions,2025-10-19,Surprise Saguaros,True,True,825615,5,5,1,0,0,0,1,1,2,0,0,1,0,2,0,.333,.375,.733,1.108,.250,3,0,0,0,0,3,0
2025,801075,Walker Janek,Scottsdale Scorpions,2025-10-21,Peoria Javelinas,False,False,825616,3,4,0,0,0,0,0,0,0,1,0,2,0,0,0,.303,.361,.667,1.028,.000,0,1,0,0,0,1,0
2025,801075,Walker Janek,Scottsdale Scorpions,2025-10-22,Surprise Saguaros,False,False,825586,4,4,0,0,0,0,0,0,0,0,0,3,0,0,0,.270,.325,.595,.920,.000,1,0,0,0,0,2,0
2025,801075,Walker Janek,Scottsdale Scorpions,2025-10-24,Salt River Rafters,False,True,825629,3,5,0,0,0,0,0,0,1,1,0,2,0,0,0,.250,.311,.550,.861,.000,1,1,0,0,1,4,0
2025,801075,Walker Janek,Scottsdale Scorpions,2025-10-26,Mesa Solar Sox,True,True,825609,5,5,1,1,0,0,2,1,0,0,0,2,0,0,0,.244,.300,.533,.833,.333,1,1,0,0,0,3,0
2025,801075,Walker Janek,Scottsdale Scorpions,2025-10-28,Surprise Saguaros,True,True,825613,4,4,0,0,0,0,0,0,0,0,0,2,0,0,0,.224,.278,.490,.768,.000,1,1,0,0,0,1,0
2025,801075,Walker Janek,Scottsdale Scorpions,2025-10-30,Glendale Desert Dogs,True,True,825612,5,5,2,0,0,0,2,0,1,0,0,1,0,0,0,.241,.288,.481,.769,.500,1,1,0,0,0,1,0
2025,814409,Seaver King,Scottsdale Scorpions,2025-10-06,Peoria Javelinas,True,False,825618,4,4,1,0,0,0,1,0,1,0,0,0,0,1,0,.250,.250,.250,.500,.250,0,3,0,0,0,4,0
2025,814409,Seaver King,Scottsdale Scorpions,2025-10-08,Salt River Rafters,True,True,825619,5,6,3,1,0,1,7,4,5,1,0,1,0,0,0,.444,.500,.889,1.389,.667,1,0,0,0,0,3,0
2025,814409,Seaver King,Scottsdale Scorpions,2025-10-10,Mesa Solar Sox,True,True,825620,4,5,1,0,0,0,1,1,0,0,0,1,1,0,0,.385,.467,.692,1.159,.333,1,1,0,0,0,3,0
2025,814409,Seaver King,Scottsdale Scorpions,2025-10-14,Peoria Javelinas,False,True,825649,5,5,1,1,0,0,2,1,1,0,0,1,0,0,0,.333,.400,.611,1.011,.250,3,0,0,0,0,1,0
2025,814409,Seaver King,Scottsdale Scorpions,2025-10-15,Salt River Rafters,True,False,825622,6,6,4,3,0,0,7,2,3,0,0,0,0,0,0,.417,.462,.750,1.212,.667,2,0,1,0,0,2,0
2025,814409,Seaver King,Scottsdale Scorpions,2025-10-17,Mesa Solar Sox,False,True,825595,3,5,1,0,0,0,1,2,1,1,0,0,1,0,0,.407,.484,.704,1.188,.333,0,2,0,0,0,1,0
2025,814409,Seaver King,Scottsdale Scorpions,2025-10-18,Surprise Saguaros,True,True,825614,4,4,2,0,0,1,5,2,4,0,0,0,0,0,0,.419,.486,.774,1.260,.333,1,1,0,0,0,3,0
2025,814409,Seaver King,Scottsdale Scorpions,2025-10-21,Peoria Javelinas,False,False,825616,3,4,0,0,0,0,0,1,0,1,0,1,0,0,0,.382,.462,.706,1.168,.000,1,1,0,0,0,6,0
2025,814409,Seaver King,Scottsdale Scorpions,2025-10-22,Surprise Saguaros,False,False,825586,3,4,0,0,0,0,0,0,0,1,0,3,0,0,0,.351,.442,.649,1.091,.---,0,0,0,0,0,1,0
2025,814409,Seaver King,Scottsdale Scorpions,2025-10-23,Peoria Javelinas,False,True,825638,4,5,1,0,0,0,1,2,0,1,0,1,0,0,0,.341,.438,.610,1.048,.333,0,2,0,0,0,1,0
2025,814409,Seaver King,Scottsdale Scorpions,2025-10-26,Mesa Solar Sox,True,True,825609,4,5,3,0,0,0,3,0,4,1,0,1,0,0,0,.378,.472,.622,1.094,1.000,0,0,0,0,0,0,0
2025,814409,Seaver King,Scottsdale Scorpions,2025-10-28,Surprise Saguaros,True,True,825613,3,4,0,0,0,0,0,0,0,0,0,2,1,0,0,.354,.456,.583,1.039,.000,1,0,0,0,0,2,0
2025,814409,Seaver King,Scottsdale Scorpions,2025-10-30,Glendale Desert Dogs,True,True,825612,1,2,1,0,1,0,3,1,3,0,0,0,0,0,0,.367,.458,.633,1.091,.500,0,1,0,0,1,0,0
2025,814409,Seaver King,Scottsdale Scorpions,2025-10-31,Salt River Rafters,False,True,825626,4,4,2,0,0,0,2,0,2,0,0,1,0,2,0,.377,.460,.623,1.083,.667,0,1,0,0,0,3,0
2025,814409,Seaver King,Scottsdale Scorpions,2025-11-02,Peoria Javelinas,True,True,825610,3,3,0,0,0,0,0,0,0,0,0,2,0,0,0,.357,.439,.589,1.028,.000,1,0,1,0,0,1,0
2025,814409,Seaver King,Scottsdale Scorpions,2025-11-05,Surprise Saguaros,False,True,825577,2,5,1,0,0,0,1,3,0,3,0,0,0,1,0,.362,.465,.586,1.051,.500,0,1,0,0,0,0,0
2025,814409,Seaver King,Scottsdale Scorpions,2025-11-06,Mesa Solar Sox,False,True,825593,3,4,1,0,0,0,1,2,0,1,0,0,0,2,0,.361,.467,.574,1.041,.333,1,1,0,0,0,3,0
2025,814409,Seaver King,Scottsdale Scorpions,2025-11-10,Salt River Rafters,False,False,825623,3,4,1,0,0,0,1,0,0,1,0,1,0,0,0,.359,.468,.563,1.031,.500,0,1,0,0,0,1,0
2025,806152,Walker Martin,Scottsdale Scorpions,2025-10-08,Salt River Rafters,True,True,825619,5,5,1,0,0,0,1,0,0,0,0,2,0,0,0,.200,.200,.200,.400,.333,2,0,0,0,0,6,0
2025,806152,Walker Martin,Scottsdale Scorpions,2025-10-09,Glendale Desert Dogs,False,False,825666,5,5,0,0,0,0,0,0,0,0,0,3,0,0,0,.100,.100,.100,.200,.000,2,0,0,0,0,8,0
2025,806152,Walker Martin,Scottsdale Scorpions,2025-10-15,Salt River Rafters,True,False,825622,5,5,1,0,0,0,1,0,1,0,0,3,0,0,0,.133,.133,.133,.266,.500,1,0,0,0,0,1,0
2025,806152,Walker Martin,Scottsdale Scorpions,2025-10-18,Surprise Saguaros,True,True,825614,4,4,2,0,1,0,4,0,0,0,0,2,0,0,0,.211,.211,.316,.527,1.000,0,0,0,0,0,0,0
2025,806152,Walker Martin,Scottsdale Scorpions,2025-10-21,Peoria Javelinas,False,False,825616,3,4,1,0,0,0,1,0,0,1,0,1,0,0,0,.227,.261,.318,.579,.500,1,0,1,0,0,5,0
2025,806152,Walker Martin,Scottsdale Scorpions,2025-10-23,Peoria Javelinas,False,True,825638,3,5,0,0,0,0,0,1,2,2,0,1,0,0,0,.200,.286,.280,.566,.000,1,1,0,0,0,3,0
2025,806152,Walker Martin,Scottsdale Scorpions,2025-10-26,Mesa Solar Sox,True,True,825609,4,4,0,0,0,0,0,0,0,0,0,3,0,0,0,.172,.250,.241,.491,.000,1,0,0,0,0,5,0
2025,806152,Walker Martin,Scottsdale Scorpions,2025-10-29,Surprise Saguaros,False,False,825583,4,4,0,0,0,0,0,0,0,0,0,3,0,0,0,.152,.222,.212,.434,.000,0,1,0,0,0,3,0
2025,806152,Walker Martin,Scottsdale Scorpions,2025-10-31,Salt River Rafters,False,True,825626,3,4,2,0,0,0,2,3,0,1,0,1,0,0,0,.194,.275,.250,.525,1.000,0,0,0,0,0,1,0
2025,806152,Walker Martin,Scottsdale Scorpions,2025-11-01,Salt River Rafters,True,True,825611,4,4,1,1,0,0,2,1,0,0,0,1,0,0,0,.200,.273,.275,.548,.333,2,0,0,0,0,2,0
2025,806152,Walker Martin,Scottsdale Scorpions,2025-11-04,Mesa Solar Sox,False,False,825596,4,5,0,0,0,0,0,1,0,1,0,2,0,0,0,.182,.265,.250,.515,.000,2,0,0,0,0,1,0
2025,806152,Walker Martin,Scottsdale Scorpions,2025-11-05,Surprise Saguaros,False,True,825577,3,4,2,1,0,0,3,0,1,0,0,1,1,0,0,.213,.302,.298,.600,1.000,0,0,0,0,0,0,0
2025,806152,Walker Martin,Scottsdale Scorpions,2025-11-07,Glendale Desert Dogs,False,False,825655,3,4,1,0,0,0,1,0,0,1,0,1,0,0,0,.220,.316,.300,.616,.500,1,0,0,0,0,1,0
2025,806152,Walker Martin,Scottsdale Scorpions,2025-11-11,Glendale Desert Dogs,True,False,825608,4,4,1,0,0,0,1,0,0,0,0,2,0,0,0,.222,.311,.296,.607,.500,0,1,0,0,0,2,0
2025,805808,Kevin McGonigle,Scottsdale Scorpions,2025-10-06,Peoria Javelinas,True,False,825618,4,5,0,0,0,0,0,0,0,1,0,2,0,0,0,.000,.200,.000,.200,.000,1,1,0,0,0,3,0
2025,805808,Kevin McGonigle,Scottsdale Scorpions,2025-10-08,Salt River Rafters,True,True,825619,5,6,2,1,0,0,3,1,2,1,0,0,0,1,0,.222,.364,.333,.697,.400,1,2,0,0,0,3,0
2025,805808,Kevin McGonigle,Scottsdale Scorpions,2025-10-10,Mesa Solar Sox,True,True,825620,2,4,1,1,0,0,2,2,0,2,0,0,0,0,0,.273,.467,.455,.922,.500,1,0,1,0,0,1,0
2025,805808,Kevin McGonigle,Scottsdale Scorpions,2025-10-14,Peoria Javelinas,False,True,825649,3,5,0,0,0,0,0,0,1,1,0,2,0,0,0,.214,.400,.357,.757,.000,0,2,0,0,1,1,0
2025,805808,Kevin McGonigle,Scottsdale Scorpions,2025-10-16,Glendale Desert Dogs,True,True,825621,4,4,2,1,0,0,3,1,0,0,0,0,0,1,0,.278,.417,.444,.861,.500,2,0,0,0,0,3,0
2025,805808,Kevin McGonigle,Scottsdale Scorpions,2025-10-17,Mesa Solar Sox,False,True,825595,2,5,0,0,0,0,0,3,0,2,0,1,1,0,0,.250,.448,.400,.848,.000,0,1,0,0,0,1,0
2025,805808,Kevin McGonigle,Scottsdale Scorpions,2025-10-19,Surprise Saguaros,True,True,825615,5,5,2,1,0,0,3,1,2,0,0,0,0,0,0,.280,.441,.440,.881,.400,1,2,0,0,0,1,0
2025,805808,Kevin McGonigle,Scottsdale Scorpions,2025-10-21,Peoria Javelinas,False,True,825646,3,4,1,0,0,0,1,0,1,1,0,1,0,0,0,.286,.447,.429,.876,.500,0,1,0,0,0,2,0
2025,805808,Kevin McGonigle,Scottsdale Scorpions,2025-10-22,Surprise Saguaros,False,False,825586,4,4,2,0,0,1,5,1,1,0,0,1,0,0,0,.313,.452,.531,.983,.500,0,1,0,0,0,1,0
2025,805808,Kevin McGonigle,Scottsdale Scorpions,2025-10-24,Salt River Rafters,False,True,825629,5,6,4,0,0,1,7,3,2,1,0,0,0,0,0,.378,.500,.649,1.149,.750,0,1,0,0,0,0,0
2025,805808,Kevin McGonigle,Scottsdale Scorpions,2025-10-26,Mesa Solar Sox,True,True,825609,4,5,1,0,0,0,1,0,0,1,0,0,0,0,0,.366,.491,.610,1.101,.250,2,1,0,0,0,5,0
2025,805808,Kevin McGonigle,Scottsdale Scorpions,2025-10-30,Glendale Desert Dogs,True,True,825612,5,5,2,1,0,0,3,1,1,0,0,0,0,1,0,.370,.483,.609,1.092,.400,2,1,0,0,0,2,0
2025,805808,Kevin McGonigle,Scottsdale Scorpions,2025-11-01,Salt River Rafters,True,True,825611,4,5,2,0,1,0,4,1,2,1,0,2,0,0,0,.380,.492,.640,1.132,1.000,0,0,0,0,0,1,0
2025,805808,Kevin McGonigle,Scottsdale Scorpions,2025-11-02,Peoria Javelinas,True,True,825610,2,3,0,0,0,0,0,0,0,1,0,1,0,0,0,.365,.485,.615,1.100,.000,1,0,0,0,0,0,0
2025,805808,Kevin McGonigle,Scottsdale Scorpions,2025-11-04,Mesa Solar Sox,False,False,825596,5,6,4,0,0,2,10,4,4,1,0,0,0,0,0,.404,.514,.737,1.251,.667,0,1,0,0,0,1,0
2025,805808,Kevin McGonigle,Scottsdale Scorpions,2025-11-06,Mesa Solar Sox,False,True,825593,5,5,1,0,1,0,3,1,1,0,0,0,0,0,0,.387,.494,.726,1.220,.200,1,3,0,0,0,3,0
2025,805808,Kevin McGonigle,Scottsdale Scorpions,2025-11-07,Glendale Desert Dogs,False,False,825655,3,4,1,0,0,1,4,1,2,1,0,0,0,0,0,.385,.494,.754,1.248,.000,2,0,0,0,0,1,0
2025,805808,Kevin McGonigle,Scottsdale Scorpions,2025-11-10,Salt River Rafters,False,False,825623,2,4,0,0,0,0,0,0,0,2,0,1,0,0,1,.373,.494,.731,1.225,.000,1,0,0,0,0,2,0
2025,805808,Kevin McGonigle,Scottsdale Scorpions,2025-11-11,Glendale Desert Dogs,True,False,825608,2,5,0,0,0,0,0,2,0,3,0,1,0,0,0,.362,.500,.710,1.210,.000,1,0,0,0,0,3,0
2025,703492,Nick Morabito,Scottsdale Scorpions,2025-10-06,Peoria Javelinas,True,False,825618,4,5,1,0,0,0,1,1,0,0,0,1,0,1,0,.250,.250,.250,.500,.333,1,1,0,0,0,1,1
2025,703492,Nick Morabito,Scottsdale Scorpions,2025-10-09,Glendale Desert Dogs,False,False,825666,4,6,2,1,0,0,3,1,2,2,0,0,0,1,1,.375,.500,.500,1.000,.500,2,0,0,0,0,1,0
2025,703492,Nick Morabito,Scottsdale Scorpions,2025-10-14,Peoria Javelinas,False,True,825649,4,5,2,0,1,0,4,2,0,1,0,0,0,1,0,.417,.533,.667,1.200,.500,1,1,0,0,0,2,0
2025,703492,Nick Morabito,Scottsdale Scorpions,2025-10-16,Glendale Desert Dogs,True,True,825621,2,4,0,0,0,0,0,1,0,2,0,2,0,0,0,.357,.526,.571,1.097,.---,0,0,0,0,0,1,0
2025,703492,Nick Morabito,Scottsdale Scorpions,2025-10-17,Mesa Solar Sox,False,True,825595,5,5,2,0,0,0,2,2,0,0,0,0,0,1,0,.368,.500,.526,1.026,.400,3,0,1,0,0,3,0
2025,703492,Nick Morabito,Scottsdale Scorpions,2025-10-19,Surprise Saguaros,True,True,825615,4,5,2,0,0,0,2,2,0,1,0,0,0,2,0,.391,.517,.522,1.039,.500,2,0,0,0,0,0,0
2025,703492,Nick Morabito,Scottsdale Scorpions,2025-10-21,Peoria Javelinas,False,True,825646,4,4,2,0,0,0,2,0,1,0,0,1,0,1,0,.407,.515,.519,1.034,.667,1,0,0,0,0,1,0
2025,703492,Nick Morabito,Scottsdale Scorpions,2025-10-22,Surprise Saguaros,False,False,825586,4,4,1,0,0,0,1,0,0,0,0,1,0,1,0,.387,.486,.484,.970,.333,2,0,0,0,0,0,0
2025,703492,Nick Morabito,Scottsdale Scorpions,2025-10-24,Salt River Rafters,False,True,825629,6,6,0,0,0,0,0,0,0,0,0,3,0,0,0,.324,.419,.405,.824,.000,3,0,1,0,0,4,0
2025,703492,Nick Morabito,Scottsdale Scorpions,2025-10-28,Surprise Saguaros,True,True,825613,4,5,1,0,0,0,1,0,0,0,0,1,1,1,1,.317,.417,.390,.807,.333,1,1,0,0,0,2,0
2025,703492,Nick Morabito,Scottsdale Scorpions,2025-10-30,Glendale Desert Dogs,True,True,825612,4,5,2,1,0,0,3,3,0,1,0,1,0,2,0,.333,.434,.422,.856,.667,1,0,0,0,0,3,0
2025,703492,Nick Morabito,Scottsdale Scorpions,2025-10-31,Salt River Rafters,False,True,825626,4,5,1,0,0,0,1,1,0,1,0,1,0,1,0,.327,.431,.408,.839,.333,1,1,0,0,0,1,0
2025,703492,Nick Morabito,Scottsdale Scorpions,2025-11-02,Peoria Javelinas,True,True,825610,4,4,2,0,0,1,5,1,2,0,0,1,0,0,0,.340,.435,.472,.907,.500,1,0,0,0,0,0,0
2025,703492,Nick Morabito,Scottsdale Scorpions,2025-11-04,Mesa Solar Sox,False,False,825596,5,6,2,0,0,0,2,1,1,1,0,0,0,1,0,.345,.441,.466,.907,.400,1,2,1,0,0,4,0
2025,703492,Nick Morabito,Scottsdale Scorpions,2025-11-06,Mesa Solar Sox,False,True,825593,3,4,3,0,0,0,3,0,2,1,0,0,0,1,1,.377,.472,.492,.964,1.000,0,0,0,0,0,0,0
2025,703492,Nick Morabito,Scottsdale Scorpions,2025-11-07,Glendale Desert Dogs,False,False,825655,4,4,1,0,0,0,1,1,0,0,0,2,0,1,0,.369,.461,.477,.938,.500,1,0,0,0,0,1,0
2025,703492,Nick Morabito,Scottsdale Scorpions,2025-11-10,Salt River Rafters,False,False,825623,4,4,1,0,0,0,1,1,0,0,0,1,0,1,0,.362,.450,.464,.914,.333,2,0,1,0,0,4,0
2025,802599,Jack Penney,Scottsdale Scorpions,2025-10-09,Glendale Desert Dogs,False,False,825666,2,6,0,0,0,0,0,1,0,4,0,0,0,0,0,.000,.667,.000,.667,.000,1,1,0,0,0,2,0
2025,802599,Jack Penney,Scottsdale Scorpions,2025-10-15,Salt River Rafters,True,False,825622,4,6,1,1,0,0,2,1,1,2,0,3,0,1,0,.167,.583,.333,.916,1.000,0,0,0,0,0,3,0
2025,802599,Jack Penney,Scottsdale Scorpions,2025-10-17,Mesa Solar Sox,False,True,825595,5,5,1,0,0,0,1,0,0,0,0,3,0,0,0,.182,.471,.273,.744,.500,0,1,0,0,0,3,0
2025,802599,Jack Penney,Scottsdale Scorpions,2025-10-18,Surprise Saguaros,True,True,825614,4,4,1,0,0,0,1,0,0,0,0,1,0,0,0,.200,.429,.267,.696,.333,0,2,0,0,0,1,0
2025,802599,Jack Penney,Scottsdale Scorpions,2025-10-19,Surprise Saguaros,True,True,825615,2,4,1,0,0,0,1,1,1,2,0,0,0,0,0,.235,.480,.294,.774,.500,0,1,0,0,0,0,0
2025,802599,Jack Penney,Scottsdale Scorpions,2025-10-21,Peoria Javelinas,False,True,825646,2,4,1,0,0,0,1,1,0,1,0,1,1,1,0,.263,.517,.316,.833,1.000,0,0,0,0,0,0,0
2025,802599,Jack Penney,Scottsdale Scorpions,2025-10-23,Peoria Javelinas,False,True,825638,3,5,2,0,0,0,2,3,0,2,0,0,0,0,0,.318,.559,.364,.923,.667,1,0,0,0,0,1,0
2025,802599,Jack Penney,Scottsdale Scorpions,2025-10-24,Salt River Rafters,False,True,825629,4,5,1,0,0,0,1,0,1,1,0,1,0,0,0,.308,.538,.346,.884,.333,1,1,0,0,0,3,0
2025,802599,Jack Penney,Scottsdale Scorpions,2025-10-29,Surprise Saguaros,False,False,825583,4,5,1,0,0,0,1,1,0,1,0,3,0,0,0,.300,.523,.333,.856,1.000,0,0,0,0,0,0,0
2025,802599,Jack Penney,Scottsdale Scorpions,2025-10-30,Glendale Desert Dogs,True,True,825612,2,3,1,0,0,0,1,1,1,1,0,1,0,0,0,.313,.532,.344,.876,1.000,0,0,0,0,0,0,0
2025,802599,Jack Penney,Scottsdale Scorpions,2025-10-31,Salt River Rafters,False,True,825626,2,4,0,0,0,0,0,0,1,1,0,1,0,0,0,.294,.510,.324,.834,.000,1,1,0,0,1,0,0
2025,802599,Jack Penney,Scottsdale Scorpions,2025-11-01,Salt River Rafters,True,True,825611,5,5,2,0,0,1,5,2,2,0,0,1,0,0,0,.308,.500,.410,.910,.333,0,2,0,0,0,1,0
2025,802599,Jack Penney,Scottsdale Scorpions,2025-11-02,Peoria Javelinas,True,True,825610,3,3,0,0,0,0,0,0,0,0,0,1,0,0,0,.286,.475,.381,.856,.000,2,0,0,0,0,0,0
2025,802599,Jack Penney,Scottsdale Scorpions,2025-11-04,Mesa Solar Sox,False,False,825596,5,6,2,0,0,0,2,1,0,0,0,0,1,0,0,.298,.477,.383,.860,.400,3,0,0,0,0,3,0
2025,802599,Jack Penney,Scottsdale Scorpions,2025-11-07,Glendale Desert Dogs,False,False,825655,4,4,1,0,0,0,1,0,0,0,0,2,0,0,0,.294,.464,.373,.837,.500,1,0,0,0,0,0,0
2025,802599,Jack Penney,Scottsdale Scorpions,2025-11-11,Glendale Desert Dogs,True,False,825608,3,4,0,0,0,0,0,0,0,0,0,2,1,0,0,.278,.452,.352,.804,.000,1,0,1,0,0,3,0
2025,695763,Sam Petersen,Scottsdale Scorpions,2025-10-06,Peoria Javelinas,True,False,825618,3,4,2,0,0,0,2,1,0,1,0,0,0,0,0,.667,.750,.667,1.417,.667,0,1,0,0,0,1,0
2025,695763,Sam Petersen,Scottsdale Scorpions,2025-10-09,Glendale Desert Dogs,False,False,825666,4,5,0,0,0,0,0,0,0,1,0,3,0,0,0,.286,.444,.286,.730,.000,0,1,0,0,0,1,0
2025,695763,Sam Petersen,Scottsdale Scorpions,2025-10-10,Mesa Solar Sox,True,True,825620,3,4,1,0,0,0,1,1,1,1,0,1,0,0,1,.300,.462,.300,.762,.500,0,1,0,0,0,1,0
2025,695763,Sam Petersen,Scottsdale Scorpions,2025-10-14,Peoria Javelinas,False,True,825649,4,5,1,1,0,0,2,1,0,1,0,1,0,0,0,.286,.444,.357,.801,.333,1,1,0,0,0,2,0
2025,695763,Sam Petersen,Scottsdale Scorpions,2025-10-16,Glendale Desert Dogs,True,True,825621,0,2,0,0,0,0,0,0,0,1,0,0,1,1,0,.286,.500,.357,.857,.---,0,0,0,0,0,0,0
2025,695763,Sam Petersen,Scottsdale Scorpions,2025-10-19,Surprise Saguaros,True,True,825615,4,4,2,1,0,0,3,2,4,0,0,2,0,0,0,.333,.500,.444,.944,1.000,0,0,0,0,0,0,0
2025,695763,Sam Petersen,Scottsdale Scorpions,2025-10-21,Peoria Javelinas,False,False,825616,4,4,0,0,0,0,0,0,0,0,0,3,0,0,0,.273,.429,.364,.793,.000,0,1,0,0,0,8,0
2025,695763,Sam Petersen,Scottsdale Scorpions,2025-10-22,Surprise Saguaros,False,False,825586,3,4,0,0,0,0,0,0,0,1,0,1,0,0,0,.240,.406,.320,.726,.000,2,0,0,0,0,0,0
2025,695763,Sam Petersen,Scottsdale Scorpions,2025-10-23,Peoria Javelinas,False,True,825638,4,4,2,0,0,1,5,1,3,0,0,2,0,0,0,.276,.417,.448,.865,1.000,0,0,0,0,0,1,0
2025,695763,Sam Petersen,Scottsdale Scorpions,2025-10-28,Surprise Saguaros,True,True,825613,3,4,1,0,0,0,1,1,0,1,0,1,0,0,0,.281,.425,.438,.863,.500,1,0,0,0,0,0,0
2025,695763,Sam Petersen,Scottsdale Scorpions,2025-10-29,Surprise Saguaros,False,False,825583,5,5,1,0,0,1,4,1,1,0,0,2,0,0,0,.270,.400,.486,.886,.000,1,1,0,0,0,6,0
2025,695763,Sam Petersen,Scottsdale Scorpions,2025-10-31,Salt River Rafters,False,True,825626,4,4,4,1,0,1,8,2,3,0,0,0,0,0,0,.341,.449,.634,1.083,1.000,0,0,0,0,0,0,0
2025,695763,Sam Petersen,Scottsdale Scorpions,2025-11-01,Salt River Rafters,True,True,825611,5,5,2,1,0,0,3,0,1,0,0,3,0,0,0,.348,.444,.630,1.074,1.000,0,0,0,0,0,4,0
2025,695763,Sam Petersen,Scottsdale Scorpions,2025-11-02,Peoria Javelinas,True,True,825610,2,3,0,0,0,0,0,1,0,0,0,1,1,0,0,.333,.439,.604,1.043,.000,1,0,0,0,0,0,0
2025,695763,Sam Petersen,Scottsdale Scorpions,2025-11-05,Surprise Saguaros,False,True,825577,5,5,0,0,0,0,0,1,0,0,0,1,0,1,0,.302,.403,.547,.950,.000,1,3,0,0,0,3,0
2025,695763,Sam Petersen,Scottsdale Scorpions,2025-11-06,Mesa Solar Sox,False,True,825593,3,4,1,1,0,0,2,1,1,0,0,0,0,0,0,.304,.394,.554,.948,.250,0,3,0,0,1,1,0
2025,695763,Sam Petersen,Scottsdale Scorpions,2025-11-10,Salt River Rafters,False,False,825623,3,3,1,0,0,0,1,0,0,0,0,0,0,0,0,.305,.391,.542,.933,.333,0,2,0,0,0,2,0
2025,701337,Ethan Petry,Scottsdale Scorpions,2025-10-06,Peoria Javelinas,True,False,825618,4,4,0,0,0,0,0,0,0,0,0,2,0,0,0,.000,.000,.000,.000,.000,1,1,0,0,0,4,0
2025,701337,Ethan Petry,Scottsdale Scorpions,2025-10-08,Salt River Rafters,True,True,825619,5,5,1,0,0,0,1,2,0,0,0,2,0,0,0,.111,.111,.111,.222,.333,1,1,0,0,0,4,0
2025,701337,Ethan Petry,Scottsdale Scorpions,2025-10-10,Mesa Solar Sox,True,True,825620,3,4,1,0,0,0,1,0,1,1,0,1,0,0,0,.167,.231,.167,.398,.500,0,1,0,0,0,2,0
2025,701337,Ethan Petry,Scottsdale Scorpions,2025-10-15,Salt River Rafters,True,False,825622,2,5,0,0,0,0,0,1,0,2,0,2,1,0,0,.143,.333,.143,.476,.---,0,0,0,0,0,3,0
2025,701337,Ethan Petry,Scottsdale Scorpions,2025-10-16,Glendale Desert Dogs,True,True,825621,2,2,0,0,0,0,0,1,0,0,0,2,0,0,0,.125,.300,.125,.425,.---,0,0,0,0,0,0,0
2025,701337,Ethan Petry,Scottsdale Scorpions,2025-10-17,Mesa Solar Sox,False,True,825595,4,5,1,0,0,0,1,0,1,1,0,1,0,0,0,.150,.320,.150,.470,.333,1,1,0,0,0,1,0
2025,701337,Ethan Petry,Scottsdale Scorpions,2025-10-18,Surprise Saguaros,True,True,825614,3,3,1,0,0,0,1,1,1,0,0,2,0,0,0,.174,.321,.174,.495,1.000,0,0,0,0,0,4,0
2025,701337,Ethan Petry,Scottsdale Scorpions,2025-10-21,Peoria Javelinas,False,True,825646,2,4,1,0,0,0,1,1,1,2,0,0,0,1,0,.200,.375,.200,.575,.500,1,0,0,0,0,0,0
2025,701337,Ethan Petry,Scottsdale Scorpions,2025-10-21,Peoria Javelinas,False,False,825616,2,4,1,0,0,0,1,0,2,1,0,0,1,0,0,.222,.417,.222,.639,.500,1,0,0,0,0,0,0
2025,701337,Ethan Petry,Scottsdale Scorpions,2025-10-23,Peoria Javelinas,False,True,825638,3,5,1,0,0,0,1,0,1,1,0,0,1,0,0,.233,.439,.233,.672,.333,0,2,0,0,0,1,0
2025,701337,Ethan Petry,Scottsdale Scorpions,2025-10-26,Mesa Solar Sox,True,True,825609,2,4,1,0,0,0,1,2,0,1,0,0,1,1,0,.250,.467,.250,.717,.500,0,1,0,0,0,0,0
2025,701337,Ethan Petry,Scottsdale Scorpions,2025-10-28,Surprise Saguaros,True,True,825613,4,4,1,0,0,1,4,1,2,0,0,2,0,0,0,.250,.449,.333,.782,.000,1,0,0,0,0,5,0
2025,701337,Ethan Petry,Scottsdale Scorpions,2025-10-29,Surprise Saguaros,False,False,825583,1,4,0,0,0,0,0,1,0,3,0,0,0,0,0,.243,.472,.324,.796,.000,1,0,0,0,0,0,0
2025,701337,Ethan Petry,Scottsdale Scorpions,2025-10-31,Salt River Rafters,False,True,825626,4,4,1,1,0,0,2,1,0,0,0,2,0,0,0,.244,.456,.341,.797,.500,1,0,1,0,0,2,0
2025,701337,Ethan Petry,Scottsdale Scorpions,2025-11-01,Salt River Rafters,True,True,825611,5,5,1,0,0,0,1,0,0,0,0,1,0,0,0,.239,.435,.326,.761,.250,2,1,0,0,0,2,0
2025,701337,Ethan Petry,Scottsdale Scorpions,2025-11-04,Mesa Solar Sox,False,False,825596,5,5,1,0,0,0,1,0,1,0,0,1,0,0,0,.235,.418,.314,.732,.250,1,2,1,0,0,5,0
2025,701337,Ethan Petry,Scottsdale Scorpions,2025-11-06,Mesa Solar Sox,False,True,825593,4,4,1,0,0,0,1,0,0,0,0,3,0,0,0,.236,.408,.309,.717,1.000,0,0,0,0,0,5,0
2025,701337,Ethan Petry,Scottsdale Scorpions,2025-11-10,Salt River Rafters,False,False,825623,2,4,0,0,0,0,0,1,1,1,0,0,0,0,0,.228,.400,.298,.698,.000,2,1,0,0,1,2,0
2025,800208,Axiel Plaz,Scottsdale Scorpions,2025-10-08,Salt River Rafters,True,True,825619,5,5,4,0,0,0,4,1,1,0,0,0,0,0,0,.800,.800,.800,1.600,.800,0,1,0,0,0,2,0
2025,800208,Axiel Plaz,Scottsdale Scorpions,2025-10-15,Salt River Rafters,True,False,825622,3,5,2,0,0,0,2,1,0,2,0,0,0,0,0,.750,.800,.750,1.550,.667,0,1,0,0,0,0,0
2025,800208,Axiel Plaz,Scottsdale Scorpions,2025-10-17,Mesa Solar Sox,False,True,825595,5,5,1,0,0,0,1,0,0,0,0,3,0,0,0,.538,.600,.538,1.138,.500,1,0,0,0,0,3,0
2025,800208,Axiel Plaz,Scottsdale Scorpions,2025-10-19,Surprise Saguaros,True,True,825615,4,4,2,0,0,0,2,2,0,0,0,0,0,0,0,.529,.579,.529,1.108,.500,1,1,1,0,0,3,0
2025,800208,Axiel Plaz,Scottsdale Scorpions,2025-10-21,Peoria Javelinas,False,True,825646,3,4,0,0,0,0,0,1,0,1,0,1,0,0,0,.450,.522,.450,.972,.000,1,1,0,0,0,2,0
2025,800208,Axiel Plaz,Scottsdale Scorpions,2025-10-23,Peoria Javelinas,False,True,825638,3,5,1,0,0,0,1,0,3,2,0,0,0,0,0,.435,.536,.435,.971,.333,2,0,0,0,0,0,0
2025,800208,Axiel Plaz,Scottsdale Scorpions,2025-10-24,Salt River Rafters,False,True,825629,3,5,1,0,0,0,1,0,0,2,0,1,0,0,0,.423,.545,.423,.968,.500,1,0,0,0,0,6,0
2025,800208,Axiel Plaz,Scottsdale Scorpions,2025-10-29,Surprise Saguaros,False,False,825583,4,4,1,0,0,0,1,0,1,0,0,2,0,0,0,.400,.514,.400,.914,.500,1,0,0,0,0,3,0
2025,800208,Axiel Plaz,Scottsdale Scorpions,2025-10-31,Salt River Rafters,False,True,825626,3,4,0,0,0,0,0,0,0,1,0,0,0,0,0,.364,.488,.364,.852,.000,2,1,1,0,0,1,0
2025,800208,Axiel Plaz,Scottsdale Scorpions,2025-11-02,Peoria Javelinas,True,True,825610,3,3,0,0,0,0,0,0,0,0,0,0,0,0,0,.333,.455,.333,.788,.000,3,0,0,0,0,0,0
2025,800208,Axiel Plaz,Scottsdale Scorpions,2025-11-05,Surprise Saguaros,False,True,825577,3,4,1,0,0,0,1,0,0,1,0,0,0,0,0,.333,.458,.333,.791,.333,2,0,0,0,0,0,0
2025,800208,Axiel Plaz,Scottsdale Scorpions,2025-11-07,Glendale Desert Dogs,False,False,825655,4,4,1,0,0,0,1,0,0,0,0,0,0,0,0,.326,.442,.326,.768,.250,3,0,1,0,0,1,0
2025,800208,Axiel Plaz,Scottsdale Scorpions,2025-11-10,Salt River Rafters,False,False,825623,3,3,2,0,0,0,2,0,0,0,0,0,0,0,0,.348,.455,.348,.803,.667,1,0,0,0,0,1,0
2025,800208,Axiel Plaz,Scottsdale Scorpions,2025-11-11,Glendale Desert Dogs,True,False,825608,2,4,1,0,0,0,1,1,2,1,0,1,0,0,0,.354,.458,.354,.812,.500,0,1,0,0,1,1,0
2025,694266,D'Andre Smith,Scottsdale Scorpions,2025-10-08,Salt River Rafters,True,True,825619,4,5,1,0,0,0,1,1,0,0,0,1,1,1,0,.250,.400,.250,.650,.333,0,2,0,0,0,5,0
2025,694266,D'Andre Smith,Scottsdale Scorpions,2025-10-09,Glendale Desert Dogs,False,False,825666,4,5,0,0,0,0,0,1,0,0,0,3,1,0,0,.125,.300,.125,.425,.000,0,1,0,0,0,5,0
2025,694266,D'Andre Smith,Scottsdale Scorpions,2025-10-14,Peoria Javelinas,False,True,825649,4,4,1,0,0,0,1,0,0,0,0,1,0,0,0,.167,.286,.167,.453,.333,1,1,0,0,0,2,0
2025,694266,D'Andre Smith,Scottsdale Scorpions,2025-10-16,Glendale Desert Dogs,True,True,825621,4,4,0,0,0,0,0,0,0,0,0,0,0,0,0,.125,.222,.125,.347,.000,3,1,0,0,0,0,0
2025,694266,D'Andre Smith,Scottsdale Scorpions,2025-10-18,Surprise Saguaros,True,True,825614,2,4,0,0,0,0,0,2,0,2,0,1,0,4,0,.111,.273,.111,.384,.000,1,0,0,0,0,2,0
2025,694266,D'Andre Smith,Scottsdale Scorpions,2025-10-19,Surprise Saguaros,True,True,825615,4,4,2,2,0,0,4,2,1,0,0,1,0,0,0,.182,.308,.273,.581,.667,1,0,0,0,0,1,0
2025,694266,D'Andre Smith,Scottsdale Scorpions,2025-10-21,Peoria Javelinas,False,True,825646,3,4,1,1,0,0,2,1,0,0,0,1,1,0,0,.200,.333,.320,.653,.500,0,1,0,0,0,2,0
2025,694266,D'Andre Smith,Scottsdale Scorpions,2025-10-22,Surprise Saguaros,False,False,825586,2,4,0,0,0,0,0,0,0,2,0,0,0,1,0,.185,.353,.296,.649,.000,1,1,0,0,0,0,0
2025,801523,Chris Suero,Scottsdale Scorpions,2025-10-08,Salt River Rafters,True,True,825619,3,5,0,0,0,0,0,0,1,2,0,0,0,1,0,.000,.400,.000,.400,.000,2,1,0,0,0,3,0
2025,801523,Chris Suero,Scottsdale Scorpions,2025-10-10,Mesa Solar Sox,True,True,825620,4,4,1,0,0,0,1,1,1,0,0,2,0,1,0,.143,.333,.143,.476,.500,1,0,0,0,0,2,0
2025,801523,Chris Suero,Scottsdale Scorpions,2025-10-15,Salt River Rafters,True,False,825622,5,5,2,0,0,1,5,1,3,0,0,1,0,0,0,.250,.357,.500,.857,.333,2,0,0,0,0,5,0
2025,801523,Chris Suero,Scottsdale Scorpions,2025-10-17,Mesa Solar Sox,False,True,825595,5,5,2,1,0,0,3,1,0,0,0,2,0,0,0,.294,.368,.529,.897,.667,1,0,0,0,0,2,0
2025,801523,Chris Suero,Scottsdale Scorpions,2025-10-18,Surprise Saguaros,True,True,825614,4,4,1,0,0,1,4,1,2,0,0,3,0,0,0,.286,.348,.619,.967,.---,0,0,0,0,0,2,0
2025,801523,Chris Suero,Scottsdale Scorpions,2025-10-21,Peoria Javelinas,False,True,825646,4,4,0,0,0,0,0,0,0,0,0,0,0,0,0,.240,.296,.520,.816,.000,2,2,0,0,0,5,0
2025,801523,Chris Suero,Scottsdale Scorpions,2025-10-23,Peoria Javelinas,False,True,825638,4,5,2,0,0,1,5,2,1,1,0,0,0,2,0,.276,.344,.621,.965,.333,1,1,0,0,0,3,0
2025,801523,Chris Suero,Scottsdale Scorpions,2025-10-26,Mesa Solar Sox,True,True,825609,4,4,0,0,0,0,0,0,0,0,0,4,0,0,0,.242,.306,.545,.851,.---,0,0,0,0,0,2,0
2025,801523,Chris Suero,Scottsdale Scorpions,2025-10-29,Surprise Saguaros,False,False,825583,4,5,1,0,0,1,4,2,1,1,0,1,0,0,0,.243,.317,.595,.912,.000,0,2,0,0,0,2,0
2025,801523,Chris Suero,Scottsdale Scorpions,2025-10-31,Salt River Rafters,False,True,825626,3,4,0,0,0,0,0,1,0,1,0,1,0,1,0,.225,.311,.550,.861,.000,1,1,0,0,0,1,0
2025,801523,Chris Suero,Scottsdale Scorpions,2025-11-01,Salt River Rafters,True,True,825611,4,5,1,0,0,0,1,1,1,0,0,1,0,1,0,.227,.300,.523,.823,.250,1,2,0,0,1,2,0
2025,801523,Chris Suero,Scottsdale Scorpions,2025-11-04,Mesa Solar Sox,False,False,825596,5,5,3,0,0,0,3,1,2,0,0,0,0,1,0,.265,.327,.531,.858,.600,2,0,0,0,0,2,0
2025,801523,Chris Suero,Scottsdale Scorpions,2025-11-05,Surprise Saguaros,False,True,825577,4,5,1,0,0,1,4,2,1,1,0,1,0,0,0,.264,.333,.566,.899,.000,0,2,0,0,0,3,0
2025,801523,Chris Suero,Scottsdale Scorpions,2025-11-06,Mesa Solar Sox,False,True,825593,3,4,2,0,0,0,2,1,1,1,0,0,0,0,0,.286,.359,.571,.930,.667,0,1,0,0,0,1,0
2025,801523,Chris Suero,Scottsdale Scorpions,2025-11-10,Salt River Rafters,False,False,825623,4,4,1,1,0,0,2,0,0,0,0,2,0,1,0,.283,.353,.567,.920,.500,0,1,0,0,0,5,0
2025,813896,Joseph Sullivan,Scottsdale Scorpions,2025-10-08,Salt River Rafters,True,True,825619,4,6,2,0,0,0,2,2,1,2,0,1,0,1,0,.500,.667,.500,1.167,.667,1,0,0,0,0,2,0
2025,813896,Joseph Sullivan,Scottsdale Scorpions,2025-10-10,Mesa Solar Sox,True,True,825620,4,5,1,0,0,0,1,2,0,0,0,2,1,1,0,.375,.545,.375,.920,.500,0,1,0,0,0,1,0
2025,813896,Joseph Sullivan,Scottsdale Scorpions,2025-10-15,Salt River Rafters,True,False,825622,5,6,2,0,0,0,2,2,0,1,0,0,0,2,0,.385,.529,.385,.914,.400,3,0,1,0,0,4,0
2025,813896,Joseph Sullivan,Scottsdale Scorpions,2025-10-16,Glendale Desert Dogs,True,True,825621,4,4,0,0,0,0,0,0,0,0,0,2,0,0,0,.294,.429,.294,.723,.000,1,1,0,0,0,0,0
2025,813896,Joseph Sullivan,Scottsdale Scorpions,2025-10-18,Surprise Saguaros,True,True,825614,3,4,3,0,1,0,5,1,4,0,0,0,0,0,0,.400,.480,.500,.980,.750,0,1,0,0,1,0,0
2025,813896,Joseph Sullivan,Scottsdale Scorpions,2025-10-21,Peoria Javelinas,False,False,825616,3,4,0,0,0,0,0,0,1,1,0,2,0,0,0,.348,.448,.435,.883,.000,0,1,0,0,0,3,0
2025,813896,Joseph Sullivan,Scottsdale Scorpions,2025-10-24,Salt River Rafters,False,True,825629,4,5,0,0,0,0,0,0,0,1,0,2,0,0,0,.296,.412,.370,.782,.000,2,0,1,0,0,2,0
2025,813896,Joseph Sullivan,Scottsdale Scorpions,2025-10-26,Mesa Solar Sox,True,True,825609,4,4,1,0,0,0,1,2,1,0,0,2,0,1,1,.290,.395,.355,.750,.500,1,0,0,0,0,0,0
2025,813896,Joseph Sullivan,Scottsdale Scorpions,2025-10-29,Surprise Saguaros,False,False,825583,4,5,1,1,0,0,2,0,3,1,0,1,0,0,0,.286,.395,.371,.766,.333,2,0,0,0,0,2,0
2025,813896,Joseph Sullivan,Scottsdale Scorpions,2025-10-30,Glendale Desert Dogs,True,True,825612,3,5,0,0,0,0,0,0,0,2,0,1,0,0,1,.263,.396,.342,.738,.000,1,1,0,0,0,5,0
2025,813896,Joseph Sullivan,Scottsdale Scorpions,2025-11-01,Salt River Rafters,True,True,825611,2,5,0,0,0,0,0,1,0,3,0,1,0,0,0,.250,.415,.325,.740,.000,1,0,0,0,0,0,0
2025,813896,Joseph Sullivan,Scottsdale Scorpions,2025-11-02,Peoria Javelinas,True,True,825610,3,3,1,1,0,0,2,1,0,0,0,1,0,0,0,.256,.411,.349,.760,.500,1,0,0,0,0,0,0
2025,813896,Joseph Sullivan,Scottsdale Scorpions,2025-11-05,Surprise Saguaros,False,True,825577,5,5,2,0,0,1,5,1,3,0,0,0,0,0,0,.271,.410,.417,.827,.250,2,1,1,0,0,3,0
2025,813896,Joseph Sullivan,Scottsdale Scorpions,2025-11-07,Glendale Desert Dogs,False,False,825655,3,4,2,0,0,0,2,1,0,1,0,0,0,2,0,.294,.431,.431,.862,.667,0,1,0,0,0,0,0
2025,813896,Joseph Sullivan,Scottsdale Scorpions,2025-11-11,Glendale Desert Dogs,True,False,825608,3,4,1,0,0,0,1,0,1,1,0,1,0,1,0,.296,.435,.426,.861,.500,0,1,0,0,0,1,0
2025,700784,Jeron Williams,Scottsdale Scorpions,2025-10-06,Peoria Javelinas,True,False,825618,2,4,0,0,0,0,0,0,0,2,0,1,0,1,0,.000,.500,.000,.500,.000,1,0,0,0,0,1,0
2025,700784,Jeron Williams,Scottsdale Scorpions,2025-10-09,Glendale Desert Dogs,False,False,825666,5,5,2,0,0,0,2,1,0,0,0,1,0,0,0,.286,.444,.286,.730,.500,2,0,0,0,0,1,0
2025,700784,Jeron Williams,Scottsdale Scorpions,2025-10-10,Mesa Solar Sox,True,True,825620,4,4,0,0,0,0,0,1,1,0,0,1,0,0,0,.182,.308,.182,.490,.000,3,0,0,0,0,2,0
2025,700784,Jeron Williams,Scottsdale Scorpions,2025-10-15,Salt River Rafters,True,False,825622,4,5,0,0,0,0,0,1,1,1,0,1,0,0,0,.133,.278,.133,.411,.000,2,1,1,0,0,5,0
2025,700784,Jeron Williams,Scottsdale Scorpions,2025-10-16,Glendale Desert Dogs,True,True,825621,3,3,0,0,0,0,0,0,0,0,0,0,0,0,0,.111,.238,.111,.349,.000,3,0,0,0,0,2,0
2025,700784,Jeron Williams,Scottsdale Scorpions,2025-10-21,Peoria Javelinas,False,True,825646,4,4,0,0,0,0,0,1,1,0,0,2,0,0,0,.091,.200,.091,.291,.000,2,0,0,0,0,7,0
2025,700784,Jeron Williams,Scottsdale Scorpions,2025-10-22,Surprise Saguaros,False,False,825586,3,3,0,0,0,0,0,0,0,0,0,0,0,0,0,.080,.179,.080,.259,.000,2,1,0,0,0,3,0
2025,700784,Jeron Williams,Scottsdale Scorpions,2025-10-26,Mesa Solar Sox,True,True,825609,3,4,1,0,0,0,1,1,0,0,0,0,1,1,0,.107,.219,.107,.326,.333,1,1,0,0,0,3,0
2025,700784,Jeron Williams,Scottsdale Scorpions,2025-10-29,Surprise Saguaros,False,False,825583,3,4,1,1,0,0,2,1,0,1,0,0,0,0,0,.129,.250,.161,.411,.333,2,0,0,0,0,4,0
2025,700784,Jeron Williams,Scottsdale Scorpions,2025-10-30,Glendale Desert Dogs,True,True,825612,3,4,1,0,0,0,1,1,0,1,0,0,0,0,0,.147,.275,.176,.451,.333,2,0,0,0,0,1,0
2025,700784,Jeron Williams,Scottsdale Scorpions,2025-11-02,Peoria Javelinas,True,True,825610,3,3,0,0,0,0,0,0,0,0,0,0,0,0,0,.135,.256,.162,.418,.000,3,0,0,0,0,1,0
2025,700784,Jeron Williams,Scottsdale Scorpions,2025-11-05,Surprise Saguaros,False,True,825577,4,4,0,0,0,0,0,0,0,0,0,0,0,0,0,.122,.234,.146,.380,.000,2,2,0,0,0,5,0
2025,700784,Jeron Williams,Scottsdale Scorpions,2025-11-07,Glendale Desert Dogs,False,False,825655,4,4,1,1,0,0,2,0,1,0,0,1,0,0,0,.133,.235,.178,.413,.333,2,0,0,0,0,3,0
2025,700784,Jeron Williams,Scottsdale Scorpions,2025-11-11,Glendale Desert Dogs,True,False,825608,3,4,1,1,0,0,2,1,1,1,0,1,0,1,0,.146,.255,.208,.463,.500,0,1,0,0,0,3,0
2025,689196,Owen Ayers,Mesa Solar Sox,2025-10-07,Surprise Saguaros,True,False,825607,3,4,2,0,0,1,5,2,2,1,0,0,0,0,0,.667,.750,1.667,2.417,.500,0,1,0,0,0,0,0
2025,689196,Owen Ayers,Mesa Solar Sox,2025-10-09,Salt River Rafters,False,True,825637,5,5,3,2,0,0,5,1,2,0,0,0,0,0,0,.625,.667,1.250,1.917,.600,0,2,0,0,0,1,0
2025,689196,Owen Ayers,Mesa Solar Sox,2025-10-10,Scottsdale Scorpions,False,False,825620,3,4,0,0,0,0,0,0,0,1,0,2,0,0,0,.455,.538,.909,1.447,.000,0,1,0,0,0,0,0
2025,689196,Owen Ayers,Mesa Solar Sox,2025-10-14,Surprise Saguaros,True,True,825604,4,4,1,0,0,1,4,1,3,0,0,0,0,0,0,.400,.471,.933,1.404,.000,1,2,0,0,0,4,0
2025,689196,Owen Ayers,Mesa Solar Sox,2025-10-15,Surprise Saguaros,False,False,825589,3,4,0,0,0,0,0,0,0,1,0,0,0,0,0,.333,.429,.778,1.207,.000,2,1,0,0,0,2,0
2025,689196,Owen Ayers,Mesa Solar Sox,2025-10-17,Scottsdale Scorpions,True,False,825595,4,4,2,0,0,0,2,0,0,0,0,1,0,0,0,.364,.440,.727,1.167,.667,1,0,0,0,0,2,0
2025,689196,Owen Ayers,Mesa Solar Sox,2025-10-19,Peoria Javelinas,False,True,825645,3,6,1,1,0,0,2,1,1,3,0,2,0,0,0,.360,.484,.720,1.204,1.000,0,0,0,0,0,2,0
2025,689196,Owen Ayers,Mesa Solar Sox,2025-10-21,Salt River Rafters,True,False,825601,2,3,0,0,0,0,0,0,0,1,0,1,0,0,0,.333,.471,.667,1.138,.000,1,0,0,0,0,2,0
2025,689196,Owen Ayers,Mesa Solar Sox,2025-10-23,Surprise Saguaros,True,False,825600,4,5,1,0,0,0,1,1,0,1,0,1,0,0,0,.323,.462,.613,1.075,.333,2,0,0,0,0,0,0
2025,689196,Owen Ayers,Mesa Solar Sox,2025-10-25,Surprise Saguaros,False,True,825585,2,6,1,0,0,0,1,3,1,3,0,0,1,0,0,.333,.511,.606,1.117,.500,1,0,0,0,0,1,0
2025,689196,Owen Ayers,Mesa Solar Sox,2025-10-26,Scottsdale Scorpions,False,False,825609,4,5,4,1,0,0,5,0,1,1,0,0,0,1,0,.405,.560,.676,1.236,1.000,0,0,0,0,0,0,0
2025,689196,Owen Ayers,Mesa Solar Sox,2025-10-28,Glendale Desert Dogs,True,True,825599,3,6,2,0,0,0,2,1,1,3,0,0,0,0,0,.425,.589,.675,1.264,.667,1,0,0,0,0,0,0
2025,689196,Owen Ayers,Mesa Solar Sox,2025-10-29,Glendale Desert Dogs,False,False,825656,3,3,0,0,0,0,0,0,0,0,0,0,0,0,0,.395,.559,.628,1.187,.000,0,3,0,0,0,0,0
2025,689196,Owen Ayers,Mesa Solar Sox,2025-10-30,Salt River Rafters,False,True,825627,3,4,0,0,0,0,0,1,0,1,0,1,0,0,0,.370,.540,.587,1.127,.000,1,1,1,0,0,3,0
2025,689196,Owen Ayers,Mesa Solar Sox,2025-11-01,Glendale Desert Dogs,True,True,825598,3,5,1,0,0,1,4,2,2,2,0,1,0,0,0,.367,.544,.633,1.177,.000,0,1,0,0,0,0,0
2025,689196,Owen Ayers,Mesa Solar Sox,2025-11-02,Salt River Rafters,True,True,825597,4,4,1,0,0,0,1,0,0,0,0,0,0,0,0,.358,.528,.604,1.132,.250,2,1,0,0,0,3,0
2025,689196,Owen Ayers,Mesa Solar Sox,2025-11-04,Scottsdale Scorpions,True,True,825596,5,6,3,1,0,0,4,3,1,1,0,0,0,0,0,.379,.538,.621,1.159,.600,1,1,0,0,0,3,0
2025,689196,Owen Ayers,Mesa Solar Sox,2025-11-05,Glendale Desert Dogs,True,False,825594,1,3,0,0,0,0,0,1,0,2,0,0,0,0,0,.373,.543,.610,1.153,.000,1,0,0,0,0,0,0
2025,689196,Owen Ayers,Mesa Solar Sox,2025-11-07,Peoria Javelinas,False,False,825640,4,4,1,0,0,0,1,0,0,0,0,1,0,0,0,.365,.529,.587,1.116,.333,2,0,0,0,0,1,0
2025,689196,Owen Ayers,Mesa Solar Sox,2025-11-11,Peoria Javelinas,True,True,825592,3,4,2,0,0,0,2,0,2,1,0,0,0,0,0,.379,.539,.591,1.130,.667,0,1,0,0,0,0,0
2025,806965,Starlyn Caba,Mesa Solar Sox,2025-10-07,Surprise Saguaros,True,False,825607,3,3,2,1,0,0,3,0,0,0,0,1,0,1,0,.667,.667,1.000,1.667,1.000,0,0,0,0,0,0,0
2025,806965,Starlyn Caba,Mesa Solar Sox,2025-10-10,Scottsdale Scorpions,False,False,825620,4,4,1,0,0,0,1,1,0,0,0,1,0,0,0,.429,.429,.571,1.000,.333,2,0,0,0,0,1,0
2025,806965,Starlyn Caba,Mesa Solar Sox,2025-10-14,Surprise Saguaros,True,True,825604,3,4,0,0,0,0,0,0,0,1,0,2,0,0,0,.300,.364,.400,.764,.000,0,1,0,0,0,1,0
2025,806965,Starlyn Caba,Mesa Solar Sox,2025-10-15,Surprise Saguaros,False,False,825589,2,5,0,0,0,0,0,0,0,3,0,2,0,0,1,.250,.438,.333,.771,.---,0,0,0,0,0,2,0
2025,806965,Starlyn Caba,Mesa Solar Sox,2025-10-17,Scottsdale Scorpions,True,False,825595,3,4,0,0,0,0,0,0,0,1,0,0,0,0,0,.200,.400,.267,.667,.000,3,0,0,0,0,0,0
2025,806965,Starlyn Caba,Mesa Solar Sox,2025-10-19,Peoria Javelinas,False,True,825645,6,6,2,0,0,0,2,0,0,0,0,1,0,0,0,.238,.385,.286,.671,.400,2,1,0,0,0,6,0
2025,806965,Starlyn Caba,Mesa Solar Sox,2025-10-21,Salt River Rafters,True,True,825605,4,4,2,0,0,0,2,1,0,0,0,0,0,0,0,.280,.400,.320,.720,.500,0,2,0,0,0,2,0
2025,806965,Starlyn Caba,Mesa Solar Sox,2025-10-23,Surprise Saguaros,True,False,825600,4,5,1,0,0,1,4,1,2,1,0,2,0,0,0,.276,.400,.414,.814,.000,0,1,0,0,0,5,0
2025,806965,Starlyn Caba,Mesa Solar Sox,2025-10-25,Surprise Saguaros,False,True,825585,4,6,1,0,0,0,1,1,1,2,0,1,0,0,1,.273,.415,.394,.809,.333,1,1,0,0,0,0,0
2025,806965,Starlyn Caba,Mesa Solar Sox,2025-10-26,Scottsdale Scorpions,False,False,825609,4,5,0,0,0,0,0,1,1,1,0,0,0,0,0,.243,.391,.351,.742,.000,3,1,0,0,0,4,0
2025,806965,Starlyn Caba,Mesa Solar Sox,2025-10-28,Glendale Desert Dogs,True,True,825599,5,6,2,0,0,0,2,1,0,1,0,0,0,0,0,.262,.404,.357,.761,.400,2,1,0,0,0,6,0
2025,806965,Starlyn Caba,Mesa Solar Sox,2025-10-30,Salt River Rafters,False,True,825627,5,5,3,0,0,0,3,0,1,0,0,1,0,0,1,.298,.421,.383,.804,.750,0,1,0,0,0,0,0
2025,806965,Starlyn Caba,Mesa Solar Sox,2025-10-31,Surprise Saguaros,False,True,825582,5,5,2,0,0,1,5,1,3,0,0,2,0,0,0,.308,.419,.442,.861,.500,1,0,0,0,0,1,0
2025,806965,Starlyn Caba,Mesa Solar Sox,2025-11-02,Salt River Rafters,True,True,825597,3,5,2,1,0,0,3,0,1,2,0,0,0,1,0,.327,.448,.473,.921,.667,0,1,0,0,0,0,0
2025,806965,Starlyn Caba,Mesa Solar Sox,2025-11-04,Scottsdale Scorpions,True,True,825596,6,6,2,0,0,0,2,1,1,0,0,2,0,0,0,.328,.438,.459,.897,.500,1,1,0,0,0,2,0
2025,806965,Starlyn Caba,Mesa Solar Sox,2025-11-05,Glendale Desert Dogs,True,False,825594,6,6,1,0,0,0,1,1,0,0,0,2,0,0,0,.313,.418,.433,.851,.250,3,0,0,0,0,7,0
2025,806965,Starlyn Caba,Mesa Solar Sox,2025-11-07,Peoria Javelinas,False,False,825640,3,4,1,1,0,0,2,0,0,1,0,0,0,0,0,.314,.422,.443,.865,.333,1,1,0,0,0,0,0
2025,806965,Starlyn Caba,Mesa Solar Sox,2025-11-10,Glendale Desert Dogs,False,True,825653,4,5,0,0,0,0,0,0,0,1,0,2,0,0,0,.297,.409,.419,.828,.000,1,1,0,0,0,7,0
2025,806967,Brailer Guerrero,Mesa Solar Sox,2025-10-07,Surprise Saguaros,True,False,825607,5,5,1,0,0,0,1,1,0,0,0,3,0,0,0,.200,.200,.200,.400,.500,1,0,0,0,0,4,0
2025,806967,Brailer Guerrero,Mesa Solar Sox,2025-10-08,Peoria Javelinas,True,False,825606,5,5,0,0,0,0,0,0,0,0,0,3,0,0,0,.100,.100,.100,.200,.000,2,0,0,0,0,2,0
2025,806967,Brailer Guerrero,Mesa Solar Sox,2025-10-10,Scottsdale Scorpions,False,False,825620,4,4,0,0,0,0,0,0,0,0,0,3,0,0,0,.071,.071,.071,.142,.000,1,0,0,0,0,3,0
2025,806967,Brailer Guerrero,Mesa Solar Sox,2025-10-15,Surprise Saguaros,False,False,825589,3,4,0,0,0,0,0,0,0,1,0,1,0,0,0,.059,.111,.059,.170,.000,2,0,0,0,0,3,0
2025,806967,Brailer Guerrero,Mesa Solar Sox,2025-10-16,Peoria Javelinas,True,False,825603,4,4,0,0,0,0,0,0,0,0,0,3,0,0,0,.048,.091,.048,.139,.000,1,0,0,0,0,1,0
2025,806967,Brailer Guerrero,Mesa Solar Sox,2025-10-18,Glendale Desert Dogs,False,True,825663,3,4,1,0,0,0,1,1,1,1,0,2,0,1,0,.083,.154,.083,.237,1.000,0,0,0,0,0,1,0
2025,806967,Brailer Guerrero,Mesa Solar Sox,2025-10-21,Salt River Rafters,True,True,825605,2,3,0,0,0,0,0,1,0,1,0,1,0,1,0,.077,.172,.077,.249,.000,1,0,0,0,0,1,0
2025,690992,Ed Howard,Mesa Solar Sox,2025-10-07,Surprise Saguaros,True,False,825607,4,4,0,0,0,0,0,0,0,0,0,2,0,0,0,.000,.000,.000,.000,.000,1,1,0,0,0,0,0
2025,690992,Ed Howard,Mesa Solar Sox,2025-10-09,Salt River Rafters,False,True,825637,2,4,0,0,0,0,0,1,0,2,0,2,0,0,0,.000,.250,.000,.250,.---,0,0,0,0,0,1,0
2025,690992,Ed Howard,Mesa Solar Sox,2025-10-16,Peoria Javelinas,True,False,825603,3,4,1,0,0,0,1,0,0,1,0,0,0,0,0,.111,.333,.111,.444,.333,2,0,0,0,0,0,0
2025,690992,Ed Howard,Mesa Solar Sox,2025-10-17,Scottsdale Scorpions,True,False,825595,3,3,0,0,0,0,0,0,0,0,0,2,0,0,0,.083,.267,.083,.350,.000,1,0,1,0,0,1,0
2025,690992,Ed Howard,Mesa Solar Sox,2025-10-18,Glendale Desert Dogs,False,True,825663,2,3,0,0,0,0,0,1,0,1,0,2,0,0,0,.071,.278,.071,.349,.---,0,0,0,0,0,1,0
2025,690992,Ed Howard,Mesa Solar Sox,2025-10-21,Salt River Rafters,True,False,825601,3,3,0,0,0,0,0,0,0,0,0,2,0,0,0,.059,.238,.059,.297,.000,0,1,0,0,0,2,0
2025,690992,Ed Howard,Mesa Solar Sox,2025-10-22,Salt River Rafters,False,False,825631,3,3,2,0,0,0,2,0,0,0,0,0,0,1,0,.150,.292,.150,.442,.667,1,0,0,0,0,1,0
2025,690992,Ed Howard,Mesa Solar Sox,2025-10-26,Scottsdale Scorpions,False,False,825609,3,4,1,0,0,0,1,0,0,0,0,1,1,0,0,.174,.321,.174,.495,.500,1,0,0,0,0,0,0
2025,690992,Ed Howard,Mesa Solar Sox,2025-10-29,Glendale Desert Dogs,False,False,825656,3,3,1,0,0,0,1,0,0,0,0,1,0,0,0,.192,.323,.192,.515,.500,1,0,0,0,0,0,0
2025,690992,Ed Howard,Mesa Solar Sox,2025-10-31,Surprise Saguaros,False,True,825582,3,4,1,1,0,0,2,0,0,1,0,2,0,0,0,.207,.343,.241,.584,1.000,0,0,0,0,0,2,0
2025,690992,Ed Howard,Mesa Solar Sox,2025-11-01,Glendale Desert Dogs,True,True,825598,4,5,2,0,0,0,2,1,1,1,0,1,0,2,0,.242,.375,.273,.648,.667,1,0,0,0,0,1,0
2025,690992,Ed Howard,Mesa Solar Sox,2025-11-02,Salt River Rafters,True,True,825597,4,4,1,0,0,0,1,1,2,0,0,1,0,0,0,.243,.364,.270,.634,.333,2,0,0,0,0,0,0
2025,690992,Ed Howard,Mesa Solar Sox,2025-11-04,Scottsdale Scorpions,True,True,825596,6,6,0,0,0,0,0,0,0,0,0,1,0,0,0,.209,.320,.233,.553,.000,4,1,1,0,0,8,0
2025,690992,Ed Howard,Mesa Solar Sox,2025-11-05,Glendale Desert Dogs,True,False,825594,3,5,1,1,0,0,2,1,1,2,0,1,0,0,0,.217,.345,.261,.606,.500,1,0,0,0,0,2,0
2025,690992,Ed Howard,Mesa Solar Sox,2025-11-06,Scottsdale Scorpions,True,False,825593,3,3,1,0,0,0,1,0,0,0,0,0,0,0,0,.224,.345,.265,.610,.333,0,2,0,0,0,2,0
2025,690992,Ed Howard,Mesa Solar Sox,2025-11-10,Glendale Desert Dogs,False,True,825653,2,4,0,0,0,0,0,0,0,2,0,1,0,0,0,.216,.355,.255,.610,.000,1,0,0,0,0,2,0
2025,690992,Ed Howard,Mesa Solar Sox,2025-11-11,Peoria Javelinas,True,True,825592,3,3,1,0,0,0,1,1,1,0,0,0,0,1,0,.222,.354,.259,.613,.333,2,0,2,0,0,2,0
2025,811965,Joshua Kuroda-Grauer,Mesa Solar Sox,2025-10-07,Surprise Saguaros,True,False,825607,2,2,0,0,0,0,0,0,0,0,0,0,0,0,0,.000,.000,.000,.000,.000,0,2,0,0,0,0,0
2025,811965,Joshua Kuroda-Grauer,Mesa Solar Sox,2025-10-08,Peoria Javelinas,True,False,825606,5,5,1,1,0,0,2,1,0,0,0,1,0,0,0,.143,.143,.286,.429,.250,2,1,0,0,0,1,0
2025,811965,Joshua Kuroda-Grauer,Mesa Solar Sox,2025-10-14,Surprise Saguaros,True,True,825604,4,4,1,0,0,0,1,0,0,0,0,1,0,1,0,.182,.182,.273,.455,.333,1,1,0,0,0,2,0
2025,811965,Joshua Kuroda-Grauer,Mesa Solar Sox,2025-10-16,Peoria Javelinas,True,False,825603,3,4,0,0,0,0,0,0,0,1,0,1,0,0,0,.143,.200,.214,.414,.000,1,1,0,0,0,2,0
2025,811965,Joshua Kuroda-Grauer,Mesa Solar Sox,2025-10-18,Glendale Desert Dogs,False,True,825663,2,4,1,0,0,0,1,2,0,1,0,0,1,1,0,.188,.316,.250,.566,.500,0,1,0,0,0,2,0
2025,811965,Joshua Kuroda-Grauer,Mesa Solar Sox,2025-10-21,Salt River Rafters,True,False,825601,3,3,0,0,0,0,0,0,0,0,0,0,0,0,0,.158,.273,.211,.484,.000,0,3,0,0,0,1,0
2025,811965,Joshua Kuroda-Grauer,Mesa Solar Sox,2025-10-21,Salt River Rafters,True,True,825605,1,1,1,0,0,0,1,0,2,0,0,0,0,1,0,.200,.304,.250,.554,1.000,0,0,0,0,0,0,0
2025,811965,Joshua Kuroda-Grauer,Mesa Solar Sox,2025-10-23,Surprise Saguaros,True,False,825600,5,5,3,2,0,0,5,2,1,0,0,0,0,1,0,.280,.357,.400,.757,.600,2,0,0,0,0,2,0
2025,811965,Joshua Kuroda-Grauer,Mesa Solar Sox,2025-10-29,Glendale Desert Dogs,False,False,825656,3,3,2,0,1,0,4,2,1,0,0,1,0,1,0,.321,.387,.500,.887,1.000,0,0,0,0,0,1,0
2025,811965,Joshua Kuroda-Grauer,Mesa Solar Sox,2025-10-30,Salt River Rafters,False,True,825627,4,4,1,1,0,0,2,1,2,0,0,0,0,0,0,.313,.371,.500,.871,.250,2,1,0,0,0,0,0
2025,811965,Joshua Kuroda-Grauer,Mesa Solar Sox,2025-10-31,Surprise Saguaros,False,True,825582,4,4,3,1,0,0,4,1,0,0,0,0,0,1,0,.361,.410,.556,.966,.750,1,0,0,0,0,2,0
2025,811965,Joshua Kuroda-Grauer,Mesa Solar Sox,2025-11-01,Glendale Desert Dogs,True,True,825598,5,5,1,0,0,0,1,0,0,0,0,0,0,0,0,.341,.386,.512,.898,.200,2,2,0,0,0,3,0
2025,811965,Joshua Kuroda-Grauer,Mesa Solar Sox,2025-11-02,Salt River Rafters,True,True,825597,3,5,0,0,0,0,0,1,0,1,0,1,1,1,0,.318,.388,.477,.865,.000,1,1,1,0,0,2,0
2025,811965,Joshua Kuroda-Grauer,Mesa Solar Sox,2025-11-05,Glendale Desert Dogs,True,False,825594,4,5,2,0,0,0,2,1,2,1,0,1,0,0,0,.333,.407,.479,.886,.667,0,1,0,0,0,0,0
2025,811965,Joshua Kuroda-Grauer,Mesa Solar Sox,2025-11-06,Scottsdale Scorpions,True,False,825593,2,3,1,0,0,0,1,1,0,1,0,1,0,0,0,.340,.421,.480,.901,1.000,0,0,0,0,0,1,0
2025,811965,Joshua Kuroda-Grauer,Mesa Solar Sox,2025-11-07,Peoria Javelinas,False,False,825640,4,4,1,0,0,0,1,0,0,0,0,0,0,0,0,.333,.410,.463,.873,.250,2,1,0,0,0,3,0
2025,811965,Joshua Kuroda-Grauer,Mesa Solar Sox,2025-11-10,Glendale Desert Dogs,False,True,825653,0,0,0,0,0,0,0,0,0,0,0,0,0,0,0,.333,.410,.463,.873,.---,0,0,0,0,0,0,0
2025,811965,Joshua Kuroda-Grauer,Mesa Solar Sox,2025-11-11,Peoria Javelinas,True,True,825592,4,4,2,1,0,0,3,0,0,0,0,0,0,0,0,.345,.415,.483,.898,.500,1,1,0,0,0,1,0
2025,805782,Ryan Lasko,Mesa Solar Sox,2025-10-08,Peoria Javelinas,True,False,825606,5,5,2,0,0,0,2,1,1,0,0,1,0,0,1,.400,.400,.400,.800,.500,1,1,0,0,0,2,0
2025,805782,Ryan Lasko,Mesa Solar Sox,2025-10-10,Scottsdale Scorpions,False,False,825620,4,4,1,0,0,0,1,0,0,0,0,2,0,0,0,.333,.333,.333,.666,.500,0,1,0,0,0,3,0
2025,805782,Ryan Lasko,Mesa Solar Sox,2025-10-15,Surprise Saguaros,False,False,825589,3,4,2,0,0,0,2,0,1,1,0,1,0,0,1,.417,.462,.417,.879,1.000,0,0,0,0,0,1,0
2025,805782,Ryan Lasko,Mesa Solar Sox,2025-10-17,Scottsdale Scorpions,True,False,825595,3,3,1,0,0,0,1,0,0,0,0,1,0,0,0,.400,.438,.400,.838,.500,0,1,0,0,0,0,0
2025,805782,Ryan Lasko,Mesa Solar Sox,2025-10-18,Glendale Desert Dogs,False,True,825663,3,4,1,1,0,0,2,1,2,1,0,1,0,1,0,.389,.450,.444,.894,.500,0,1,0,0,0,0,0
2025,805782,Ryan Lasko,Mesa Solar Sox,2025-10-19,Peoria Javelinas,False,True,825645,5,6,2,0,0,0,2,2,0,1,0,1,0,1,1,.391,.462,.435,.897,.500,1,1,0,0,0,3,0
2025,805782,Ryan Lasko,Mesa Solar Sox,2025-10-21,Salt River Rafters,True,False,825601,2,3,0,0,0,0,0,0,0,1,0,0,0,0,0,.360,.448,.400,.848,.000,1,1,0,0,0,0,0
2025,805782,Ryan Lasko,Mesa Solar Sox,2025-10-21,Salt River Rafters,True,True,825605,1,2,0,0,0,0,0,0,0,1,0,0,0,0,1,.346,.452,.385,.837,.000,0,1,0,0,0,0,0
2025,805782,Ryan Lasko,Mesa Solar Sox,2025-10-22,Salt River Rafters,False,False,825631,3,4,1,0,0,0,1,1,0,1,0,1,0,0,0,.345,.457,.379,.836,.500,1,0,0,0,0,0,0
2025,805782,Ryan Lasko,Mesa Solar Sox,2025-10-23,Surprise Saguaros,True,False,825600,3,4,2,1,0,0,3,1,0,1,0,1,0,1,0,.375,.487,.438,.925,1.000,0,0,0,0,0,0,0
2025,805782,Ryan Lasko,Mesa Solar Sox,2025-10-25,Surprise Saguaros,False,True,825585,5,5,1,0,0,0,1,1,0,0,0,1,0,0,0,.351,.455,.405,.860,.250,2,1,0,0,0,0,0
2025,805782,Ryan Lasko,Mesa Solar Sox,2025-10-26,Scottsdale Scorpions,False,False,825609,4,4,2,1,0,0,3,1,1,0,0,1,0,0,1,.366,.458,.439,.897,.667,0,1,0,0,0,2,0
2025,805782,Ryan Lasko,Mesa Solar Sox,2025-10-28,Glendale Desert Dogs,True,True,825599,3,5,1,0,0,0,1,1,0,2,0,1,0,1,0,.364,.472,.432,.904,.500,1,0,0,0,0,1,0
2025,805782,Ryan Lasko,Mesa Solar Sox,2025-10-29,Glendale Desert Dogs,False,False,825656,2,3,2,1,0,0,3,0,2,0,0,0,0,0,0,.391,.482,.478,.960,.667,0,1,0,0,1,0,0
2025,805782,Ryan Lasko,Mesa Solar Sox,2025-10-30,Salt River Rafters,False,True,825627,2,2,0,0,0,0,0,0,0,0,0,0,0,0,0,.375,.466,.458,.924,.000,1,1,0,0,0,0,0
2025,805782,Ryan Lasko,Mesa Solar Sox,2025-10-31,Surprise Saguaros,False,True,825582,3,4,2,0,0,0,2,0,2,1,0,0,0,1,0,.392,.484,.471,.955,.667,0,1,0,0,0,2,0
2025,805782,Ryan Lasko,Mesa Solar Sox,2025-11-01,Glendale Desert Dogs,True,True,825598,5,5,1,0,0,0,1,1,0,0,0,3,0,1,0,.375,.463,.446,.909,.500,1,0,0,0,0,3,0
2025,805782,Ryan Lasko,Mesa Solar Sox,2025-11-02,Salt River Rafters,True,True,825597,3,4,1,1,0,0,2,1,1,1,0,1,0,0,0,.373,.465,.458,.923,.500,1,0,1,0,0,4,0
2025,805782,Ryan Lasko,Mesa Solar Sox,2025-11-05,Glendale Desert Dogs,True,False,825594,4,5,2,0,0,0,2,0,1,1,0,0,0,1,0,.381,.474,.460,.934,.500,0,2,0,0,0,2,0
2025,805782,Ryan Lasko,Mesa Solar Sox,2025-11-07,Peoria Javelinas,False,False,825640,4,4,1,0,0,0,1,0,0,0,0,1,0,1,0,.373,.463,.448,.911,.333,1,1,0,0,0,3,0
2025,805782,Ryan Lasko,Mesa Solar Sox,2025-11-10,Glendale Desert Dogs,False,True,825653,3,4,0,0,0,0,0,0,1,1,0,2,0,1,0,.357,.452,.429,.881,.000,1,0,0,0,0,6,0
2025,695573,Cole Mathis,Mesa Solar Sox,2025-10-08,Peoria Javelinas,True,False,825606,3,4,3,0,0,0,3,1,2,1,0,0,0,0,0,1.000,1.000,1.000,2.000,1.000,0,0,0,0,0,0,0
2025,695573,Cole Mathis,Mesa Solar Sox,2025-10-10,Scottsdale Scorpions,False,False,825620,3,3,1,0,0,0,1,0,1,0,0,1,0,0,0,.667,.714,.667,1.381,.500,1,0,0,0,0,1,0
2025,695573,Cole Mathis,Mesa Solar Sox,2025-10-14,Surprise Saguaros,True,True,825604,2,4,0,0,0,0,0,0,1,1,0,2,0,0,0,.500,.545,.500,1.045,.000,0,1,0,0,1,0,0
2025,695573,Cole Mathis,Mesa Solar Sox,2025-10-17,Scottsdale Scorpions,True,False,825595,3,3,0,0,0,0,0,0,0,0,0,1,0,0,0,.364,.429,.364,.793,.000,1,1,0,0,0,1,0
2025,695573,Cole Mathis,Mesa Solar Sox,2025-10-19,Peoria Javelinas,False,True,825645,4,5,2,0,0,1,5,2,3,1,0,0,0,0,0,.400,.474,.600,1.074,.333,1,1,0,0,0,1,0
2025,695573,Cole Mathis,Mesa Solar Sox,2025-10-21,Salt River Rafters,True,True,825605,3,3,1,0,0,0,1,1,0,0,0,1,0,0,0,.389,.455,.556,1.011,.500,0,1,0,0,0,2,0
2025,695573,Cole Mathis,Mesa Solar Sox,2025-10-22,Salt River Rafters,False,False,825631,3,4,0,0,0,0,0,0,0,1,0,1,0,0,0,.333,.423,.476,.899,.000,0,2,0,0,0,3,0
2025,695573,Cole Mathis,Mesa Solar Sox,2025-10-23,Surprise Saguaros,True,False,825600,4,4,2,0,0,0,2,0,2,0,0,1,0,0,0,.360,.433,.480,.913,.667,1,0,0,0,0,2,0
2025,695573,Cole Mathis,Mesa Solar Sox,2025-10-26,Scottsdale Scorpions,False,False,825609,4,5,1,0,0,0,1,1,0,1,0,1,0,0,0,.345,.429,.448,.877,.333,1,1,0,0,0,0,0
2025,695573,Cole Mathis,Mesa Solar Sox,2025-10-28,Glendale Desert Dogs,True,True,825599,4,6,2,0,0,1,5,2,5,2,0,0,0,0,0,.364,.463,.545,1.008,.333,0,2,0,0,0,4,0
2025,695573,Cole Mathis,Mesa Solar Sox,2025-10-29,Glendale Desert Dogs,False,False,825656,2,3,0,0,0,0,0,1,0,1,0,2,0,1,0,.343,.455,.514,.969,.---,0,0,0,0,0,1,0
2025,695573,Cole Mathis,Mesa Solar Sox,2025-10-31,Surprise Saguaros,False,True,825582,4,4,1,0,0,0,1,1,0,0,0,2,0,0,0,.333,.438,.487,.925,.500,1,0,0,0,0,2,0
2025,695573,Cole Mathis,Mesa Solar Sox,2025-11-01,Glendale Desert Dogs,True,True,825598,4,5,0,0,0,0,0,0,0,1,0,3,0,0,0,.302,.415,.442,.857,.000,0,1,0,0,0,3,0
2025,695573,Cole Mathis,Mesa Solar Sox,2025-11-05,Glendale Desert Dogs,True,False,825594,3,5,0,0,0,0,0,2,0,2,0,0,0,0,0,.283,.414,.413,.827,.000,1,2,0,0,0,2,0
2025,695573,Cole Mathis,Mesa Solar Sox,2025-11-07,Peoria Javelinas,False,False,825640,2,4,0,0,0,0,0,0,0,2,0,1,0,1,0,.271,.419,.396,.815,.000,0,1,0,0,0,2,0
2025,695573,Cole Mathis,Mesa Solar Sox,2025-11-10,Glendale Desert Dogs,False,True,825653,2,4,1,0,0,0,1,0,1,2,0,0,0,1,0,.280,.439,.400,.839,.500,1,0,0,0,0,0,0
2025,815089,Coby Morales,Mesa Solar Sox,2025-10-08,Peoria Javelinas,True,False,825606,2,4,1,0,0,1,4,1,2,2,0,1,0,0,0,.500,.750,2.000,2.750,.---,0,0,0,0,0,1,0
2025,815089,Coby Morales,Mesa Solar Sox,2025-10-09,Salt River Rafters,False,True,825637,3,4,0,0,0,0,0,0,0,0,0,2,1,1,1,.200,.500,.800,1.300,.000,1,0,0,0,0,1,0
2025,815089,Coby Morales,Mesa Solar Sox,2025-10-15,Surprise Saguaros,False,False,825589,4,4,0,0,0,0,0,0,0,0,0,2,0,0,0,.111,.333,.444,.777,.000,2,0,0,0,0,0,0
2025,815089,Coby Morales,Mesa Solar Sox,2025-10-16,Peoria Javelinas,True,False,825603,4,4,2,1,0,0,3,0,1,0,0,0,0,0,0,.231,.375,.538,.913,.500,1,1,0,0,0,2,0
2025,815089,Coby Morales,Mesa Solar Sox,2025-10-17,Scottsdale Scorpions,True,False,825595,3,3,2,0,0,0,2,0,0,0,0,1,0,0,0,.313,.421,.563,.984,1.000,0,0,0,0,0,2,0
2025,815089,Coby Morales,Mesa Solar Sox,2025-11-04,Scottsdale Scorpions,True,True,825596,5,6,3,1,0,0,4,2,4,1,0,1,0,0,1,.381,.480,.619,1.099,.750,1,0,0,0,0,4,0
2025,815089,Coby Morales,Mesa Solar Sox,2025-11-06,Scottsdale Scorpions,True,False,825593,3,3,1,0,0,0,1,1,0,0,0,1,0,1,0,.375,.464,.583,1.047,.500,1,0,0,0,0,0,0
2025,815089,Coby Morales,Mesa Solar Sox,2025-11-11,Peoria Javelinas,True,True,825592,3,3,0,0,0,0,0,0,0,0,0,1,0,0,0,.333,.419,.519,.938,.000,1,1,0,0,0,4,0
2025,703563,PJ Morlando,Mesa Solar Sox,2025-10-07,Surprise Saguaros,True,False,825607,4,4,0,0,0,0,0,0,0,0,0,1,0,0,0,.000,.000,.000,.000,.000,0,3,0,0,0,2,0
2025,703563,PJ Morlando,Mesa Solar Sox,2025-10-09,Salt River Rafters,False,True,825637,3,4,1,0,0,0,1,2,0,1,0,1,0,0,0,.143,.250,.143,.393,.500,0,1,0,0,0,1,0
2025,703563,PJ Morlando,Mesa Solar Sox,2025-10-14,Surprise Saguaros,True,True,825604,4,4,0,0,0,0,0,0,0,0,0,2,0,0,0,.091,.167,.091,.258,.000,0,2,0,0,0,2,0
2025,703563,PJ Morlando,Mesa Solar Sox,2025-10-16,Peoria Javelinas,True,False,825603,4,4,0,0,0,0,0,0,0,0,0,3,0,0,1,.067,.125,.067,.192,.000,1,0,0,0,0,1,0
2025,703563,PJ Morlando,Mesa Solar Sox,2025-10-18,Glendale Desert Dogs,False,True,825663,3,4,0,0,0,0,0,0,0,1,0,3,0,0,0,.056,.150,.056,.206,.---,0,0,0,0,0,1,0
2025,703563,PJ Morlando,Mesa Solar Sox,2025-10-19,Peoria Javelinas,False,True,825645,5,5,2,0,0,0,2,1,3,0,0,1,0,0,0,.130,.200,.130,.330,.500,2,0,0,0,0,3,0
2025,703563,PJ Morlando,Mesa Solar Sox,2025-10-21,Salt River Rafters,True,False,825601,2,2,0,0,0,0,0,0,0,0,0,1,0,0,0,.120,.185,.120,.305,.000,0,1,0,0,0,2,0
2025,703563,PJ Morlando,Mesa Solar Sox,2025-10-21,Salt River Rafters,True,True,825605,2,3,1,0,0,0,1,1,0,1,0,0,0,0,0,.148,.233,.148,.381,.500,0,1,0,0,0,1,0
2025,703563,PJ Morlando,Mesa Solar Sox,2025-10-22,Salt River Rafters,False,False,825631,4,4,0,0,0,0,0,0,0,0,0,2,0,0,0,.129,.206,.129,.335,.000,1,1,0,0,0,1,0
2025,703563,PJ Morlando,Mesa Solar Sox,2025-10-23,Surprise Saguaros,True,False,825600,3,4,1,0,0,0,1,0,0,1,0,1,0,0,0,.147,.237,.147,.384,.500,1,0,1,0,0,1,0
2025,703563,PJ Morlando,Mesa Solar Sox,2025-10-26,Scottsdale Scorpions,False,False,825609,5,5,0,0,0,0,0,0,0,0,0,2,0,0,0,.128,.209,.128,.337,.000,0,3,0,0,0,3,0
2025,703563,PJ Morlando,Mesa Solar Sox,2025-10-28,Glendale Desert Dogs,True,True,825599,2,5,0,0,0,0,0,1,1,2,0,1,1,1,0,.122,.250,.122,.372,.000,1,0,0,0,0,3,0
2025,703563,PJ Morlando,Mesa Solar Sox,2025-10-29,Glendale Desert Dogs,False,False,825656,3,3,0,0,0,0,0,0,0,0,0,0,0,0,0,.114,.235,.114,.349,.000,0,3,0,0,0,3,0
2025,703563,PJ Morlando,Mesa Solar Sox,2025-10-30,Salt River Rafters,False,True,825627,1,2,0,0,0,0,0,1,0,1,0,0,0,0,0,.111,.245,.111,.356,.000,0,1,0,0,0,1,0
2025,703563,PJ Morlando,Mesa Solar Sox,2025-11-05,Glendale Desert Dogs,True,False,825594,5,5,1,0,0,0,1,0,0,0,0,0,0,0,0,.120,.241,.120,.361,.200,1,3,0,0,0,5,0
2025,703563,PJ Morlando,Mesa Solar Sox,2025-11-07,Peoria Javelinas,False,False,825640,4,4,0,0,0,0,0,0,0,0,0,2,0,0,0,.111,.226,.111,.337,.000,1,1,0,0,0,3,0
2025,703563,PJ Morlando,Mesa Solar Sox,2025-11-10,Glendale Desert Dogs,False,True,825653,3,4,0,0,0,0,0,0,0,1,0,3,0,1,0,.105,.227,.105,.332,.---,0,0,0,0,0,7,0
2025,703563,PJ Morlando,Mesa Solar Sox,2025-11-11,Peoria Javelinas,True,True,825592,2,3,2,0,0,0,2,2,1,1,0,0,0,0,0,.136,.261,.136,.397,1.000,0,0,0,0,0,0,0
2025,691777,Max Muncy,Mesa Solar Sox,2025-10-07,Surprise Saguaros,True,False,825607,4,5,2,0,0,1,5,1,1,1,0,2,0,0,0,.500,.600,1.250,1.850,1.000,0,0,0,0,0,1,0
2025,691777,Max Muncy,Mesa Solar Sox,2025-10-08,Peoria Javelinas,True,False,825606,3,4,0,0,0,0,0,0,0,1,0,0,0,0,0,.286,.444,.714,1.158,.000,2,1,1,0,0,1,0
2025,691777,Max Muncy,Mesa Solar Sox,2025-10-10,Scottsdale Scorpions,False,False,825620,4,4,0,0,0,0,0,0,0,0,0,1,0,0,0,.182,.308,.455,.763,.000,0,3,0,0,0,2,0
2025,691777,Max Muncy,Mesa Solar Sox,2025-10-14,Surprise Saguaros,True,True,825604,3,4,2,0,0,0,2,1,0,1,0,0,0,0,0,.286,.412,.500,.912,.667,1,0,0,0,0,0,0
2025,691777,Max Muncy,Mesa Solar Sox,2025-10-15,Surprise Saguaros,False,False,825589,4,4,1,1,0,0,2,0,0,0,0,2,0,0,0,.278,.381,.500,.881,.500,0,1,0,0,0,3,0
2025,691777,Max Muncy,Mesa Solar Sox,2025-10-17,Scottsdale Scorpions,True,False,825595,3,4,0,0,0,0,0,0,0,1,0,1,0,0,0,.238,.360,.429,.789,.000,0,2,0,0,0,0,0
2025,691777,Max Muncy,Mesa Solar Sox,2025-10-19,Peoria Javelinas,False,True,825645,4,5,2,0,0,1,5,2,1,1,0,1,0,0,0,.280,.400,.560,.960,.500,0,1,0,0,0,1,0
2025,691777,Max Muncy,Mesa Solar Sox,2025-10-21,Salt River Rafters,True,False,825601,3,3,1,0,0,0,1,0,0,0,0,0,0,0,0,.286,.394,.536,.930,.333,1,1,0,0,0,0,0
2025,691777,Max Muncy,Mesa Solar Sox,2025-10-22,Salt River Rafters,False,False,825631,4,4,0,0,0,0,0,0,0,0,0,2,0,0,0,.250,.351,.469,.820,.000,0,2,0,0,0,2,0
2025,692633,Manuel Palencia,Mesa Solar Sox,2025-10-08,Peoria Javelinas,True,False,825606,4,4,0,0,0,0,0,0,0,0,0,1,0,0,0,.000,.000,.000,.000,.000,3,0,1,0,0,4,0
2025,692633,Manuel Palencia,Mesa Solar Sox,2025-10-14,Surprise Saguaros,True,True,825604,2,3,0,0,0,0,0,1,0,1,0,0,0,0,0,.000,.143,.000,.143,.000,1,1,0,0,0,1,0
2025,692633,Manuel Palencia,Mesa Solar Sox,2025-10-16,Peoria Javelinas,True,False,825603,4,4,0,0,0,0,0,0,0,0,0,2,0,0,0,.000,.091,.000,.091,.000,2,0,0,0,0,3,0
2025,692633,Manuel Palencia,Mesa Solar Sox,2025-10-18,Glendale Desert Dogs,False,True,825663,4,4,1,0,0,0,1,0,0,0,0,1,0,0,0,.071,.133,.071,.204,.333,0,2,0,0,0,4,0
2025,692633,Manuel Palencia,Mesa Solar Sox,2025-10-21,Salt River Rafters,True,True,825605,2,3,1,0,0,0,1,0,1,0,0,1,0,0,0,.125,.167,.125,.292,.500,0,1,0,0,1,0,0
2025,692633,Manuel Palencia,Mesa Solar Sox,2025-10-22,Salt River Rafters,False,False,825631,3,3,1,0,0,0,1,0,1,0,0,0,0,0,0,.158,.190,.158,.348,.333,2,0,1,0,0,1,0
2025,692633,Manuel Palencia,Mesa Solar Sox,2025-10-25,Surprise Saguaros,False,True,825585,5,5,2,0,0,1,5,2,1,0,0,2,0,0,0,.208,.231,.333,.564,.500,1,0,0,0,0,0,0
2025,692633,Manuel Palencia,Mesa Solar Sox,2025-10-29,Glendale Desert Dogs,False,False,825656,3,3,1,0,0,0,1,0,1,0,0,0,0,0,0,.222,.241,.333,.574,.333,2,0,0,0,0,1,0
2025,692633,Manuel Palencia,Mesa Solar Sox,2025-10-31,Surprise Saguaros,False,True,825582,4,4,0,0,0,0,0,1,0,0,0,1,0,0,0,.194,.212,.290,.502,.000,3,0,1,0,0,5,0
2025,692633,Manuel Palencia,Mesa Solar Sox,2025-11-02,Salt River Rafters,True,True,825597,4,4,0,0,0,0,0,0,0,0,0,2,0,0,0,.171,.189,.257,.446,.000,1,1,0,0,0,6,0
2025,692633,Manuel Palencia,Mesa Solar Sox,2025-11-04,Scottsdale Scorpions,True,True,825596,5,5,3,1,0,0,4,3,1,0,0,1,0,0,0,.225,.238,.325,.563,.750,1,0,0,0,0,0,0
2025,692633,Manuel Palencia,Mesa Solar Sox,2025-11-06,Scottsdale Scorpions,True,False,825593,3,3,1,0,0,0,1,0,2,0,0,1,0,0,0,.233,.244,.326,.570,.500,1,0,0,0,0,2,0
2025,692633,Manuel Palencia,Mesa Solar Sox,2025-11-10,Glendale Desert Dogs,False,True,825653,3,4,0,0,0,0,0,0,0,1,0,2,0,1,0,.217,.245,.304,.549,.000,1,0,0,0,0,7,0
2025,804751,Logan Poteet,Mesa Solar Sox,2025-10-09,Salt River Rafters,False,True,825637,4,4,0,0,0,0,0,1,0,0,0,1,0,0,0,.000,.000,.000,.000,.000,3,0,1,0,0,5,0
2025,804751,Logan Poteet,Mesa Solar Sox,2025-10-19,Peoria Javelinas,False,True,825645,4,5,2,1,0,0,3,0,2,1,0,1,0,0,0,.250,.333,.375,.708,.667,1,0,0,0,0,0,0
2025,804751,Logan Poteet,Mesa Solar Sox,2025-10-21,Salt River Rafters,True,False,825601,2,2,0,0,0,0,0,0,0,0,0,2,0,0,0,.200,.273,.300,.573,.---,0,0,0,0,0,0,0
2025,804751,Logan Poteet,Mesa Solar Sox,2025-10-30,Salt River Rafters,False,True,825627,4,4,1,1,0,0,2,0,0,0,0,2,0,0,0,.214,.267,.357,.624,.500,1,0,0,0,0,0,0
2025,804751,Logan Poteet,Mesa Solar Sox,2025-11-05,Glendale Desert Dogs,True,False,825594,2,2,0,0,0,0,0,0,0,0,0,0,0,0,0,.188,.235,.313,.548,.000,1,1,0,0,0,3,0
2025,804751,Logan Poteet,Mesa Solar Sox,2025-11-06,Scottsdale Scorpions,True,False,825593,3,3,0,0,0,0,0,0,0,0,0,0,0,0,0,.158,.200,.263,.463,.000,3,0,0,0,0,3,0
2025,806223,Aidan Smith,Mesa Solar Sox,2025-10-07,Surprise Saguaros,True,False,825607,3,4,2,0,1,0,4,0,1,1,0,1,0,0,0,.667,.750,1.333,2.083,1.000,0,0,0,0,0,2,0
2025,806223,Aidan Smith,Mesa Solar Sox,2025-10-09,Salt River Rafters,False,True,825637,5,5,1,0,0,0,1,0,2,0,0,0,0,1,0,.375,.444,.625,1.069,.200,3,1,0,0,0,2,0
2025,806223,Aidan Smith,Mesa Solar Sox,2025-10-10,Scottsdale Scorpions,False,False,825620,3,4,1,0,0,0,1,0,0,1,0,1,0,0,0,.364,.462,.545,1.007,.500,1,0,0,0,0,0,0
2025,806223,Aidan Smith,Mesa Solar Sox,2025-10-14,Surprise Saguaros,True,True,825604,4,4,1,0,0,0,1,0,0,0,0,1,0,0,0,.333,.412,.467,.879,.333,1,1,0,0,0,1,0
2025,806223,Aidan Smith,Mesa Solar Sox,2025-10-23,Surprise Saguaros,True,False,825600,5,5,1,0,0,0,1,0,0,0,0,1,0,0,0,.300,.364,.400,.764,.250,2,1,0,0,0,1,0
2025,806223,Aidan Smith,Mesa Solar Sox,2025-10-25,Surprise Saguaros,False,True,825585,5,6,1,0,0,0,1,2,0,1,0,2,0,0,0,.280,.357,.360,.717,.333,1,1,0,0,0,1,0
2025,806223,Aidan Smith,Mesa Solar Sox,2025-10-29,Glendale Desert Dogs,False,False,825656,4,4,0,0,0,0,0,0,0,0,0,0,0,0,0,.241,.313,.310,.623,.000,3,1,0,0,0,2,0
2025,806223,Aidan Smith,Mesa Solar Sox,2025-10-30,Salt River Rafters,False,True,825627,5,5,2,0,1,0,4,1,0,0,0,1,0,0,0,.265,.324,.382,.706,.500,1,1,0,0,0,3,0
2025,806223,Aidan Smith,Mesa Solar Sox,2025-11-01,Glendale Desert Dogs,True,True,825598,3,5,0,0,0,0,0,2,0,2,0,2,0,1,0,.243,.333,.351,.684,.000,1,0,0,0,0,2,0
2025,806223,Aidan Smith,Mesa Solar Sox,2025-11-04,Scottsdale Scorpions,True,True,825596,2,6,0,0,0,0,0,5,0,4,0,0,0,0,1,.231,.375,.333,.708,.000,2,0,0,0,0,2,0
2025,806223,Aidan Smith,Mesa Solar Sox,2025-11-06,Scottsdale Scorpions,True,False,825593,3,3,0,0,0,0,0,0,0,0,0,1,0,0,0,.214,.353,.310,.663,.000,1,1,0,0,0,0,0
2025,806223,Aidan Smith,Mesa Solar Sox,2025-11-10,Glendale Desert Dogs,False,True,825653,3,5,1,0,0,0,1,1,0,2,0,1,0,2,0,.222,.375,.311,.686,.500,0,1,0,0,0,2,0
2025,694966,Brayden Taylor,Mesa Solar Sox,2025-10-08,Peoria Javelinas,True,False,825606,4,5,1,0,0,0,1,1,0,1,0,1,0,0,0,.250,.400,.250,.650,.333,1,1,0,0,0,2,0
2025,694966,Brayden Taylor,Mesa Solar Sox,2025-10-10,Scottsdale Scorpions,False,False,825620,3,4,0,0,0,0,0,1,0,1,0,3,0,2,0,.143,.333,.143,.476,.---,0,0,0,0,0,2,0
2025,694966,Brayden Taylor,Mesa Solar Sox,2025-10-15,Surprise Saguaros,False,False,825589,3,4,0,0,0,0,0,0,0,1,0,0,0,0,0,.100,.308,.100,.408,.000,2,1,0,0,0,1,0
2025,694966,Brayden Taylor,Mesa Solar Sox,2025-10-16,Peoria Javelinas,True,False,825603,2,4,2,0,0,0,2,2,0,2,0,0,0,0,0,.250,.471,.250,.721,1.000,0,0,0,0,0,0,0
2025,694966,Brayden Taylor,Mesa Solar Sox,2025-10-18,Glendale Desert Dogs,False,True,825663,4,4,2,2,0,0,4,1,0,0,0,2,0,0,0,.313,.476,.438,.914,1.000,0,0,0,0,0,0,0
2025,694966,Brayden Taylor,Mesa Solar Sox,2025-10-19,Peoria Javelinas,False,True,825645,1,1,0,0,0,0,0,0,0,0,0,1,0,0,0,.294,.455,.412,.867,.---,0,0,0,0,0,3,0
2025,694966,Brayden Taylor,Mesa Solar Sox,2025-10-21,Salt River Rafters,True,True,825605,3,3,1,1,0,0,2,1,0,0,0,0,0,0,0,.300,.440,.450,.890,.333,0,2,0,0,0,2,0
2025,694966,Brayden Taylor,Mesa Solar Sox,2025-10-22,Salt River Rafters,False,False,825631,3,4,0,0,0,0,0,0,0,1,0,2,0,0,0,.261,.414,.391,.805,.000,0,1,0,0,0,2,0
2025,694966,Brayden Taylor,Mesa Solar Sox,2025-10-25,Surprise Saguaros,False,True,825585,4,6,1,1,0,0,2,0,0,2,0,1,0,1,0,.259,.429,.407,.836,.333,0,2,0,0,0,3,0
2025,694966,Brayden Taylor,Mesa Solar Sox,2025-10-28,Glendale Desert Dogs,True,True,825599,6,6,2,0,1,0,4,1,1,0,0,1,0,0,0,.273,.415,.455,.870,.400,0,3,0,0,0,9,0
2025,694966,Brayden Taylor,Mesa Solar Sox,2025-10-30,Salt River Rafters,False,True,825627,4,4,2,1,0,0,3,1,1,0,0,0,0,1,0,.297,.422,.486,.908,.500,1,1,0,0,0,1,0
2025,694966,Brayden Taylor,Mesa Solar Sox,2025-11-01,Glendale Desert Dogs,True,True,825598,4,5,1,1,0,0,2,0,1,1,0,2,0,0,0,.293,.420,.488,.908,.500,0,1,0,0,0,3,0
2025,694966,Brayden Taylor,Mesa Solar Sox,2025-11-05,Glendale Desert Dogs,True,False,825594,4,5,1,0,0,1,4,1,3,1,0,1,0,0,0,.289,.418,.533,.951,.000,1,1,0,0,0,2,0
2025,694966,Brayden Taylor,Mesa Solar Sox,2025-11-06,Scottsdale Scorpions,True,False,825593,3,3,0,0,0,0,0,0,0,0,0,2,0,0,0,.271,.397,.500,.897,.000,0,1,0,0,0,0,0
2025,694966,Brayden Taylor,Mesa Solar Sox,2025-11-07,Peoria Javelinas,False,False,825640,3,4,0,0,0,0,0,0,0,1,0,2,0,1,0,.255,.387,.471,.858,.000,0,1,0,0,0,1,0
2025,694966,Brayden Taylor,Mesa Solar Sox,2025-11-11,Peoria Javelinas,True,True,825592,2,3,1,0,0,0,1,0,0,1,0,1,0,0,0,.264,.400,.472,.872,1.000,0,0,0,0,0,1,0
2025,800285,Enmanuel Tejeda,Mesa Solar Sox,2025-10-08,Peoria Javelinas,True,False,825606,4,5,0,0,0,0,0,0,0,1,0,2,0,0,0,.000,.200,.000,.200,.000,2,0,0,0,0,3,0
2025,800285,Enmanuel Tejeda,Mesa Solar Sox,2025-10-09,Salt River Rafters,False,True,825637,4,5,0,0,0,0,0,2,1,1,0,2,0,0,0,.000,.200,.000,.200,.000,2,0,0,0,0,1,0
2025,800285,Enmanuel Tejeda,Mesa Solar Sox,2025-10-10,Scottsdale Scorpions,False,False,825620,3,4,0,0,0,0,0,0,0,1,0,0,0,0,0,.000,.214,.000,.214,.000,1,2,0,0,0,2,0
2025,800285,Enmanuel Tejeda,Mesa Solar Sox,2025-10-15,Surprise Saguaros,False,False,825589,1,4,0,0,0,0,0,2,0,3,0,1,0,1,0,.000,.333,.000,.333,.---,0,0,0,0,0,0,0
2025,800285,Enmanuel Tejeda,Mesa Solar Sox,2025-10-17,Scottsdale Scorpions,True,False,825595,3,3,0,0,0,0,0,0,0,0,0,1,0,0,0,.000,.286,.000,.286,.000,2,0,2,0,0,3,0
2025,800285,Enmanuel Tejeda,Mesa Solar Sox,2025-10-18,Glendale Desert Dogs,False,True,825663,4,4,1,1,0,0,2,0,2,0,0,1,0,0,0,.053,.280,.105,.385,.333,0,2,0,0,0,3,0
2025,800285,Enmanuel Tejeda,Mesa Solar Sox,2025-10-19,Peoria Javelinas,False,True,825645,4,5,2,0,0,0,2,2,0,1,0,1,0,1,0,.130,.333,.174,.507,.667,1,0,0,0,0,2,0
2025,800285,Enmanuel Tejeda,Mesa Solar Sox,2025-10-21,Salt River Rafters,True,True,825605,3,3,1,0,0,0,1,0,2,0,0,1,0,1,0,.154,.333,.192,.525,.500,1,0,0,0,0,1,0
2025,800285,Enmanuel Tejeda,Mesa Solar Sox,2025-10-22,Salt River Rafters,False,False,825631,4,4,1,0,0,0,1,0,0,0,0,0,0,0,1,.167,.324,.200,.524,.250,1,2,0,0,0,0,0
2025,800285,Enmanuel Tejeda,Mesa Solar Sox,2025-10-25,Surprise Saguaros,False,True,825585,4,6,0,0,0,0,0,0,0,1,0,2,1,0,0,.147,.326,.176,.502,.000,0,2,0,0,0,4,0
2025,800285,Enmanuel Tejeda,Mesa Solar Sox,2025-10-26,Scottsdale Scorpions,False,False,825609,3,4,0,0,0,0,0,0,0,1,0,2,0,1,0,.135,.319,.162,.481,.000,0,1,0,0,0,2,0
2025,800285,Enmanuel Tejeda,Mesa Solar Sox,2025-10-28,Glendale Desert Dogs,True,True,825599,4,6,1,1,0,0,2,1,1,2,0,0,0,2,1,.146,.340,.195,.535,.250,2,1,1,0,0,4,0
2025,800285,Enmanuel Tejeda,Mesa Solar Sox,2025-10-30,Salt River Rafters,False,True,825627,4,4,1,0,0,1,4,1,2,0,0,0,0,0,0,.156,.333,.267,.600,.000,3,0,0,0,0,2,0
2025,800285,Enmanuel Tejeda,Mesa Solar Sox,2025-10-31,Surprise Saguaros,False,True,825582,2,4,0,0,0,0,0,2,1,1,0,0,1,1,0,.149,.344,.255,.599,.000,1,1,0,0,0,0,0
2025,800285,Enmanuel Tejeda,Mesa Solar Sox,2025-11-02,Salt River Rafters,True,True,825597,4,4,2,1,0,0,3,0,2,0,0,1,0,1,0,.176,.354,.294,.648,.667,1,0,0,0,0,4,0
2025,800285,Enmanuel Tejeda,Mesa Solar Sox,2025-11-04,Scottsdale Scorpions,True,True,825596,6,6,5,1,0,0,6,2,3,0,0,0,0,3,0,.246,.394,.368,.762,.833,0,1,0,0,0,2,0
2025,800285,Enmanuel Tejeda,Mesa Solar Sox,2025-11-06,Scottsdale Scorpions,True,False,825593,3,3,2,0,0,0,2,1,1,0,0,0,0,0,0,.267,.405,.383,.788,.667,1,0,1,0,0,1,0
2025,800285,Enmanuel Tejeda,Mesa Solar Sox,2025-11-07,Peoria Javelinas,False,False,825640,3,4,1,0,0,0,1,0,0,1,0,1,0,2,0,.270,.410,.381,.791,.500,1,0,0,0,0,0,0
2025,800285,Enmanuel Tejeda,Mesa Solar Sox,2025-11-10,Glendale Desert Dogs,False,True,825653,1,4,0,0,0,0,0,0,0,3,0,1,0,0,0,.266,.427,.375,.802,.---,0,0,0,0,0,2,0
2025,800285,Enmanuel Tejeda,Mesa Solar Sox,2025-11-11,Peoria Javelinas,True,True,825592,3,3,0,0,0,0,0,0,0,0,0,3,0,0,0,.254,.412,.358,.770,.---,0,0,0,0,0,5,0
2025,814458,Fenwick Trimble,Mesa Solar Sox,2025-10-07,Surprise Saguaros,True,False,825607,4,4,1,1,0,0,2,0,2,0,0,0,0,0,0,.250,.250,.500,.750,.250,2,1,0,0,0,4,0
2025,814458,Fenwick Trimble,Mesa Solar Sox,2025-10-08,Peoria Javelinas,True,False,825606,1,1,0,0,0,0,0,1,0,0,0,1,0,0,0,.200,.200,.400,.600,.---,0,0,0,0,0,2,0
2025,814458,Fenwick Trimble,Mesa Solar Sox,2025-10-09,Salt River Rafters,False,True,825637,3,4,1,0,0,0,1,0,0,1,0,1,0,0,0,.250,.333,.375,.708,.500,1,0,0,0,0,1,0
2025,814458,Fenwick Trimble,Mesa Solar Sox,2025-10-14,Surprise Saguaros,True,True,825604,3,4,1,0,0,0,1,1,0,1,0,0,0,0,0,.273,.385,.364,.749,.333,1,1,0,0,0,0,0
2025,814458,Fenwick Trimble,Mesa Solar Sox,2025-10-16,Peoria Javelinas,True,False,825603,4,5,1,1,0,0,2,0,1,0,0,1,0,0,0,.267,.333,.400,.733,.250,0,3,0,0,1,1,0
2025,814458,Fenwick Trimble,Mesa Solar Sox,2025-10-17,Scottsdale Scorpions,True,False,825595,4,4,1,0,0,0,1,0,0,0,0,2,0,0,0,.263,.318,.368,.686,.500,1,0,1,0,0,4,0
2025,814458,Fenwick Trimble,Mesa Solar Sox,2025-10-19,Peoria Javelinas,False,True,825645,4,6,0,0,0,0,0,2,0,1,0,0,1,0,0,.217,.321,.304,.625,.000,3,1,1,0,0,4,0
2025,814458,Fenwick Trimble,Mesa Solar Sox,2025-10-21,Salt River Rafters,True,False,825601,3,3,1,0,0,0,1,0,0,0,0,2,0,0,0,.231,.323,.308,.631,1.000,0,0,0,0,0,0,0
2025,814458,Fenwick Trimble,Mesa Solar Sox,2025-10-21,Salt River Rafters,True,True,825605,2,3,0,0,0,0,0,1,1,0,0,0,1,0,0,.214,.324,.286,.610,.000,1,1,0,0,0,1,0
2025,814458,Fenwick Trimble,Mesa Solar Sox,2025-10-22,Salt River Rafters,False,False,825631,3,4,0,0,0,0,0,0,0,1,0,1,0,1,0,.194,.316,.258,.574,.000,0,2,0,0,0,1,0
2025,814458,Fenwick Trimble,Mesa Solar Sox,2025-10-23,Surprise Saguaros,True,False,825600,4,4,1,0,0,0,1,0,0,0,0,1,0,1,0,.200,.310,.257,.567,.333,0,2,0,0,0,4,0
2025,814458,Fenwick Trimble,Mesa Solar Sox,2025-10-25,Surprise Saguaros,False,True,825585,5,5,0,0,0,0,0,0,0,0,0,1,0,0,0,.175,.277,.225,.502,.000,3,1,0,0,0,6,0
2025,814458,Fenwick Trimble,Mesa Solar Sox,2025-10-26,Scottsdale Scorpions,False,False,825609,2,4,0,0,0,0,0,1,0,2,0,1,0,2,0,.167,.294,.214,.508,.000,0,1,0,0,0,0,0
2025,814458,Fenwick Trimble,Mesa Solar Sox,2025-10-28,Glendale Desert Dogs,True,True,825599,4,5,1,0,0,0,1,1,1,1,0,0,0,0,0,.174,.304,.217,.521,.250,1,2,0,0,0,2,0
2025,814458,Fenwick Trimble,Mesa Solar Sox,2025-10-30,Salt River Rafters,False,True,825627,4,4,1,0,0,0,1,0,0,0,0,0,0,0,1,.180,.300,.220,.520,.250,1,2,0,0,0,1,0
2025,814458,Fenwick Trimble,Mesa Solar Sox,2025-10-31,Surprise Saguaros,False,True,825582,2,4,1,1,0,0,2,0,1,1,0,0,0,0,0,.192,.313,.250,.563,.333,1,1,0,0,1,0,0
2025,814458,Fenwick Trimble,Mesa Solar Sox,2025-11-01,Glendale Desert Dogs,True,True,825598,4,5,2,0,0,1,5,2,1,1,0,0,0,4,0,.214,.333,.321,.654,.333,1,1,0,0,0,1,0
2025,814458,Fenwick Trimble,Mesa Solar Sox,2025-11-02,Salt River Rafters,True,True,825597,1,4,1,0,0,0,1,2,0,3,0,0,0,0,0,.228,.370,.333,.703,1.000,0,0,0,0,0,0,0
2025,814458,Fenwick Trimble,Mesa Solar Sox,2025-11-04,Scottsdale Scorpions,True,True,825596,5,6,3,0,0,1,6,2,3,1,0,1,0,1,0,.258,.392,.403,.795,.667,1,0,0,0,0,2,0
2025,814458,Fenwick Trimble,Mesa Solar Sox,2025-11-06,Scottsdale Scorpions,True,False,825593,3,3,0,0,0,0,0,0,0,0,0,1,0,0,0,.246,.378,.385,.763,.000,2,0,0,0,0,0,0
2025,814458,Fenwick Trimble,Mesa Solar Sox,2025-11-11,Peoria Javelinas,True,True,825592,3,3,2,1,0,0,3,2,0,0,0,1,0,2,0,.265,.388,.412,.800,1.000,0,0,0,0,0,3,0
2025,695720,Tommy White,Mesa Solar Sox,2025-10-07,Surprise Saguaros,True,False,825607,5,5,2,0,0,0,2,2,0,0,0,0,0,0,0,.400,.400,.400,.800,.400,2,1,1,0,0,2,0
2025,695720,Tommy White,Mesa Solar Sox,2025-10-09,Salt River Rafters,False,True,825637,4,5,2,1,0,0,3,3,4,1,0,0,0,0,0,.444,.500,.556,1.056,.500,1,1,0,0,0,0,0
2025,695720,Tommy White,Mesa Solar Sox,2025-10-15,Surprise Saguaros,False,False,825589,4,4,0,0,0,0,0,0,0,0,0,1,0,0,0,.308,.357,.385,.742,.000,0,3,0,0,0,4,0
2025,695720,Tommy White,Mesa Solar Sox,2025-10-16,Peoria Javelinas,True,False,825603,4,4,0,0,0,0,0,0,0,0,0,0,0,0,0,.235,.278,.294,.572,.000,2,2,0,0,0,3,0
2025,695720,Tommy White,Mesa Solar Sox,2025-10-18,Glendale Desert Dogs,False,True,825663,2,4,0,0,0,0,0,1,1,1,0,0,0,0,0,.211,.273,.263,.536,.000,2,1,1,0,1,1,0
2025,695720,Tommy White,Mesa Solar Sox,2025-10-21,Salt River Rafters,True,False,825601,2,3,0,0,0,0,0,0,0,1,0,0,0,0,0,.190,.280,.238,.518,.000,2,0,1,0,0,3,0
2025,695720,Tommy White,Mesa Solar Sox,2025-10-23,Surprise Saguaros,True,False,825600,5,5,0,0,0,0,0,0,0,0,0,2,0,0,0,.154,.233,.192,.425,.000,2,1,1,0,0,1,0
2025,695720,Tommy White,Mesa Solar Sox,2025-10-25,Surprise Saguaros,False,True,825585,6,6,3,0,0,2,9,2,7,0,0,1,0,0,0,.219,.278,.438,.716,.333,1,1,0,0,0,4,0
2025,695720,Tommy White,Mesa Solar Sox,2025-10-26,Scottsdale Scorpions,False,False,825609,4,5,0,0,0,0,0,0,0,0,0,2,1,0,0,.194,.268,.389,.657,.000,1,1,0,0,0,6,0
2025,695720,Tommy White,Mesa Solar Sox,2025-10-28,Glendale Desert Dogs,True,True,825599,4,6,2,0,0,0,2,2,0,2,0,0,0,0,0,.225,.319,.400,.719,.500,1,1,0,0,0,2,0
2025,695720,Tommy White,Mesa Solar Sox,2025-10-29,Glendale Desert Dogs,False,False,825656,3,3,1,0,0,0,1,1,0,0,0,0,0,0,0,.233,.320,.395,.715,.333,2,0,0,0,0,0,0
2025,695720,Tommy White,Mesa Solar Sox,2025-10-31,Surprise Saguaros,False,True,825582,3,4,1,0,0,0,1,2,0,0,0,2,1,1,0,.239,.333,.391,.724,1.000,0,0,0,0,0,2,0
2025,695720,Tommy White,Mesa Solar Sox,2025-11-01,Glendale Desert Dogs,True,True,825598,4,5,2,0,0,1,5,2,4,1,0,0,0,0,1,.260,.356,.460,.816,.333,1,1,0,0,0,0,0
2025,695720,Tommy White,Mesa Solar Sox,2025-11-02,Salt River Rafters,True,True,825597,3,4,1,0,0,0,1,1,0,0,0,0,1,1,0,.264,.365,.453,.818,.333,0,2,0,0,0,2,0
2025,695720,Tommy White,Mesa Solar Sox,2025-11-04,Scottsdale Scorpions,True,True,825596,5,6,3,0,0,0,3,3,3,1,0,0,0,0,0,.293,.391,.466,.857,.600,1,1,0,0,0,1,0
2025,695720,Tommy White,Mesa Solar Sox,2025-11-05,Glendale Desert Dogs,True,False,825594,4,5,2,1,0,0,3,2,1,0,0,0,1,0,0,.306,.405,.484,.889,.500,1,1,1,0,0,2,0
2025,695720,Tommy White,Mesa Solar Sox,2025-11-07,Peoria Javelinas,False,False,825640,4,4,0,0,0,0,0,0,0,0,0,0,0,0,0,.288,.385,.455,.840,.000,3,1,1,0,0,3,0
2025,695720,Tommy White,Mesa Solar Sox,2025-11-10,Glendale Desert Dogs,False,True,825653,4,5,2,0,0,0,2,1,0,1,0,0,0,1,0,.300,.398,.457,.855,.500,2,0,1,0,0,4,0
2025,695720,Tommy White,Mesa Solar Sox,2025-11-11,Peoria Javelinas,True,True,825592,2,3,0,0,0,0,0,0,0,1,0,0,0,0,0,.292,.395,.444,.839,.000,0,2,0,0,0,1,0
2025,703156,Tony Blanco Jr.,Salt River Rafters,2025-10-07,Glendale Desert Dogs,True,True,825635,2,2,0,0,0,0,0,0,0,0,0,0,0,0,0,.000,.000,.000,.000,.000,1,1,0,0,0,3,0
2025,703156,Tony Blanco Jr.,Salt River Rafters,2025-10-09,Mesa Solar Sox,True,False,825637,3,6,0,0,0,0,0,0,0,3,0,2,0,0,0,.000,.375,.000,.375,.000,0,1,0,0,0,2,0
2025,703156,Tony Blanco Jr.,Salt River Rafters,2025-10-16,Surprise Saguaros,True,False,825633,4,5,2,0,0,1,5,2,4,1,0,2,0,0,0,.222,.462,.556,1.018,1.000,0,0,0,0,0,2,0
2025,703156,Tony Blanco Jr.,Salt River Rafters,2025-10-17,Peoria Javelinas,True,False,825632,4,5,2,1,0,0,3,1,0,1,0,0,0,0,0,.308,.500,.615,1.115,.500,0,2,0,0,0,1,0
2025,703156,Tony Blanco Jr.,Salt River Rafters,2025-10-18,Peoria Javelinas,False,True,825644,4,4,3,0,0,0,3,0,2,0,0,1,0,0,0,.412,.545,.647,1.192,1.000,0,0,0,0,0,0,0
2025,703156,Tony Blanco Jr.,Salt River Rafters,2025-10-21,Mesa Solar Sox,False,False,825605,3,3,0,0,0,0,0,0,0,0,0,2,0,0,0,.350,.480,.550,1.030,.000,1,0,0,0,0,2,0
2025,703156,Tony Blanco Jr.,Salt River Rafters,2025-10-24,Scottsdale Scorpions,True,False,825629,4,4,0,0,0,0,0,0,0,0,0,2,0,0,0,.292,.414,.458,.872,.000,2,0,0,0,0,1,0
2025,703156,Tony Blanco Jr.,Salt River Rafters,2025-10-29,Peoria Javelinas,True,False,825628,2,3,0,0,0,0,0,0,0,1,0,0,0,0,0,.269,.406,.423,.829,.000,2,0,0,0,0,0,0
2025,703156,Tony Blanco Jr.,Salt River Rafters,2025-10-30,Mesa Solar Sox,True,False,825627,4,4,1,0,0,1,4,1,1,0,0,0,0,0,0,.267,.389,.500,.889,.000,3,0,0,0,0,1,0
2025,703156,Tony Blanco Jr.,Salt River Rafters,2025-11-01,Scottsdale Scorpions,False,False,825611,3,5,1,1,0,0,2,0,0,1,0,2,1,0,0,.273,.415,.515,.930,1.000,0,0,0,0,0,0,0
2025,703156,Tony Blanco Jr.,Salt River Rafters,2025-11-05,Peoria Javelinas,True,True,825625,3,4,2,0,0,0,2,1,0,1,0,1,0,0,0,.306,.444,.528,.972,1.000,0,0,0,0,0,1,0
2025,703156,Tony Blanco Jr.,Salt River Rafters,2025-11-06,Surprise Saguaros,True,False,825624,4,4,0,0,0,0,0,0,0,0,0,2,0,0,0,.275,.408,.475,.883,.000,0,2,0,0,0,6,0
2025,703156,Tony Blanco Jr.,Salt River Rafters,2025-11-07,Surprise Saguaros,False,False,825576,4,4,0,0,0,0,0,0,0,0,0,2,0,0,0,.250,.377,.432,.809,.000,2,0,0,0,0,5,0
2025,700341,Kenny Castillo,Salt River Rafters,2025-10-08,Scottsdale Scorpions,False,False,825619,1,2,1,0,0,0,1,1,0,1,0,0,0,0,0,1.000,1.000,1.000,2.000,1.000,0,0,0,0,0,0,0
2025,700341,Kenny Castillo,Salt River Rafters,2025-10-09,Mesa Solar Sox,True,False,825637,5,5,3,0,0,1,6,1,3,0,0,1,0,0,0,.667,.714,1.167,1.881,.667,0,1,0,0,0,2,0
2025,700341,Kenny Castillo,Salt River Rafters,2025-10-10,Peoria Javelinas,False,False,825651,4,4,1,0,0,0,1,0,0,0,0,1,0,0,0,.500,.545,.800,1.345,.333,2,0,0,0,0,1,0
2025,700341,Kenny Castillo,Salt River Rafters,2025-10-16,Surprise Saguaros,True,False,825633,4,5,2,0,0,0,2,2,1,0,0,0,0,0,0,.500,.500,.714,1.214,.400,2,1,1,0,1,2,0
2025,700341,Kenny Castillo,Salt River Rafters,2025-10-19,Glendale Desert Dogs,False,True,825647,5,5,0,0,0,0,0,0,0,0,0,3,0,0,0,.368,.381,.526,.907,.000,0,2,0,0,0,4,0
2025,700341,Kenny Castillo,Salt River Rafters,2025-10-21,Mesa Solar Sox,False,True,825601,2,3,0,0,0,0,0,0,0,0,0,0,1,0,1,.333,.375,.476,.851,.000,1,1,0,0,0,1,0
2025,700341,Kenny Castillo,Salt River Rafters,2025-10-24,Scottsdale Scorpions,True,False,825629,3,4,0,0,0,0,0,0,0,0,0,2,1,0,0,.292,.357,.417,.774,.000,1,0,0,0,0,1,0
2025,700341,Kenny Castillo,Salt River Rafters,2025-10-30,Mesa Solar Sox,True,False,825627,3,4,0,0,0,0,0,1,0,1,0,1,0,0,0,.259,.344,.370,.714,.000,1,1,0,0,0,1,0
2025,700341,Kenny Castillo,Salt River Rafters,2025-11-04,Surprise Saguaros,False,False,825579,4,5,2,1,0,0,3,1,1,0,0,2,0,0,0,.290,.351,.419,.770,.667,0,1,0,0,1,3,0
2025,700341,Kenny Castillo,Salt River Rafters,2025-11-06,Surprise Saguaros,True,False,825624,3,3,1,1,0,0,2,0,0,0,0,1,0,0,0,.294,.350,.441,.791,.500,0,1,0,0,0,0,0
2025,700341,Kenny Castillo,Salt River Rafters,2025-11-11,Surprise Saguaros,True,True,825617,4,4,1,0,0,0,1,1,0,0,0,2,0,0,0,.289,.341,.421,.762,.500,0,1,0,0,0,3,0
2025,809707,Charlie Condon,Salt River Rafters,2025-10-07,Glendale Desert Dogs,True,True,825635,5,5,1,0,0,0,1,0,2,0,0,0,0,0,0,.200,.200,.200,.400,.200,2,2,0,0,0,1,0
2025,809707,Charlie Condon,Salt River Rafters,2025-10-08,Scottsdale Scorpions,False,False,825619,4,4,0,0,0,0,0,0,0,0,0,0,0,0,0,.111,.111,.111,.222,.000,2,2,0,0,0,0,0
2025,809707,Charlie Condon,Salt River Rafters,2025-10-10,Peoria Javelinas,False,False,825651,4,4,0,0,0,0,0,0,0,0,0,2,0,0,0,.077,.077,.077,.154,.000,0,2,0,0,0,0,0
2025,809707,Charlie Condon,Salt River Rafters,2025-10-14,Glendale Desert Dogs,True,True,825636,3,4,1,0,0,0,1,1,1,1,0,0,0,0,0,.125,.176,.125,.301,.333,2,0,0,0,0,0,0
2025,809707,Charlie Condon,Salt River Rafters,2025-10-15,Scottsdale Scorpions,False,True,825622,5,5,3,0,1,1,8,2,5,0,0,1,0,0,0,.238,.273,.476,.749,.667,0,1,0,0,0,0,0
2025,809707,Charlie Condon,Salt River Rafters,2025-10-16,Surprise Saguaros,True,False,825633,5,6,1,0,0,0,1,2,0,1,0,1,0,0,0,.231,.286,.423,.709,.250,2,1,0,0,0,1,0
2025,809707,Charlie Condon,Salt River Rafters,2025-10-18,Peoria Javelinas,False,True,825644,2,4,0,0,0,0,0,1,0,1,0,1,1,0,0,.214,.313,.393,.706,.000,1,0,0,0,0,2,0
2025,809707,Charlie Condon,Salt River Rafters,2025-10-19,Glendale Desert Dogs,False,True,825647,4,5,2,0,0,0,2,2,0,1,0,1,0,0,0,.250,.351,.406,.757,.667,0,1,0,0,0,1,0
2025,809707,Charlie Condon,Salt River Rafters,2025-10-21,Mesa Solar Sox,False,True,825601,4,4,1,0,0,0,1,1,1,0,0,2,0,0,0,.250,.341,.389,.730,.500,0,1,0,0,0,1,0
2025,809707,Charlie Condon,Salt River Rafters,2025-10-21,Mesa Solar Sox,False,False,825605,2,3,1,0,0,0,1,1,0,1,0,1,0,0,0,.263,.364,.395,.759,1.000,0,0,0,0,0,0,0
2025,809707,Charlie Condon,Salt River Rafters,2025-10-22,Mesa Solar Sox,True,True,825631,6,6,5,1,0,0,6,2,0,0,0,0,0,0,0,.341,.420,.477,.897,.833,0,1,0,0,0,1,0
2025,809707,Charlie Condon,Salt River Rafters,2025-10-23,Glendale Desert Dogs,True,True,825630,4,6,0,0,0,0,0,2,0,2,0,2,0,0,0,.313,.411,.438,.849,.000,0,2,0,0,0,6,0
2025,809707,Charlie Condon,Salt River Rafters,2025-10-26,Glendale Desert Dogs,False,False,825660,4,5,3,0,0,0,3,1,1,1,0,0,0,0,0,.346,.443,.462,.905,.750,1,0,0,0,0,1,0
2025,809707,Charlie Condon,Salt River Rafters,2025-10-28,Peoria Javelinas,False,False,825639,4,4,2,0,0,0,2,0,1,0,0,1,0,0,0,.357,.446,.464,.910,.667,0,1,0,0,0,1,0
2025,809707,Charlie Condon,Salt River Rafters,2025-10-29,Peoria Javelinas,True,False,825628,3,3,1,0,0,0,1,0,0,0,0,0,0,0,0,.356,.441,.458,.899,.333,1,1,1,0,0,3,0
2025,809707,Charlie Condon,Salt River Rafters,2025-10-31,Scottsdale Scorpions,True,False,825626,1,3,0,0,0,0,0,1,0,2,0,0,0,0,0,.350,.451,.450,.901,.000,0,1,0,0,0,0,0
2025,809707,Charlie Condon,Salt River Rafters,2025-11-01,Scottsdale Scorpions,False,False,825611,4,5,2,0,0,0,2,1,0,0,0,1,1,0,0,.359,.461,.453,.914,.667,0,1,0,0,0,2,0
2025,809707,Charlie Condon,Salt River Rafters,2025-11-02,Mesa Solar Sox,False,False,825597,3,5,1,0,0,0,1,1,1,1,0,0,1,0,0,.358,.469,.448,.917,.333,2,0,0,0,0,1,0
2025,809707,Charlie Condon,Salt River Rafters,2025-11-04,Surprise Saguaros,False,False,825579,6,6,2,0,1,0,4,2,1,0,0,1,0,0,0,.356,.460,.466,.926,.400,1,2,1,0,0,6,0
2025,809707,Charlie Condon,Salt River Rafters,2025-11-05,Peoria Javelinas,True,True,825625,4,4,0,0,0,0,0,0,0,0,0,1,0,0,0,.338,.440,.442,.882,.000,1,2,0,0,0,3,0
2025,809707,Charlie Condon,Salt River Rafters,2025-11-10,Scottsdale Scorpions,True,True,825623,3,4,2,0,0,0,2,1,0,1,0,1,0,0,0,.350,.453,.450,.903,1.000,0,0,0,0,0,1,0
2025,809707,Charlie Condon,Salt River Rafters,2025-11-11,Surprise Saguaros,True,True,825617,3,3,0,0,0,0,0,0,0,0,0,1,0,0,0,.337,.439,.434,.873,.000,1,1,0,0,0,2,0
2025,808129,Juan Flores,Salt River Rafters,2025-10-07,Glendale Desert Dogs,True,True,825635,3,4,1,0,0,1,4,1,1,0,0,0,1,0,0,.333,.500,1.333,1.833,.000,1,1,0,0,0,2,0
2025,808129,Juan Flores,Salt River Rafters,2025-10-08,Scottsdale Scorpions,False,False,825619,2,2,1,1,0,0,2,0,0,0,0,1,0,0,0,.400,.500,1.200,1.700,1.000,0,0,0,0,0,0,0
2025,808129,Juan Flores,Salt River Rafters,2025-10-10,Peoria Javelinas,False,False,825651,4,4,1,1,0,0,2,0,0,0,0,1,0,0,0,.333,.400,.889,1.289,.333,0,2,0,0,0,1,0
2025,808129,Juan Flores,Salt River Rafters,2025-10-14,Glendale Desert Dogs,True,True,825636,4,4,0,0,0,0,0,0,0,0,0,1,0,0,0,.231,.286,.615,.901,.000,1,2,0,0,0,5,0
2025,808129,Juan Flores,Salt River Rafters,2025-10-15,Scottsdale Scorpions,False,True,825622,5,5,1,0,0,0,1,1,0,0,0,2,0,0,0,.222,.263,.500,.763,.333,2,0,0,0,0,1,0
2025,808129,Juan Flores,Salt River Rafters,2025-10-17,Peoria Javelinas,True,False,825632,4,5,1,1,0,0,2,1,0,1,0,0,0,0,0,.227,.292,.500,.792,.250,2,1,1,0,0,3,0
2025,808129,Juan Flores,Salt River Rafters,2025-10-18,Peoria Javelinas,False,True,825644,4,4,1,0,0,0,1,1,2,0,0,0,0,0,0,.231,.286,.462,.748,.250,2,1,1,0,0,5,0
2025,808129,Juan Flores,Salt River Rafters,2025-10-21,Mesa Solar Sox,False,False,825605,2,3,1,0,0,0,1,0,2,0,0,0,0,0,0,.250,.290,.464,.754,.333,1,1,0,0,1,0,0
2025,808129,Juan Flores,Salt River Rafters,2025-10-22,Mesa Solar Sox,True,True,825631,5,5,2,0,0,0,2,1,1,0,0,2,0,0,0,.273,.306,.455,.761,.667,1,0,1,0,0,6,0
2025,808129,Juan Flores,Salt River Rafters,2025-10-23,Glendale Desert Dogs,True,True,825630,4,5,2,0,1,0,4,2,1,0,0,0,1,0,0,.297,.341,.514,.855,.500,2,0,0,0,0,2,0
2025,808129,Juan Flores,Salt River Rafters,2025-10-26,Glendale Desert Dogs,False,False,825660,3,5,1,1,0,0,2,1,0,1,0,1,1,0,0,.300,.370,.525,.895,.500,1,0,0,0,0,2,0
2025,808129,Juan Flores,Salt River Rafters,2025-10-28,Peoria Javelinas,False,False,825639,4,4,0,0,0,0,0,0,0,0,0,3,0,0,0,.273,.340,.477,.817,.000,1,0,0,0,0,2,0
2025,808129,Juan Flores,Salt River Rafters,2025-10-29,Peoria Javelinas,True,False,825628,3,3,1,0,0,0,1,1,0,0,0,0,0,0,0,.277,.340,.468,.808,.333,1,1,0,0,0,0,0
2025,808129,Juan Flores,Salt River Rafters,2025-10-31,Scottsdale Scorpions,True,False,825626,3,3,1,1,0,0,2,1,0,0,0,2,0,0,0,.280,.339,.480,.819,1.000,0,0,0,0,0,0,0
2025,808129,Juan Flores,Salt River Rafters,2025-11-01,Scottsdale Scorpions,False,False,825611,5,5,0,0,0,0,0,0,0,0,0,2,0,0,0,.255,.311,.436,.747,.000,2,1,0,0,0,4,0
2025,808129,Juan Flores,Salt River Rafters,2025-11-04,Surprise Saguaros,False,False,825579,4,5,2,0,0,0,2,0,1,0,0,1,1,0,0,.271,.333,.441,.774,.667,1,0,0,0,0,2,0
2025,808129,Juan Flores,Salt River Rafters,2025-11-07,Surprise Saguaros,False,False,825576,3,4,0,0,0,0,0,0,0,1,0,2,0,0,0,.258,.329,.419,.748,.000,1,0,0,0,0,4,0
2025,808129,Juan Flores,Salt River Rafters,2025-11-10,Scottsdale Scorpions,True,True,825623,2,4,1,0,0,0,1,1,1,1,0,1,0,0,0,.266,.338,.422,.760,.500,0,1,0,0,1,3,0
2025,808129,Juan Flores,Salt River Rafters,2025-11-11,Surprise Saguaros,True,True,825617,2,3,1,0,0,0,1,1,0,1,0,1,0,0,0,.273,.351,.424,.775,1.000,0,0,0,0,0,0,0
2025,703190,Johanfran Garcia,Salt River Rafters,2025-10-07,Glendale Desert Dogs,True,True,825635,3,3,1,0,0,0,1,1,0,0,0,1,0,0,0,.333,.333,.333,.666,.500,0,1,0,0,0,0,0
2025,703190,Johanfran Garcia,Salt River Rafters,2025-10-08,Scottsdale Scorpions,False,False,825619,4,4,0,0,0,0,0,0,0,0,0,1,0,0,0,.143,.143,.143,.286,.000,2,1,0,0,0,3,0
2025,703190,Johanfran Garcia,Salt River Rafters,2025-10-09,Mesa Solar Sox,True,False,825637,5,6,3,0,0,0,3,1,1,1,0,0,0,0,0,.333,.385,.333,.718,.600,1,1,0,0,0,3,0
2025,703190,Johanfran Garcia,Salt River Rafters,2025-10-14,Glendale Desert Dogs,True,True,825636,3,4,1,1,0,0,2,1,2,1,0,0,0,0,0,.333,.412,.400,.812,.333,1,1,0,0,0,2,0
2025,703190,Johanfran Garcia,Salt River Rafters,2025-10-15,Scottsdale Scorpions,False,True,825622,5,5,0,0,0,0,0,0,0,0,0,1,0,0,0,.250,.318,.300,.618,.000,1,3,0,0,0,2,0
2025,703190,Johanfran Garcia,Salt River Rafters,2025-10-17,Peoria Javelinas,True,False,825632,4,5,0,0,0,0,0,0,1,1,0,2,0,0,0,.208,.296,.250,.546,.000,2,0,0,0,0,5,0
2025,703190,Johanfran Garcia,Salt River Rafters,2025-10-19,Glendale Desert Dogs,False,True,825647,3,5,0,0,0,0,0,0,0,2,0,1,0,0,0,.185,.313,.222,.535,.000,1,1,0,0,0,1,0
2025,703190,Johanfran Garcia,Salt River Rafters,2025-10-21,Mesa Solar Sox,False,True,825601,4,4,1,0,0,0,1,0,0,0,0,1,0,0,0,.194,.306,.226,.532,.333,2,0,0,0,0,2,0
2025,703190,Johanfran Garcia,Salt River Rafters,2025-10-22,Mesa Solar Sox,True,True,825631,4,5,2,1,0,0,3,3,0,1,0,0,0,0,0,.229,.341,.286,.627,.500,0,2,0,0,0,3,0
2025,703190,Johanfran Garcia,Salt River Rafters,2025-10-24,Scottsdale Scorpions,True,False,825629,4,4,1,0,0,1,4,1,1,0,0,1,0,0,0,.231,.333,.359,.692,.000,0,2,0,0,0,2,0
2025,703190,Johanfran Garcia,Salt River Rafters,2025-10-26,Glendale Desert Dogs,False,False,825660,5,5,0,0,0,0,0,0,0,0,0,2,0,0,0,.205,.300,.318,.618,.000,3,0,1,0,0,7,0
2025,703190,Johanfran Garcia,Salt River Rafters,2025-10-28,Peoria Javelinas,False,False,825639,2,4,0,0,0,0,0,0,0,2,0,0,0,0,0,.196,.315,.304,.619,.000,1,1,0,0,0,0,0
2025,703190,Johanfran Garcia,Salt River Rafters,2025-10-30,Mesa Solar Sox,True,False,825627,4,4,1,1,0,0,2,0,2,0,0,2,0,0,0,.200,.310,.320,.630,.500,1,0,0,0,0,1,0
2025,703190,Johanfran Garcia,Salt River Rafters,2025-10-31,Scottsdale Scorpions,True,False,825626,3,3,0,0,0,0,0,0,0,0,0,2,0,0,0,.189,.295,.302,.597,.000,1,0,1,0,0,3,0
2025,703190,Johanfran Garcia,Salt River Rafters,2025-11-02,Mesa Solar Sox,False,False,825597,2,5,1,0,0,1,4,1,1,3,0,0,0,0,0,.200,.333,.364,.697,.000,0,1,0,0,0,2,0
2025,703190,Johanfran Garcia,Salt River Rafters,2025-11-05,Peoria Javelinas,True,True,825625,4,4,1,1,0,0,2,1,1,0,0,2,0,0,0,.203,.329,.373,.702,.500,1,0,1,0,0,2,0
2025,703190,Johanfran Garcia,Salt River Rafters,2025-11-07,Surprise Saguaros,False,False,825576,3,4,1,0,0,0,1,0,0,1,0,0,0,0,0,.210,.338,.371,.709,.333,2,0,0,0,0,1,0
2025,703190,Johanfran Garcia,Salt River Rafters,2025-11-10,Scottsdale Scorpions,True,True,825623,2,3,1,1,0,0,2,0,1,0,0,0,1,0,0,.219,.351,.391,.742,.500,1,0,0,0,0,0,0
2025,703190,Johanfran Garcia,Salt River Rafters,2025-11-11,Surprise Saguaros,True,True,825617,3,3,1,0,0,0,1,0,0,0,0,1,0,0,0,.224,.350,.388,.738,.500,1,0,0,0,0,1,0
2025,694815,Jack Hurley,Salt River Rafters,2025-10-09,Mesa Solar Sox,True,False,825637,2,5,0,0,0,0,0,1,0,3,0,2,0,1,0,.000,.600,.000,.600,.---,0,0,0,0,0,5,0
2025,694815,Jack Hurley,Salt River Rafters,2025-10-10,Peoria Javelinas,False,False,825651,2,2,1,1,0,0,2,0,0,0,0,1,0,0,0,.250,.571,.500,1.071,1.000,0,0,0,0,0,2,0
2025,694815,Jack Hurley,Salt River Rafters,2025-10-16,Surprise Saguaros,True,False,825633,3,3,1,0,0,0,1,1,0,0,0,1,0,0,0,.286,.500,.429,.929,.500,1,0,0,0,0,0,0
2025,694815,Jack Hurley,Salt River Rafters,2025-10-17,Peoria Javelinas,True,False,825632,5,5,0,0,0,0,0,0,1,0,0,1,0,0,0,.167,.333,.250,.583,.000,2,2,0,0,0,3,0
2025,694815,Jack Hurley,Salt River Rafters,2025-10-19,Glendale Desert Dogs,False,True,825647,4,6,0,0,0,0,0,1,1,2,0,1,0,1,0,.125,.333,.188,.521,.000,3,0,1,0,0,6,0
2025,694815,Jack Hurley,Salt River Rafters,2025-10-21,Mesa Solar Sox,False,False,825605,3,3,0,0,0,0,0,0,0,0,0,0,0,0,0,.105,.292,.158,.450,.000,1,2,0,0,0,0,0
2025,694815,Jack Hurley,Salt River Rafters,2025-10-23,Glendale Desert Dogs,True,True,825630,5,5,4,1,1,2,13,3,8,0,0,1,0,0,0,.250,.379,.667,1.046,1.000,0,0,0,0,0,0,0
2025,694815,Jack Hurley,Salt River Rafters,2025-10-24,Scottsdale Scorpions,True,False,825629,5,5,1,0,0,0,1,0,0,0,0,0,0,0,0,.241,.353,.586,.939,.200,1,3,0,0,0,1,0
2025,694815,Jack Hurley,Salt River Rafters,2025-10-29,Peoria Javelinas,True,False,825628,2,3,0,0,0,0,0,0,0,1,0,2,0,0,0,.226,.351,.548,.899,.---,0,0,0,0,0,3,0
2025,694815,Jack Hurley,Salt River Rafters,2025-11-01,Scottsdale Scorpions,False,False,825611,4,5,1,0,0,0,1,1,0,1,0,1,0,1,0,.229,.357,.514,.871,.333,2,0,0,0,0,2,0
2025,694815,Jack Hurley,Salt River Rafters,2025-11-02,Mesa Solar Sox,False,False,825597,5,5,1,0,0,0,1,1,0,0,0,3,0,0,0,.225,.340,.475,.815,.500,1,0,0,0,0,5,0
2025,694815,Jack Hurley,Salt River Rafters,2025-11-05,Peoria Javelinas,True,True,825625,4,4,2,0,0,0,2,1,1,0,0,1,0,1,0,.250,.353,.477,.830,.667,1,0,0,0,0,2,0
2025,694815,Jack Hurley,Salt River Rafters,2025-11-06,Surprise Saguaros,True,False,825624,4,4,1,0,0,0,1,0,0,0,0,2,0,0,0,.250,.345,.458,.803,.500,0,1,0,0,0,2,0
2025,694815,Jack Hurley,Salt River Rafters,2025-11-10,Scottsdale Scorpions,True,True,825623,2,4,1,1,0,0,2,1,1,0,0,1,1,0,0,.260,.356,.480,.836,.500,0,1,0,0,1,1,0
2025,800306,Jansel Luis,Salt River Rafters,2025-10-07,Glendale Desert Dogs,True,True,825635,3,5,0,0,0,0,0,0,0,1,0,0,1,0,0,.000,.400,.000,.400,.000,3,0,0,0,0,1,0
2025,800306,Jansel Luis,Salt River Rafters,2025-10-08,Scottsdale Scorpions,False,False,825619,4,4,0,0,0,0,0,0,0,0,0,2,0,0,0,.000,.222,.000,.222,.000,2,0,0,0,0,2,0
2025,800306,Jansel Luis,Salt River Rafters,2025-10-09,Mesa Solar Sox,True,False,825637,6,6,4,1,0,0,5,2,2,0,0,0,0,1,1,.308,.400,.385,.785,.667,2,0,0,0,0,0,0
2025,800306,Jansel Luis,Salt River Rafters,2025-10-10,Peoria Javelinas,False,False,825651,3,4,0,0,0,0,0,0,0,1,0,0,0,0,0,.250,.368,.313,.681,.000,2,1,0,0,0,2,0
2025,800306,Jansel Luis,Salt River Rafters,2025-10-14,Glendale Desert Dogs,True,True,825636,5,5,2,1,0,0,3,1,0,0,0,1,0,1,0,.286,.375,.381,.756,.500,2,0,1,0,0,3,0
2025,800306,Jansel Luis,Salt River Rafters,2025-10-15,Scottsdale Scorpions,False,True,825622,4,5,0,0,0,0,0,0,0,0,0,2,0,0,0,.240,.321,.320,.641,.000,2,1,0,1,0,3,0
2025,800306,Jansel Luis,Salt River Rafters,2025-10-16,Surprise Saguaros,True,False,825633,6,6,0,0,0,0,0,0,0,0,0,2,0,0,0,.194,.265,.258,.523,.000,2,2,0,0,0,6,0
2025,800306,Jansel Luis,Salt River Rafters,2025-10-18,Peoria Javelinas,False,True,825644,3,4,0,0,0,0,0,0,0,1,0,1,0,0,0,.176,.263,.235,.498,.000,2,0,1,0,0,4,0
2025,800306,Jansel Luis,Salt River Rafters,2025-10-19,Glendale Desert Dogs,False,True,825647,4,5,3,1,0,0,4,1,2,0,0,0,0,1,1,.237,.302,.316,.618,.600,0,2,0,0,1,1,0
2025,800306,Jansel Luis,Salt River Rafters,2025-10-21,Mesa Solar Sox,False,True,825601,4,4,1,0,0,0,1,1,1,0,0,2,0,0,0,.238,.298,.310,.608,.500,1,0,0,0,0,1,0
2025,800306,Jansel Luis,Salt River Rafters,2025-10-21,Mesa Solar Sox,False,False,825605,2,2,0,0,0,0,0,0,0,0,0,0,0,0,0,.227,.286,.295,.581,.000,2,0,0,0,0,1,0
2025,800306,Jansel Luis,Salt River Rafters,2025-10-23,Glendale Desert Dogs,True,True,825630,4,5,2,0,0,0,2,1,1,1,0,1,0,3,0,.250,.315,.313,.628,.667,0,1,0,0,0,0,0
2025,800306,Jansel Luis,Salt River Rafters,2025-10-24,Scottsdale Scorpions,True,False,825629,4,4,2,0,0,0,2,0,1,0,0,0,0,0,0,.269,.328,.327,.655,.500,1,1,0,0,0,2,0
2025,800306,Jansel Luis,Salt River Rafters,2025-10-26,Glendale Desert Dogs,False,False,825660,3,5,0,0,0,0,0,1,0,2,0,0,0,1,0,.255,.333,.309,.642,.000,3,0,1,0,0,1,0
2025,800306,Jansel Luis,Salt River Rafters,2025-10-28,Peoria Javelinas,False,False,825639,4,4,0,0,0,0,0,0,0,0,0,2,0,0,0,.237,.313,.288,.601,.000,2,0,0,0,0,2,0
2025,800306,Jansel Luis,Salt River Rafters,2025-10-29,Peoria Javelinas,True,False,825628,1,3,0,0,0,0,0,0,0,2,0,1,0,0,0,.233,.329,.283,.612,.---,0,0,0,0,0,2,0
2025,800306,Jansel Luis,Salt River Rafters,2025-10-31,Scottsdale Scorpions,True,False,825626,3,3,0,0,0,0,0,0,0,0,0,1,0,0,0,.222,.315,.270,.585,.000,0,2,0,0,0,1,0
2025,800306,Jansel Luis,Salt River Rafters,2025-11-01,Scottsdale Scorpions,False,False,825611,4,4,1,0,0,0,1,1,0,0,0,0,0,0,0,.224,.312,.269,.581,.250,2,1,0,0,0,4,0
2025,800306,Jansel Luis,Salt River Rafters,2025-11-02,Mesa Solar Sox,False,False,825597,5,5,1,0,0,0,1,0,1,0,0,1,0,1,0,.222,.305,.264,.569,.250,2,1,1,0,0,4,0
2025,800306,Jansel Luis,Salt River Rafters,2025-11-04,Surprise Saguaros,False,False,825579,5,5,1,0,0,0,1,1,0,0,0,1,0,0,0,.221,.299,.260,.559,.250,2,1,0,0,0,5,0
2025,800306,Jansel Luis,Salt River Rafters,2025-11-05,Peoria Javelinas,True,True,825625,3,3,0,0,0,0,0,0,0,0,0,1,0,0,0,.213,.289,.250,.539,.000,2,0,0,0,0,3,0
2025,800306,Jansel Luis,Salt River Rafters,2025-11-06,Surprise Saguaros,True,False,825624,0,3,0,0,0,0,0,0,0,3,0,0,0,0,1,.213,.312,.250,.562,.---,0,0,0,0,0,0,0
2025,800306,Jansel Luis,Salt River Rafters,2025-11-07,Surprise Saguaros,False,False,825576,4,4,0,0,0,0,0,1,0,0,0,1,0,0,0,.202,.299,.238,.537,.000,2,1,0,0,0,1,0
2025,800306,Jansel Luis,Salt River Rafters,2025-11-10,Scottsdale Scorpions,True,True,825623,3,3,1,0,0,0,1,1,0,0,0,1,0,0,0,.207,.300,.241,.541,.500,0,1,0,0,0,0,0
2025,800306,Jansel Luis,Salt River Rafters,2025-11-11,Surprise Saguaros,True,True,825617,2,3,1,0,0,0,1,1,0,1,0,0,0,0,0,.213,.311,.247,.558,.500,1,0,0,0,0,0,0
2025,702574,David Mershon,Salt River Rafters,2025-10-14,Glendale Desert Dogs,True,True,825636,1,3,0,0,0,0,0,0,0,2,0,0,0,0,0,.000,.667,.000,.667,.000,1,0,0,0,0,0,0
2025,702574,David Mershon,Salt River Rafters,2025-10-15,Scottsdale Scorpions,False,True,825622,2,3,0,0,0,0,0,1,0,1,0,0,0,0,0,.000,.500,.000,.500,.000,2,0,0,0,0,0,0
2025,702574,David Mershon,Salt River Rafters,2025-10-17,Peoria Javelinas,True,False,825632,4,5,0,0,0,0,0,1,1,1,0,1,0,1,0,.000,.364,.000,.364,.000,2,1,0,0,0,4,0
2025,702574,David Mershon,Salt River Rafters,2025-10-18,Peoria Javelinas,False,True,825644,2,4,0,0,0,0,0,1,0,1,0,1,1,0,0,.000,.400,.000,.400,.000,1,0,0,0,0,0,0
2025,702574,David Mershon,Salt River Rafters,2025-10-19,Glendale Desert Dogs,False,True,825647,3,6,1,0,0,0,1,1,1,3,0,1,0,0,0,.083,.476,.083,.559,.500,1,0,0,0,0,0,0
2025,702574,David Mershon,Salt River Rafters,2025-10-21,Mesa Solar Sox,False,False,825605,3,3,0,0,0,0,0,0,0,0,0,1,0,0,0,.067,.417,.067,.484,.000,2,0,0,0,0,1,0
2025,702574,David Mershon,Salt River Rafters,2025-10-22,Mesa Solar Sox,True,True,825631,4,6,2,0,0,1,5,2,2,2,0,1,0,0,0,.158,.467,.316,.783,.500,0,1,0,0,0,1,0
2025,702574,David Mershon,Salt River Rafters,2025-10-23,Glendale Desert Dogs,True,True,825630,4,6,2,1,0,0,3,2,1,1,0,0,0,0,0,.217,.472,.391,.863,.400,1,2,0,0,1,0,0
2025,702574,David Mershon,Salt River Rafters,2025-10-24,Scottsdale Scorpions,True,False,825629,4,5,1,0,0,0,1,1,1,0,0,1,0,2,0,.222,.439,.370,.809,.250,1,2,0,0,1,2,0
2025,702574,David Mershon,Salt River Rafters,2025-10-28,Peoria Javelinas,False,False,825639,4,4,2,0,0,0,2,1,0,0,0,1,0,2,0,.258,.444,.387,.831,.667,0,1,0,0,0,0,0
2025,702574,David Mershon,Salt River Rafters,2025-10-29,Peoria Javelinas,True,False,825628,3,4,1,0,0,0,1,0,0,1,0,0,0,0,0,.265,.449,.382,.831,.333,2,0,0,0,0,1,0
2025,702574,David Mershon,Salt River Rafters,2025-10-30,Mesa Solar Sox,True,False,825627,3,4,1,0,0,0,1,2,0,1,0,1,0,1,0,.270,.453,.378,.831,.500,1,0,0,0,0,0,0
2025,702574,David Mershon,Salt River Rafters,2025-10-31,Scottsdale Scorpions,True,False,825626,2,3,0,0,0,0,0,1,0,1,0,1,0,1,0,.256,.446,.359,.805,.000,1,0,0,0,0,0,0
2025,702574,David Mershon,Salt River Rafters,2025-11-01,Scottsdale Scorpions,False,False,825611,4,5,1,0,0,0,1,0,1,0,0,2,0,0,0,.256,.426,.349,.775,.333,1,1,0,0,1,1,0
2025,702574,David Mershon,Salt River Rafters,2025-11-02,Mesa Solar Sox,False,False,825597,3,5,0,0,0,0,0,1,0,2,0,1,0,3,0,.239,.424,.326,.750,.000,2,0,1,0,0,3,0
2025,702574,David Mershon,Salt River Rafters,2025-11-04,Surprise Saguaros,False,False,825579,3,6,0,0,0,0,0,1,0,0,0,2,2,0,0,.224,.423,.306,.729,.000,1,0,0,0,0,3,1
2025,702574,David Mershon,Salt River Rafters,2025-11-05,Peoria Javelinas,True,True,825625,2,4,0,0,0,0,0,0,0,2,0,0,0,0,0,.216,.427,.294,.721,.000,2,0,0,0,0,0,0
2025,702574,David Mershon,Salt River Rafters,2025-11-06,Surprise Saguaros,True,False,825624,3,4,1,0,0,0,1,0,0,1,0,0,0,0,0,.222,.430,.296,.726,.333,2,0,0,0,0,3,0
2025,702574,David Mershon,Salt River Rafters,2025-11-07,Surprise Saguaros,False,False,825576,4,4,1,0,0,0,1,0,0,0,0,3,0,1,0,.224,.422,.293,.715,1.000,0,0,0,0,0,2,0
2025,702574,David Mershon,Salt River Rafters,2025-11-10,Scottsdale Scorpions,True,True,825623,3,4,1,0,0,0,1,1,1,1,0,0,0,1,0,.230,.425,.295,.720,.333,1,1,0,0,0,0,0
2025,804558,Raudi Rodriguez,Salt River Rafters,2025-10-07,Glendale Desert Dogs,True,True,825635,2,4,2,0,0,0,2,1,0,2,0,0,0,1,0,1.000,1.000,1.000,2.000,1.000,0,0,0,0,0,0,0
2025,804558,Raudi Rodriguez,Salt River Rafters,2025-10-09,Mesa Solar Sox,True,False,825637,0,0,0,0,0,0,0,0,0,0,0,0,0,0,0,1.000,1.000,1.000,2.000,.---,0,0,0,0,0,0,0
2025,804558,Raudi Rodriguez,Salt River Rafters,2025-10-10,Peoria Javelinas,False,False,825651,4,4,1,0,0,1,4,1,1,0,0,1,0,0,0,.500,.625,1.000,1.625,.000,1,1,0,0,0,1,0
2025,804558,Raudi Rodriguez,Salt River Rafters,2025-10-14,Glendale Desert Dogs,True,True,825636,3,4,1,1,0,0,2,0,1,1,0,1,0,0,0,.444,.583,.889,1.472,.500,1,0,0,0,0,2,0
2025,804558,Raudi Rodriguez,Salt River Rafters,2025-10-17,Peoria Javelinas,True,False,825632,3,5,2,0,0,0,2,0,0,2,0,1,0,0,0,.500,.647,.833,1.480,1.000,0,0,0,0,0,0,0
2025,804558,Raudi Rodriguez,Salt River Rafters,2025-10-18,Peoria Javelinas,False,True,825644,3,4,1,0,0,0,1,2,0,1,0,1,0,0,0,.467,.619,.733,1.352,.500,1,0,0,0,0,4,0
2025,804558,Raudi Rodriguez,Salt River Rafters,2025-10-21,Mesa Solar Sox,False,False,825605,2,3,1,0,1,0,3,1,1,0,0,0,0,0,0,.471,.609,.824,1.433,.500,1,1,0,1,0,0,0
2025,804558,Raudi Rodriguez,Salt River Rafters,2025-10-22,Mesa Solar Sox,True,True,825631,6,6,3,1,0,0,4,2,2,0,0,1,0,0,0,.478,.586,.783,1.369,.600,1,1,0,0,0,4,0
2025,804558,Raudi Rodriguez,Salt River Rafters,2025-10-23,Glendale Desert Dogs,True,True,825630,3,3,1,0,0,0,1,0,0,0,0,1,0,0,0,.462,.563,.731,1.294,.500,0,1,0,0,0,2,0
2025,804558,Raudi Rodriguez,Salt River Rafters,2025-10-24,Scottsdale Scorpions,True,False,825629,5,5,2,1,0,0,3,0,0,0,0,3,0,0,1,.452,.541,.710,1.251,1.000,0,0,0,0,0,2,0
2025,804558,Raudi Rodriguez,Salt River Rafters,2025-10-26,Glendale Desert Dogs,False,False,825660,3,5,2,0,0,0,2,0,0,2,0,0,0,1,0,.471,.571,.706,1.277,.667,1,0,0,0,0,1,0
2025,804558,Raudi Rodriguez,Salt River Rafters,2025-10-28,Peoria Javelinas,False,False,825639,4,4,0,0,0,0,0,0,0,0,0,1,0,0,0,.421,.522,.632,1.154,.000,3,0,1,0,0,5,0
2025,804558,Raudi Rodriguez,Salt River Rafters,2025-10-31,Scottsdale Scorpions,True,False,825626,3,3,1,0,0,0,1,0,1,0,0,0,0,1,0,.415,.510,.610,1.120,.333,1,1,0,0,0,0,0
2025,804558,Raudi Rodriguez,Salt River Rafters,2025-11-01,Scottsdale Scorpions,False,False,825611,5,5,3,2,0,0,5,2,1,0,0,0,0,0,0,.435,.519,.652,1.171,.600,1,1,0,0,0,1,0
2025,804558,Raudi Rodriguez,Salt River Rafters,2025-11-04,Surprise Saguaros,False,False,825579,5,5,3,0,0,0,3,0,1,0,0,0,0,0,0,.451,.525,.647,1.172,.600,0,2,0,0,0,4,0
2025,804558,Raudi Rodriguez,Salt River Rafters,2025-11-05,Peoria Javelinas,True,True,825625,3,4,0,0,0,0,0,1,0,1,0,1,0,1,0,.426,.508,.611,1.119,.000,2,0,0,0,0,2,0
2025,804558,Raudi Rodriguez,Salt River Rafters,2025-11-07,Surprise Saguaros,False,False,825576,3,4,1,1,0,0,2,0,0,1,0,1,0,0,1,.421,.507,.614,1.121,.500,1,0,0,0,0,0,0
2025,804558,Raudi Rodriguez,Salt River Rafters,2025-11-11,Surprise Saguaros,True,True,825617,3,3,2,0,1,0,4,1,1,0,0,0,0,1,0,.433,.514,.650,1.164,.667,1,0,0,0,0,0,0
2025,807511,Nelly Taylor,Salt River Rafters,2025-10-08,Scottsdale Scorpions,False,False,825619,4,4,0,0,0,0,0,0,0,0,0,3,0,0,0,.000,.000,.000,.000,.000,1,0,0,0,0,5,0
2025,807511,Nelly Taylor,Salt River Rafters,2025-10-09,Mesa Solar Sox,True,False,825637,4,5,1,0,0,0,1,2,0,1,0,2,0,2,0,.125,.222,.125,.347,.500,1,0,0,0,0,5,0
2025,807511,Nelly Taylor,Salt River Rafters,2025-10-15,Scottsdale Scorpions,False,True,825622,0,0,0,0,0,0,0,0,0,0,0,0,0,0,0,.125,.222,.125,.347,.---,0,0,0,0,0,0,0
2025,807511,Nelly Taylor,Salt River Rafters,2025-10-17,Peoria Javelinas,True,False,825632,4,4,0,0,0,0,0,0,0,0,0,3,0,0,0,.083,.154,.083,.237,.000,0,1,0,0,0,7,0
2025,807511,Nelly Taylor,Salt River Rafters,2025-10-18,Peoria Javelinas,False,True,825644,0,0,0,0,0,0,0,0,0,0,0,0,0,0,0,.083,.154,.083,.237,.---,0,0,0,0,0,0,0
2025,807511,Nelly Taylor,Salt River Rafters,2025-10-19,Glendale Desert Dogs,False,True,825647,4,5,1,0,0,0,1,2,0,1,0,1,0,1,0,.125,.222,.125,.347,.333,2,0,0,0,0,2,0
2025,807511,Nelly Taylor,Salt River Rafters,2025-10-21,Mesa Solar Sox,False,True,825601,0,3,0,0,0,0,0,1,1,2,0,0,0,1,0,.125,.286,.125,.411,.000,0,1,0,0,1,0,0
2025,807511,Nelly Taylor,Salt River Rafters,2025-10-22,Mesa Solar Sox,True,True,825631,5,5,0,0,0,0,0,0,0,0,0,1,0,0,0,.095,.231,.095,.326,.000,0,4,0,0,0,8,0
2025,807511,Nelly Taylor,Salt River Rafters,2025-10-26,Glendale Desert Dogs,False,False,825660,4,5,2,0,0,0,2,0,1,1,0,2,0,1,0,.160,.290,.160,.450,1.000,0,0,0,0,0,5,0
2025,807511,Nelly Taylor,Salt River Rafters,2025-10-30,Mesa Solar Sox,True,False,825627,4,4,0,0,0,0,0,0,0,0,0,3,0,0,0,.138,.257,.138,.395,.000,0,1,0,0,0,2,0
2025,807511,Nelly Taylor,Salt River Rafters,2025-11-02,Mesa Solar Sox,False,False,825597,1,4,0,0,0,0,0,1,0,3,0,0,0,2,0,.133,.308,.133,.441,.000,0,1,0,0,0,3,0
2025,807511,Nelly Taylor,Salt River Rafters,2025-11-06,Surprise Saguaros,True,False,825624,3,3,1,0,0,0,1,0,0,0,0,2,0,0,0,.152,.310,.152,.462,1.000,0,0,0,0,0,1,0
2025,807511,Nelly Taylor,Salt River Rafters,2025-11-10,Scottsdale Scorpions,True,True,825623,3,3,0,0,0,0,0,0,0,0,0,2,0,0,0,.139,.289,.139,.428,.000,0,1,0,0,0,3,0
2025,696142,Will Taylor,Salt River Rafters,2025-10-08,Scottsdale Scorpions,False,False,825619,1,1,0,0,0,0,0,0,0,0,0,0,0,0,0,.000,.000,.000,.000,.000,0,1,0,0,0,0,0
2025,696142,Will Taylor,Salt River Rafters,2025-10-09,Mesa Solar Sox,True,False,825637,4,6,0,0,0,0,0,0,0,2,0,3,0,0,1,.000,.286,.000,.286,.000,0,1,0,0,0,2,0
2025,696142,Will Taylor,Salt River Rafters,2025-10-10,Peoria Javelinas,False,False,825651,2,2,0,0,0,0,0,0,0,0,0,0,0,0,0,.000,.222,.000,.222,.000,2,0,0,0,0,0,0
2025,696142,Will Taylor,Salt River Rafters,2025-10-15,Scottsdale Scorpions,False,True,825622,4,4,2,1,0,1,6,2,1,0,0,1,0,0,0,.182,.308,.545,.853,.500,0,1,0,0,0,2,0
2025,696142,Will Taylor,Salt River Rafters,2025-10-16,Surprise Saguaros,True,False,825633,5,5,2,0,0,0,2,0,1,0,0,3,0,1,0,.250,.333,.500,.833,1.000,0,0,0,0,0,4,0
2025,696142,Will Taylor,Salt River Rafters,2025-10-19,Glendale Desert Dogs,False,True,825647,1,1,0,0,0,0,0,0,0,0,0,0,0,0,0,.235,.316,.471,.787,.000,0,1,0,0,0,1,0
2025,696142,Will Taylor,Salt River Rafters,2025-10-21,Mesa Solar Sox,False,True,825601,2,4,0,0,0,0,0,0,1,1,0,0,0,0,1,.211,.304,.421,.725,.000,1,2,0,0,1,0,0
2025,696142,Will Taylor,Salt River Rafters,2025-10-23,Glendale Desert Dogs,True,True,825630,3,5,0,0,0,0,0,3,1,2,0,1,0,0,0,.182,.321,.364,.685,.000,1,1,0,0,0,3,0
2025,696142,Will Taylor,Salt River Rafters,2025-10-24,Scottsdale Scorpions,True,False,825629,2,4,0,0,0,0,0,1,0,2,0,2,0,1,0,.167,.344,.333,.677,.---,0,0,0,0,0,0,0
2025,696142,Will Taylor,Salt River Rafters,2025-10-29,Peoria Javelinas,True,False,825628,2,3,0,0,0,0,0,0,0,1,0,0,0,0,0,.154,.343,.308,.651,.000,0,2,0,0,0,0,0
2025,696142,Will Taylor,Salt River Rafters,2025-10-31,Scottsdale Scorpions,True,False,825626,3,3,0,0,0,0,0,0,0,0,0,1,0,0,0,.138,.316,.276,.592,.000,0,2,0,0,0,1,0
2025,696142,Will Taylor,Salt River Rafters,2025-11-02,Mesa Solar Sox,False,False,825597,5,5,0,0,0,0,0,0,0,0,0,3,0,0,0,.118,.279,.235,.514,.000,0,2,0,0,0,6,0
2025,696142,Will Taylor,Salt River Rafters,2025-11-06,Surprise Saguaros,True,False,825624,3,3,1,0,0,0,1,0,0,0,0,0,0,0,0,.135,.283,.243,.526,.333,2,0,0,0,0,1,0
2025,696142,Will Taylor,Salt River Rafters,2025-11-07,Surprise Saguaros,False,False,825576,3,4,1,0,0,0,1,1,0,1,0,1,0,0,0,.150,.300,.250,.550,.500,0,1,0,0,0,0,0
2025,696142,Will Taylor,Salt River Rafters,2025-11-10,Scottsdale Scorpions,True,True,825623,2,3,0,0,0,0,0,1,0,1,0,0,0,0,0,.143,.302,.238,.540,.000,0,2,0,0,0,4,0
2025,703606,Jared Thomas,Salt River Rafters,2025-10-07,Glendale Desert Dogs,True,True,825635,5,5,3,2,1,0,7,2,1,0,0,1,0,0,0,.600,.600,1.400,2.000,.750,1,0,0,0,0,4,0
2025,703606,Jared Thomas,Salt River Rafters,2025-10-08,Scottsdale Scorpions,False,False,825619,3,3,0,0,0,0,0,0,0,0,0,3,0,0,0,.375,.375,.875,1.250,.---,0,0,0,0,0,0,0
2025,703606,Jared Thomas,Salt River Rafters,2025-10-14,Glendale Desert Dogs,True,True,825636,5,5,0,0,0,0,0,0,0,0,0,3,0,0,0,.231,.231,.538,.769,.000,2,0,0,0,0,4,0
2025,703606,Jared Thomas,Salt River Rafters,2025-10-15,Scottsdale Scorpions,False,True,825622,4,5,2,0,0,1,5,3,4,1,0,1,0,0,0,.294,.333,.706,1.039,.500,0,1,0,0,0,0,0
2025,703606,Jared Thomas,Salt River Rafters,2025-10-16,Surprise Saguaros,True,False,825633,3,3,1,1,0,0,2,1,0,0,0,2,0,1,0,.300,.333,.700,1.033,1.000,0,0,0,0,0,0,0
2025,703606,Jared Thomas,Salt River Rafters,2025-10-18,Peoria Javelinas,False,True,825644,4,4,1,0,0,0,1,0,0,0,0,1,0,0,0,.292,.320,.625,.945,.333,0,2,0,0,0,2,0
2025,703606,Jared Thomas,Salt River Rafters,2025-10-21,Mesa Solar Sox,False,False,825605,3,3,1,0,0,0,1,1,0,0,0,2,0,0,0,.296,.321,.593,.914,1.000,0,0,0,0,0,0,0
2025,703606,Jared Thomas,Salt River Rafters,2025-10-23,Glendale Desert Dogs,True,True,825630,6,6,3,0,0,0,3,0,1,0,0,2,0,2,0,.333,.353,.576,.929,.750,1,0,0,0,0,2,0
2025,703606,Jared Thomas,Salt River Rafters,2025-10-26,Glendale Desert Dogs,False,False,825660,5,5,1,1,0,0,2,0,0,0,0,3,0,1,0,.316,.333,.553,.886,.500,0,1,0,0,0,4,0
2025,703606,Jared Thomas,Salt River Rafters,2025-10-28,Peoria Javelinas,False,False,825639,3,4,0,0,0,0,0,0,0,0,0,3,1,1,0,.293,.326,.512,.838,.---,0,0,0,0,0,2,0
2025,703606,Jared Thomas,Salt River Rafters,2025-10-30,Mesa Solar Sox,True,False,825627,4,4,1,1,0,0,2,0,0,0,0,2,0,0,0,.289,.319,.511,.830,.500,1,0,0,0,0,2,0
2025,703606,Jared Thomas,Salt River Rafters,2025-10-31,Scottsdale Scorpions,True,False,825626,3,3,1,0,0,0,1,0,1,0,0,2,0,0,0,.292,.320,.500,.820,1.000,0,0,0,0,0,2,0
2025,703606,Jared Thomas,Salt River Rafters,2025-11-02,Mesa Solar Sox,False,False,825597,0,0,0,0,0,0,0,0,0,0,0,0,0,0,0,.292,.320,.500,.820,.---,0,0,0,0,0,0,0
2025,703606,Jared Thomas,Salt River Rafters,2025-11-04,Surprise Saguaros,False,False,825579,4,6,2,0,0,1,5,2,2,2,0,1,0,2,0,.308,.357,.558,.915,.500,0,1,0,0,0,3,0
2025,703606,Jared Thomas,Salt River Rafters,2025-11-05,Peoria Javelinas,True,True,825625,4,4,1,0,0,0,1,0,0,0,0,1,0,0,0,.304,.350,.536,.886,.333,1,1,0,0,0,2,0
2025,703606,Jared Thomas,Salt River Rafters,2025-11-07,Surprise Saguaros,False,False,825576,4,4,1,0,0,0,1,0,1,0,0,1,0,0,0,.300,.344,.517,.861,.333,0,2,0,0,0,1,0
2025,703606,Jared Thomas,Salt River Rafters,2025-11-11,Surprise Saguaros,True,True,825617,3,3,1,1,0,0,2,0,2,0,0,0,0,1,0,.302,.343,.524,.867,.333,1,1,0,0,0,1,0
2025,805964,Stanley Tucker,Salt River Rafters,2025-10-07,Glendale Desert Dogs,True,True,825635,3,4,2,0,0,0,2,1,2,1,0,0,0,2,0,.667,.750,.667,1.417,.667,1,0,1,0,0,2,0
2025,805964,Stanley Tucker,Salt River Rafters,2025-10-08,Scottsdale Scorpions,False,False,825619,4,4,1,0,0,0,1,0,2,0,0,2,0,0,0,.429,.500,.429,.929,.500,0,1,0,0,0,2,0
2025,805964,Stanley Tucker,Salt River Rafters,2025-10-09,Mesa Solar Sox,True,False,825637,5,5,2,0,0,0,2,1,2,0,0,0,0,1,1,.417,.462,.417,.879,.400,2,1,0,0,0,3,0
2025,805964,Stanley Tucker,Salt River Rafters,2025-10-10,Peoria Javelinas,False,False,825651,3,4,0,0,0,0,0,0,0,1,0,1,0,0,0,.333,.412,.333,.745,.000,0,2,0,0,0,1,0
2025,805964,Stanley Tucker,Salt River Rafters,2025-10-14,Glendale Desert Dogs,True,True,825636,2,4,0,0,0,0,0,0,0,2,0,1,0,1,0,.294,.429,.294,.723,.000,0,1,0,0,0,3,0
2025,805964,Stanley Tucker,Salt River Rafters,2025-10-15,Scottsdale Scorpions,False,True,825622,0,1,0,0,0,0,0,1,0,1,0,0,0,0,0,.294,.455,.294,.749,.---,0,0,0,0,0,0,0
2025,805964,Stanley Tucker,Salt River Rafters,2025-10-16,Surprise Saguaros,True,False,825633,4,5,0,0,0,0,0,0,1,1,0,1,0,0,0,.238,.407,.238,.645,.000,2,1,0,0,0,3,0
2025,805964,Stanley Tucker,Salt River Rafters,2025-10-17,Peoria Javelinas,True,False,825632,3,4,1,1,0,0,2,0,1,1,0,1,0,0,0,.250,.419,.292,.711,.500,1,0,0,0,0,3,0
2025,805964,Stanley Tucker,Salt River Rafters,2025-10-19,Glendale Desert Dogs,False,True,825647,4,5,2,0,0,0,2,2,0,1,0,1,0,2,0,.286,.444,.321,.765,.667,0,1,0,0,0,2,0
2025,805964,Stanley Tucker,Salt River Rafters,2025-10-21,Mesa Solar Sox,False,True,825601,3,3,1,0,0,0,1,1,0,0,0,0,0,0,0,.290,.436,.323,.759,.333,0,2,0,0,0,1,0
2025,805964,Stanley Tucker,Salt River Rafters,2025-10-21,Mesa Solar Sox,False,False,825605,3,3,1,0,0,0,1,0,0,0,0,1,0,0,0,.294,.429,.324,.753,.500,0,1,0,0,0,0,0
2025,805964,Stanley Tucker,Salt River Rafters,2025-10-22,Mesa Solar Sox,True,True,825631,4,5,3,1,0,0,4,2,4,1,0,1,0,2,0,.342,.468,.395,.863,1.000,0,0,0,0,0,1,0
2025,805964,Stanley Tucker,Salt River Rafters,2025-10-24,Scottsdale Scorpions,True,False,825629,4,4,1,1,0,0,2,1,0,0,0,3,0,0,0,.333,.451,.405,.856,1.000,0,0,0,0,0,2,0
2025,805964,Stanley Tucker,Salt River Rafters,2025-10-26,Glendale Desert Dogs,False,False,825660,4,4,1,0,0,0,1,1,0,0,0,0,0,1,0,.326,.436,.391,.827,.250,1,2,0,0,0,1,0
2025,805964,Stanley Tucker,Salt River Rafters,2025-10-28,Peoria Javelinas,False,False,825639,3,4,0,0,0,0,0,0,0,1,0,0,0,0,0,.306,.424,.367,.791,.000,3,0,0,0,0,1,0
2025,805964,Stanley Tucker,Salt River Rafters,2025-10-30,Mesa Solar Sox,True,False,825627,2,3,0,0,0,0,0,0,0,1,0,2,0,0,1,.294,.419,.353,.772,.---,0,0,0,0,0,1,0
2025,805964,Stanley Tucker,Salt River Rafters,2025-11-01,Scottsdale Scorpions,False,False,825611,4,4,0,0,0,0,0,0,0,0,0,1,0,0,0,.273,.394,.327,.721,.000,3,0,0,0,0,5,0
2025,805964,Stanley Tucker,Salt River Rafters,2025-11-02,Mesa Solar Sox,False,False,825597,3,4,1,0,0,0,1,0,0,1,0,1,0,1,0,.276,.400,.328,.728,.500,1,0,0,0,0,1,0
2025,805964,Stanley Tucker,Salt River Rafters,2025-11-04,Surprise Saguaros,False,False,825579,5,5,3,0,0,0,3,0,1,0,0,2,0,1,0,.302,.413,.349,.762,1.000,0,0,0,0,0,2,0
2025,805964,Stanley Tucker,Salt River Rafters,2025-11-05,Peoria Javelinas,True,True,825625,3,3,0,0,0,0,0,0,1,0,0,1,0,1,0,.288,.397,.333,.730,.000,2,0,0,0,0,2,0
2025,805964,Stanley Tucker,Salt River Rafters,2025-11-06,Surprise Saguaros,True,False,825624,3,3,0,0,0,0,0,0,0,0,0,2,0,0,0,.275,.383,.319,.702,.000,0,1,0,0,0,3,0
2025,805964,Stanley Tucker,Salt River Rafters,2025-11-07,Surprise Saguaros,False,False,825576,4,4,1,0,0,0,1,0,1,0,0,0,0,0,0,.274,.376,.315,.691,.250,1,2,1,0,0,1,0
2025,805964,Stanley Tucker,Salt River Rafters,2025-11-10,Scottsdale Scorpions,True,True,825623,3,3,1,0,0,0,1,0,0,0,0,0,0,0,0,.276,.375,.316,.691,.333,1,1,0,0,0,0,0
2025,805964,Stanley Tucker,Salt River Rafters,2025-11-11,Surprise Saguaros,True,True,825617,3,3,1,0,0,0,1,0,0,0,0,0,0,1,0,.278,.374,.316,.690,.333,1,1,0,0,0,3,0
2025,699013,Esmerlyn Valdez,Salt River Rafters,2025-10-07,Glendale Desert Dogs,True,True,825635,3,5,1,0,0,1,4,1,1,2,0,1,0,0,1,.333,.600,1.333,1.933,.000,0,1,0,0,0,2,0
2025,699013,Esmerlyn Valdez,Salt River Rafters,2025-10-08,Scottsdale Scorpions,False,False,825619,1,4,1,0,0,1,4,2,1,3,0,0,0,0,0,.500,.778,2.000,2.778,.---,0,0,0,0,0,0,0
2025,699013,Esmerlyn Valdez,Salt River Rafters,2025-10-10,Peoria Javelinas,False,False,825651,3,4,0,0,0,0,0,0,0,1,0,0,0,0,0,.286,.615,1.143,1.758,.000,2,1,0,0,0,0,0
2025,699013,Esmerlyn Valdez,Salt River Rafters,2025-10-14,Glendale Desert Dogs,True,True,825636,2,4,1,0,0,1,4,2,1,2,0,1,0,0,0,.333,.647,1.333,1.980,.---,0,0,0,0,0,0,0
2025,699013,Esmerlyn Valdez,Salt River Rafters,2025-10-15,Scottsdale Scorpions,False,True,825622,3,5,1,0,0,1,4,1,2,2,0,1,0,0,0,.333,.636,1.333,1.969,.000,0,1,0,0,0,1,0
2025,699013,Esmerlyn Valdez,Salt River Rafters,2025-10-16,Surprise Saguaros,True,False,825633,2,5,2,0,0,1,5,2,3,1,0,0,1,0,0,.429,.667,1.500,2.167,.500,0,1,0,0,1,0,0
2025,699013,Esmerlyn Valdez,Salt River Rafters,2025-10-18,Peoria Javelinas,False,True,825644,2,4,1,0,0,0,1,2,1,2,0,0,0,0,0,.438,.677,1.375,2.052,.500,0,1,0,0,0,2,0
2025,699013,Esmerlyn Valdez,Salt River Rafters,2025-10-19,Glendale Desert Dogs,False,True,825647,4,4,3,1,0,2,10,2,4,0,0,0,0,0,0,.500,.686,1.600,2.286,.500,1,0,0,0,0,0,0
2025,699013,Esmerlyn Valdez,Salt River Rafters,2025-10-21,Mesa Solar Sox,False,True,825601,2,4,2,0,0,1,5,2,3,2,0,0,0,0,0,.545,.718,1.682,2.400,1.000,0,0,0,0,0,0,0
2025,699013,Esmerlyn Valdez,Salt River Rafters,2025-10-22,Mesa Solar Sox,True,True,825631,5,5,2,0,0,0,2,1,1,0,0,1,0,0,0,.519,.682,1.444,2.126,.500,1,1,0,0,0,4,0
2025,699013,Esmerlyn Valdez,Salt River Rafters,2025-10-23,Glendale Desert Dogs,True,True,825630,2,2,1,0,0,0,1,1,1,0,0,1,0,0,0,.517,.674,1.379,2.053,1.000,0,0,0,0,0,1,0
2025,699013,Esmerlyn Valdez,Salt River Rafters,2025-10-28,Peoria Javelinas,False,False,825639,3,4,1,0,0,0,1,0,0,1,0,1,0,0,0,.500,.660,1.281,1.941,.500,0,1,0,0,0,3,0
2025,699013,Esmerlyn Valdez,Salt River Rafters,2025-10-29,Peoria Javelinas,True,False,825628,3,3,0,0,0,0,0,0,0,0,0,2,0,0,0,.457,.623,1.171,1.794,.000,1,0,1,0,0,2,0
2025,699013,Esmerlyn Valdez,Salt River Rafters,2025-10-30,Mesa Solar Sox,True,False,825627,3,4,0,0,0,0,0,0,1,0,0,0,0,0,0,.421,.579,1.079,1.658,.000,2,2,0,0,1,2,0
2025,699013,Esmerlyn Valdez,Salt River Rafters,2025-11-01,Scottsdale Scorpions,False,False,825611,5,5,2,1,0,0,3,1,4,0,0,0,0,0,0,.419,.565,1.023,1.588,.400,2,1,0,0,0,3,0
2025,699013,Esmerlyn Valdez,Salt River Rafters,2025-11-02,Mesa Solar Sox,False,False,825597,3,5,1,0,0,0,1,0,2,1,0,1,0,0,0,.413,.552,.978,1.530,.333,0,2,0,0,1,1,0
2025,699013,Esmerlyn Valdez,Salt River Rafters,2025-11-04,Surprise Saguaros,False,False,825579,5,6,1,1,0,0,2,1,1,1,0,3,0,0,0,.392,.534,.922,1.456,.500,0,1,0,0,0,5,0
2025,699013,Esmerlyn Valdez,Salt River Rafters,2025-11-06,Surprise Saguaros,True,False,825624,3,4,0,0,0,0,0,0,0,1,0,0,0,0,0,.370,.519,.870,1.389,.000,1,2,0,0,0,2,0
2025,699013,Esmerlyn Valdez,Salt River Rafters,2025-11-11,Surprise Saguaros,True,True,825617,3,3,1,0,0,0,1,1,1,0,0,0,0,0,0,.368,.513,.842,1.355,.333,1,1,0,0,0,1,0
2025,687918,Braylen Wimmer,Salt River Rafters,2025-10-07,Glendale Desert Dogs,True,True,825635,4,4,0,0,0,0,0,0,0,0,0,2,0,0,0,.000,.000,.000,.000,.000,2,0,0,0,0,7,0
2025,687918,Braylen Wimmer,Salt River Rafters,2025-10-08,Scottsdale Scorpions,False,False,825619,3,4,0,0,0,0,0,0,0,1,0,3,0,0,0,.000,.125,.000,.125,.---,0,0,0,0,0,2,0
2025,687918,Braylen Wimmer,Salt River Rafters,2025-10-09,Mesa Solar Sox,True,False,825637,4,5,1,0,0,0,1,1,1,0,0,2,1,2,0,.091,.231,.091,.322,.500,1,0,0,0,0,5,0
2025,687918,Braylen Wimmer,Salt River Rafters,2025-10-10,Peoria Javelinas,False,False,825651,3,4,1,0,0,0,1,0,0,1,0,1,0,0,0,.143,.294,.143,.437,.500,0,1,0,0,0,2,0
2025,687918,Braylen Wimmer,Salt River Rafters,2025-10-14,Glendale Desert Dogs,True,True,825636,1,1,0,0,0,0,0,0,0,0,0,1,0,0,0,.133,.278,.133,.411,.---,0,0,0,0,0,0,0
2025,687918,Braylen Wimmer,Salt River Rafters,2025-10-15,Scottsdale Scorpions,False,True,825622,4,4,1,0,0,0,1,1,0,0,0,0,0,0,0,.158,.273,.158,.431,.250,3,0,0,0,0,0,0
2025,687918,Braylen Wimmer,Salt River Rafters,2025-10-16,Surprise Saguaros,True,False,825633,4,5,2,0,0,0,2,1,0,1,0,1,0,2,0,.217,.333,.217,.550,.667,0,1,0,0,0,0,0
2025,687918,Braylen Wimmer,Salt River Rafters,2025-10-17,Peoria Javelinas,True,False,825632,2,5,0,0,0,0,0,1,0,2,0,1,1,0,0,.200,.375,.200,.575,.000,0,1,0,0,0,3,0
2025,687918,Braylen Wimmer,Salt River Rafters,2025-10-18,Peoria Javelinas,False,True,825644,4,4,2,0,0,0,2,0,2,0,0,1,0,0,0,.241,.389,.241,.630,.667,0,1,0,0,0,1,0
2025,687918,Braylen Wimmer,Salt River Rafters,2025-10-21,Mesa Solar Sox,False,True,825601,3,3,1,0,0,0,1,1,0,0,0,2,0,0,0,.250,.385,.250,.635,1.000,0,0,0,0,0,3,0
2025,687918,Braylen Wimmer,Salt River Rafters,2025-10-21,Mesa Solar Sox,False,False,825605,1,1,0,0,0,0,0,0,0,0,0,1,0,0,0,.242,.375,.242,.617,.---,0,0,0,0,0,0,0
2025,687918,Braylen Wimmer,Salt River Rafters,2025-10-22,Mesa Solar Sox,True,True,825631,4,5,1,1,0,0,2,1,2,1,0,0,0,0,0,.243,.378,.270,.648,.250,1,2,0,0,0,0,0
2025,687918,Braylen Wimmer,Salt River Rafters,2025-10-23,Glendale Desert Dogs,True,True,825630,5,5,2,0,0,0,2,2,0,0,0,1,0,0,0,.262,.380,.286,.666,.500,1,1,0,0,0,2,0
2025,687918,Braylen Wimmer,Salt River Rafters,2025-10-26,Glendale Desert Dogs,False,False,825660,5,5,0,0,0,0,0,0,0,0,0,4,0,0,0,.234,.345,.255,.600,.000,0,1,0,0,0,8,0
2025,687918,Braylen Wimmer,Salt River Rafters,2025-10-29,Peoria Javelinas,True,False,825628,2,3,0,0,0,0,0,0,1,0,0,1,0,0,0,.224,.328,.245,.573,.000,1,1,0,0,1,0,0
2025,687918,Braylen Wimmer,Salt River Rafters,2025-10-30,Mesa Solar Sox,True,False,825627,2,3,0,0,0,0,0,0,0,1,0,0,0,0,1,.216,.328,.235,.563,.000,0,2,0,0,0,0,0
2025,687918,Braylen Wimmer,Salt River Rafters,2025-10-31,Scottsdale Scorpions,True,False,825626,3,3,1,0,0,0,1,0,1,0,0,1,0,0,0,.222,.328,.241,.569,.500,0,1,0,0,0,0,0
