pitcher_id,pitcher_name,season,team,opponent,date,is_home,is_win,game_pk,game_type,airOuts,atBats,avg,balks,baseOnBalls,battersFaced,blownSaves,catchersInterference,caughtStealing,caughtStealingPercentage,completeGames,doubles,earnedRuns,era,flyOuts,gamesFinished,gamesPitched,gamesPlayed,gamesStarted,groundIntoDoublePlay,groundOuts,groundOutsToAirouts,hitBatsmen,hitByPitch,hits,hitsPer9Inn,holds,homeRuns,homeRunsPer9,inheritedRunners,inheritedRunnersScored,inningsPitched,intentionalWalks,losses,numberOfPitches,obp,ops,outs,pickoffs,pitchesPerInning,runs,runsScoredPer9,sacBunts,sacFlies,saveOpportunities,saves,shutouts,slg,stolenBasePercentage,stolenBases,strikeOuts,strikePercentage,strikeoutWalkRatio,strikeoutsPer9Inn,strikes,summary,totalBases,triples,walksPer9Inn,whip,wildPitches,winPercentage,wins
691000,Carson Montgomery,2025,Peoria Javelinas,Scottsdale Scorpions,2025-10-06,False,True,825618,R,3,13,.385,0,1,14,0,0,0,.000,0,1,1,3.00,1,0,1,1,1,0,2,0.67,0,0,5,15.00,0,0,0.00,0,0,3.0,0,0,46,.429,.891,9,0,15.33,1,3.00,0,0,0,0,0,.462,1.000,1,3,.670,3.00,9.00,31,"3.0 IP, ER, 3 K, BB",6,0,3.00,2.00,1,1.000,1
691000,Carson Montgomery,2025,Peoria Javelinas,Glendale Desert Dogs,2025-10-15,True,False,825648,R,3,7,.300,0,2,9,0,0,0,.---,0,0,0,1.80,2,0,1,1,1,0,3,0.83,0,0,1,4.50,0,0,0.00,0,0,2.0,0,0,28,.333,.476,6,0,14.00,0,0.00,0,0,0,0,0,.143,.---,0,0,.540,0.00,0.00,15,"2.0 IP, 0 ER, 0 K, 2 BB",1,0,9.00,1.80,0,.---,0
691000,Carson Montgomery,2025,Peoria Javelinas,Scottsdale Scorpions,2025-10-21,True,False,825646,R,2,10,.267,0,3,13,0,0,0,.000,0,1,0,1.13,1,0,1,1,1,0,4,1.13,0,0,2,6.00,0,0,0.00,0,0,3.0,0,0,54,.385,.685,9,0,18.00,0,0.00,0,0,0,0,0,.300,1.000,1,2,.560,0.67,6.00,30,"3.0 IP, 0 ER, 2 K, 3 BB",3,0,9.00,1.75,0,.---,0
691000,Carson Montgomery,2025,Peoria Javelinas,Salt River Rafters,2025-10-28,True,True,825639,R,3,10,.275,0,1,12,0,0,0,.000,0,0,1,1.74,1,0,1,1,1,0,2,1.00,1,1,3,11.57,0,0,0.00,0,0,2.1,0,0,52,.417,.717,7,0,22.29,1,3.86,0,0,0,0,0,.300,1.000,2,2,.620,2.00,7.71,32,"2.1 IP, ER, 2 K, BB",3,0,3.86,1.74,0,.---,0
691000,Carson Montgomery,2025,Peoria Javelinas,Scottsdale Scorpions,2025-11-13,False,True,825571,L,0,5,.000,0,2,7,0,0,0,.---,0,0,0,0.00,0,0,1,1,1,1,1,1.00,0,0,0,0.00,0,0,0.00,0,0,2.0,0,0,29,.286,.286,6,0,14.50,0,0.00,0,0,0,0,0,.000,.---,0,4,.550,2.00,18.00,16,"2.0 IP, 0 ER, 4 K, 2 BB",0,0,9.00,1.00,0,1.000,1
687562,Jake Bennett,2025,Scottsdale Scorpions,Peoria Javelinas,2025-10-06,True,False,825618,R,1,15,.267,0,2,18,0,0,0,.000,0,0,4,9.00,1,0,1,1,1,0,5,5.00,0,0,4,9.00,0,1,2.25,0,0,4.0,0,1,55,.333,.800,12,0,13.75,4,9.00,0,1,0,0,0,.467,1.000,2,6,.670,3.00,13.50,37,"4.0 IP, 4 ER, 6 K, 2 BB",7,0,4.50,1.50,0,.000,0
687562,Jake Bennett,2025,Scottsdale Scorpions,Peoria Javelinas,2025-10-14,False,True,825649,R,3,14,.207,0,0,14,0,0,0,.---,0,1,1,5.63,2,0,1,1,0,0,2,1.75,0,0,2,4.50,1,0,0.00,0,0,4.0,0,0,61,.143,.357,12,0,15.25,1,2.25,0,0,0,0,0,.214,.---,0,7,.610,-.--,15.75,37,"4.0 IP, ER, 7 K, 0 BB",3,0,0.00,1.00,0,.---,0
687562,Jake Bennett,2025,Scottsdale Scorpions,Surprise Saguaros,2025-10-19,True,True,825615,R,1,13,.262,0,0,13,0,0,0,.---,0,2,3,6.55,0,0,1,1,1,0,3,2.00,0,0,5,15.00,0,1,3.00,0,0,3.0,0,0,61,.385,1.154,9,0,20.33,3,9.00,0,0,0,0,0,.769,.---,0,4,.620,-.--,12.00,38,"3.0 IP, 3 ER, 4 K, 0 BB",10,0,0.00,1.18,0,1.000,1
687562,Jake Bennett,2025,Scottsdale Scorpions,Mesa Solar Sox,2025-10-26,True,True,825609,R,2,13,.236,0,2,15,0,0,1,.333,0,1,1,5.40,0,0,1,1,1,0,3,1.86,0,0,2,4.50,0,0,0.00,0,0,4.0,0,0,65,.267,.498,12,0,16.25,1,2.25,0,0,0,0,0,.231,.667,2,6,.660,3.00,13.50,43,"4.0 IP, ER, 6 K, 2 BB",3,0,4.50,1.13,0,.---,0
687562,Jake Bennett,2025,Scottsdale Scorpions,Salt River Rafters,2025-11-01,True,True,825611,R,5,22,.260,0,1,23,0,0,0,.000,0,2,1,4.50,2,0,1,1,1,0,8,1.75,0,0,7,12.60,0,0,0.00,0,0,5.0,0,0,69,.348,.757,15,0,13.80,1,1.80,0,0,0,0,0,.409,1.000,1,2,.680,2.00,3.60,47,"5.0 IP, ER, 2 K, BB",9,0,1.80,1.25,0,.---,0
805321,Trevor Kuncl,2025,Peoria Javelinas,Scottsdale Scorpions,2025-10-06,False,True,825618,R,0,3,.000,0,2,6,0,1,0,.---,0,0,1,9.00,0,1,1,1,0,0,1,1.00,0,0,0,0.00,0,0,0.00,0,0,1.0,0,0,30,.400,.400,3,0,30.00,1,9.00,0,0,1,1,0,.000,.---,0,2,.570,1.00,18.00,17,"1.0 IP, ER, 2 K, 2 BB",0,0,18.00,2.00,2,.---,0
805321,Trevor Kuncl,2025,Peoria Javelinas,Scottsdale Scorpions,2025-10-14,True,False,825649,R,0,4,.000,0,1,5,0,0,0,.000,0,0,0,3.86,0,1,1,1,0,0,1,2.00,0,0,0,0.00,0,0,0.00,3,0,1.1,0,0,26,.200,.200,4,0,19.50,0,0.00,0,0,0,0,0,.000,1.000,1,3,.620,3.00,20.25,16,"1.1 IP, 0 ER, 3 K, BB",0,0,6.75,1.29,0,.---,0
805321,Trevor Kuncl,2025,Peoria Javelinas,Salt River Rafters,2025-10-18,True,False,825644,R,0,4,.273,0,0,4,1,0,0,.---,0,0,1,6.75,0,1,1,1,0,0,0,2.00,0,0,3,81.00,0,0,0.00,3,3,0.1,0,0,10,.750,1.500,1,0,30.00,1,27.00,0,0,1,0,0,.750,.---,0,1,.700,-.--,27.00,7,"0.1 IP, ER, K, 0 BB",3,0,0.00,2.25,0,.---,0
805321,Trevor Kuncl,2025,Peoria Javelinas,Scottsdale Scorpions,2025-10-21,True,True,825616,R,0,4,.267,0,2,6,0,0,0,.---,0,0,1,7.36,0,1,1,1,0,0,0,2.00,0,0,1,9.00,0,0,0.00,2,2,1.0,0,0,30,.500,.750,3,0,30.00,1,9.00,0,0,0,0,0,.250,.---,0,3,.530,1.50,27.00,16,"1.0 IP, ER, 3 K, 2 BB",1,0,18.00,2.45,1,.---,0
805321,Trevor Kuncl,2025,Peoria Javelinas,Salt River Rafters,2025-10-28,True,True,825639,R,0,4,.263,0,0,4,0,0,0,.---,0,0,0,5.79,0,0,1,1,0,0,0,2.00,0,0,1,9.00,0,0,0.00,0,0,1.0,0,0,19,.250,.500,3,0,19.00,0,0.00,0,0,0,0,0,.250,.---,0,3,.680,-.--,27.00,13,"1.0 IP, 0 ER, 3 K, 0 BB",1,0,0.00,2.14,0,.---,0
805321,Trevor Kuncl,2025,Peoria Javelinas,Scottsdale Scorpions,2025-11-02,False,False,825610,R,1,3,.227,0,0,3,0,0,0,.---,0,0,0,4.76,0,1,1,1,0,0,1,3.00,0,0,0,0.00,0,0,0.00,0,0,1.0,0,0,8,.000,.000,3,0,8.00,0,0.00,0,0,0,0,0,.000,.---,0,1,.750,-.--,9.00,6,"1.0 IP, 0 ER, K, 0 BB",0,0,0.00,1.76,0,.---,0
805321,Trevor Kuncl,2025,Peoria Javelinas,Mesa Solar Sox,2025-11-07,True,True,825640,R,2,7,.207,0,1,8,0,0,0,.---,0,1,0,3.52,2,0,1,1,0,0,2,1.67,0,0,1,4.50,1,0,0.00,0,0,2.0,0,0,35,.250,.536,6,0,17.50,0,0.00,0,0,0,0,0,.286,.---,0,2,.570,2.00,9.00,20,"2.0 IP, 0 ER, 2 K, BB",2,0,4.50,1.57,0,.---,0
805321,Trevor Kuncl,2025,Peoria Javelinas,Glendale Desert Dogs,2025-11-12,True,True,825573,D,1,6,.333,0,0,6,0,0,0,.---,0,1,1,6.75,1,0,1,1,0,0,1,1.00,0,0,2,13.50,0,1,6.75,1,0,1.1,0,0,22,.333,1.333,4,0,16.50,1,6.75,0,0,0,0,0,1.000,.---,0,2,.680,-.--,13.50,15,"1.1 IP, ER, 2 K, 0 BB",6,0,0.00,1.50,0,.---,0
805321,Trevor Kuncl,2025,Peoria Javelinas,Surprise Saguaros,2025-11-14,False,False,825572,W,0,4,.750,0,2,6,1,0,0,.---,0,1,5,135.00,0,0,1,1,0,0,1,1.00,0,0,3,81.00,0,0,0.00,0,0,0.1,0,1,26,.833,1.833,1,0,78.00,5,135.00,0,0,1,0,0,1.000,.---,0,0,.460,0.00,0.00,12,"0.1 IP, 5 ER, 0 K, 2 BB",4,0,54.00,15.00,0,.000,0
686753,Drey Jameson,2025,Salt River Rafters,Glendale Desert Dogs,2025-10-07,True,True,825635,R,0,3,.000,0,0,3,0,0,0,.---,0,0,0,0.00,0,0,1,1,0,0,3,3.00,0,0,0,0.00,0,0,0.00,0,0,1.0,0,0,8,.000,.000,3,0,8.00,0,0.00,0,0,0,0,0,.000,.---,0,0,.630,-.--,0.00,5,"1.0 IP, 0 ER, 0 K, 0 BB",0,0,0.00,0.00,0,1.000,1
686753,Drey Jameson,2025,Salt River Rafters,Peoria Javelinas,2025-10-10,False,False,825651,R,0,2,.200,0,3,5,0,0,0,.---,0,0,4,27.00,0,0,1,1,0,0,0,3.00,0,0,1,27.00,0,0,0.00,0,0,0.1,0,0,22,.800,1.300,1,0,66.00,4,108.00,0,0,0,0,0,.500,.---,0,1,.270,0.33,27.00,6,"0.1 IP, 4 ER, K, 3 BB",1,0,81.00,3.00,0,.---,0
686753,Drey Jameson,2025,Salt River Rafters,Glendale Desert Dogs,2025-10-14,True,True,825636,R,1,4,.222,0,0,4,0,0,0,.---,0,0,0,15.43,1,0,1,1,0,0,1,4.00,0,0,1,9.00,1,0,0.00,0,0,1.0,0,0,18,.250,.500,3,0,18.00,0,0.00,0,0,0,0,0,.250,.---,0,1,.670,-.--,9.00,12,"1.0 IP, 0 ER, K, 0 BB",1,0,0.00,2.14,0,.---,0
686753,Drey Jameson,2025,Salt River Rafters,Peoria Javelinas,2025-10-17,True,False,825632,R,1,4,.231,0,0,4,0,0,0,.---,0,1,0,10.80,0,0,1,1,0,0,1,2.50,0,0,1,9.00,0,0,0.00,0,0,1.0,0,0,16,.250,.750,3,0,16.00,0,0.00,0,0,0,0,0,.500,.---,0,1,.560,-.--,9.00,9,"1.0 IP, 0 ER, K, 0 BB",2,0,0.00,1.80,0,.---,0
686753,Drey Jameson,2025,Salt River Rafters,Mesa Solar Sox,2025-10-21,False,True,825601,R,1,3,.188,0,0,3,0,0,0,.---,0,0,0,8.31,1,0,1,1,0,0,1,2.00,0,0,0,0.00,1,0,0.00,0,0,1.0,0,0,12,.000,.000,3,0,12.00,0,0.00,0,0,0,0,0,.000,.---,0,1,.750,-.--,9.00,9,"1.0 IP, 0 ER, K, 0 BB",0,0,0.00,1.38,0,.---,0
686753,Drey Jameson,2025,Salt River Rafters,Scottsdale Scorpions,2025-10-24,True,False,825629,R,1,4,.200,0,1,5,0,0,0,.---,0,0,0,6.35,1,0,1,1,0,1,2,2.00,0,0,1,6.75,0,0,0.00,2,0,1.1,0,0,19,.400,.650,4,0,14.25,0,0.00,0,0,0,0,0,.250,.---,0,0,.580,0.00,0.00,11,"1.1 IP, 0 ER, 0 K, BB",1,0,6.75,1.41,0,.---,0
807410,Chay Yeager,2025,Glendale Desert Dogs,Salt River Rafters,2025-10-07,False,False,825635,R,1,5,.400,0,2,7,0,0,0,.---,0,1,1,9.00,1,0,1,1,0,0,2,2.00,0,0,2,18.00,0,0,0.00,0,0,1.0,0,1,23,.571,1.171,3,0,23.00,1,9.00,0,0,0,0,0,.600,.---,0,0,.480,0.00,0.00,11,"1.0 IP, ER, 0 K, 2 BB",3,0,18.00,4.00,0,.000,0
807410,Chay Yeager,2025,Glendale Desert Dogs,Peoria Javelinas,2025-10-15,False,True,825648,R,0,1,.333,0,0,2,0,0,0,.---,0,0,0,6.75,0,0,1,1,0,0,0,2.00,1,1,0,0.00,1,0,0.00,2,0,0.1,0,0,12,.500,.500,1,0,36.00,0,0.00,0,0,0,0,0,.000,.---,0,1,.580,-.--,27.00,7,"0.1 IP, 0 ER, K, 0 BB",0,0,0.00,3.00,0,.---,0
807410,Chay Yeager,2025,Glendale Desert Dogs,Salt River Rafters,2025-10-19,True,False,825647,R,1,4,.300,0,1,5,0,0,0,.---,0,0,0,3.86,0,0,1,1,0,0,2,2.00,0,0,1,9.00,0,0,0.00,0,0,1.0,0,0,15,.400,.650,3,0,15.00,0,0.00,0,0,0,0,0,.250,.---,0,0,.530,0.00,0.00,8,"1.0 IP, 0 ER, 0 K, BB",1,0,9.00,2.57,0,.---,0
807410,Chay Yeager,2025,Glendale Desert Dogs,Salt River Rafters,2025-10-23,False,False,825630,R,2,6,.438,0,0,7,0,0,0,.000,0,0,3,10.80,2,0,1,1,0,0,1,1.25,0,0,4,36.00,0,1,9.00,0,0,1.0,0,0,26,.571,1.738,3,0,26.00,3,27.00,0,1,0,0,0,1.167,1.000,1,0,.620,-.--,0.00,16,"1.0 IP, 3 ER, 0 K, 0 BB",7,0,0.00,3.00,0,.---,0
807410,Chay Yeager,2025,Glendale Desert Dogs,Mesa Solar Sox,2025-10-28,False,False,825599,R,0,5,.476,0,2,7,0,0,0,.---,0,0,3,14.54,0,0,1,1,0,1,2,1.75,0,0,3,27.00,0,1,9.00,0,0,1.0,0,0,23,.714,1.914,3,0,23.00,3,27.00,0,0,0,0,0,1.200,.---,0,0,.480,0.00,0.00,11,"1.0 IP, 3 ER, 0 K, 2 BB",6,0,18.00,3.46,0,.---,0
807410,Chay Yeager,2025,Glendale Desert Dogs,Mesa Solar Sox,2025-11-01,False,False,825598,R,1,5,.462,0,0,5,1,0,0,.---,0,0,1,13.50,0,0,1,1,0,0,1,1.60,0,0,2,18.00,0,1,9.00,3,3,1.0,0,0,24,.400,1.400,3,0,24.00,1,9.00,0,0,1,0,0,1.000,.---,0,1,.710,-.--,9.00,17,"1.0 IP, ER, K, 0 BB",5,0,0.00,3.19,0,.---,0
807410,Chay Yeager,2025,Glendale Desert Dogs,Peoria Javelinas,2025-11-06,False,True,825641,R,0,3,.414,0,0,3,0,0,0,.---,0,0,0,11.37,0,1,1,1,0,0,1,1.80,0,0,0,0.00,0,0,0.00,0,0,1.0,0,0,14,.000,.000,3,0,14.00,0,0.00,0,0,0,0,0,.000,.---,0,2,.640,-.--,18.00,9,"1.0 IP, 0 ER, 2 K, 0 BB",0,0,0.00,2.68,0,.---,0
807410,Chay Yeager,2025,Glendale Desert Dogs,Mesa Solar Sox,2025-11-10,True,False,825653,R,1,6,.371,0,2,8,0,0,0,.---,0,0,0,9.00,1,1,1,1,0,0,1,1.67,0,0,1,5.40,0,0,0.00,2,1,1.2,0,0,30,.375,.542,5,0,18.00,0,0.00,0,0,0,0,0,.167,.---,0,3,.700,1.50,16.20,21,"1.2 IP, 0 ER, 3 K, 2 BB",1,0,10.80,2.50,0,.---,0
682982,Daniel Espino,2025,Surprise Saguaros,Mesa Solar Sox,2025-10-07,False,True,825607,R,1,4,.250,0,0,4,0,0,0,.000,0,0,0,0.00,1,0,1,1,1,0,0,0.00,0,0,1,9.00,0,0,0.00,0,0,1.0,0,0,16,.250,.500,3,0,16.00,0,0.00,0,0,0,0,0,.250,1.000,1,2,.690,-.--,18.00,11,"1.0 IP, 0 ER, 2 K, 0 BB",1,0,0.00,1.00,0,1.000,1
682982,Daniel Espino,2025,Surprise Saguaros,Mesa Solar Sox,2025-10-15,True,True,825589,R,2,3,.143,0,1,4,0,0,0,.---,0,0,0,0.00,1,0,1,1,1,0,1,0.33,0,0,0,0.00,0,0,0.00,0,0,1.0,0,0,14,.250,.250,3,0,14.00,0,0.00,0,0,0,0,0,.000,.---,0,0,.430,0.00,0.00,6,"1.0 IP, 0 ER, 0 K, BB",0,0,9.00,1.00,0,.---,0
682982,Daniel Espino,2025,Surprise Saguaros,Scottsdale Scorpions,2025-10-22,True,True,825586,R,0,4,.182,1,1,5,0,0,0,.---,0,0,0,0.00,0,0,1,1,1,0,0,0.33,0,0,1,9.00,0,0,0.00,0,0,1.0,0,0,15,.400,.650,3,0,15.00,0,0.00,0,0,0,0,0,.250,.---,0,3,.670,3.00,27.00,10,"1.0 IP, 0 ER, 3 K, BB",1,0,9.00,1.33,0,.---,0
682982,Daniel Espino,2025,Surprise Saguaros,Scottsdale Scorpions,2025-10-29,True,True,825583,R,2,7,.222,0,1,8,0,0,0,.---,0,0,0,0.00,2,0,1,1,1,0,1,0.40,0,0,2,10.80,0,0,0.00,0,0,1.2,0,0,39,.375,.661,5,0,23.40,0,0.00,0,0,0,0,0,.286,.---,0,2,.590,2.00,10.80,23,"1.2 IP, 0 ER, 2 K, BB",2,0,5.40,1.50,0,.---,0
701480,Bryce Cunningham,2025,Mesa Solar Sox,Surprise Saguaros,2025-10-07,True,False,825607,R,3,11,.455,0,2,13,0,0,0,.---,0,3,4,18.00,2,0,1,1,1,0,2,0.67,0,0,5,22.50,0,1,4.50,0,0,2.0,0,1,52,.538,1.538,6,0,26.00,4,18.00,0,0,0,0,0,1.000,.---,0,1,.580,0.50,4.50,30,"2.0 IP, 4 ER, K, 2 BB",11,0,9.00,3.50,0,.000,0
701480,Bryce Cunningham,2025,Mesa Solar Sox,Surprise Saguaros,2025-10-15,False,False,825589,R,3,15,.308,0,2,17,0,0,0,.---,0,2,1,7.94,3,0,1,1,1,0,8,1.67,0,0,3,7.36,0,0,0.00,0,0,3.2,0,1,58,.294,.627,11,0,15.82,4,9.82,0,0,0,0,0,.333,.---,0,1,.530,0.50,2.45,31,"3.2 IP, ER, K, 2 BB",5,0,4.91,2.12,0,.000,0
701480,Bryce Cunningham,2025,Mesa Solar Sox,Salt River Rafters,2025-10-22,False,False,825631,R,2,13,.333,0,1,14,0,0,0,.---,0,2,4,10.13,0,0,1,1,1,0,2,1.50,0,0,5,19.29,0,1,3.86,0,0,2.1,0,1,62,.429,1.198,7,0,26.57,5,19.29,0,0,0,0,0,.769,.---,0,4,.630,4.00,15.43,39,"2.1 IP, 4 ER, 4 K, BB",10,0,3.86,2.25,2,.000,0
701480,Bryce Cunningham,2025,Mesa Solar Sox,Glendale Desert Dogs,2025-10-29,False,False,825656,R,4,9,.313,0,3,12,0,0,1,1.000,0,1,2,9.00,2,0,1,1,1,1,2,1.17,0,0,2,6.00,0,0,0.00,0,0,3.0,0,0,46,.417,.750,9,0,15.33,2,6.00,0,0,0,0,0,.333,.000,0,1,.520,0.33,3.00,24,"3.0 IP, 2 ER, K, 3 BB",3,0,9.00,2.09,0,.---,0
701480,Bryce Cunningham,2025,Mesa Solar Sox,Scottsdale Scorpions,2025-11-06,True,False,825593,R,4,10,.345,0,1,13,0,0,0,.---,0,2,4,10.38,3,0,1,1,1,0,1,0.94,1,1,5,22.50,0,0,0.00,0,0,2.0,0,1,46,.538,1.438,6,0,23.00,4,18.00,0,1,0,0,0,.900,.---,0,1,.670,1.00,4.50,31,"2.0 IP, 4 ER, K, BB",9,1,4.50,2.23,1,.000,0
701480,Bryce Cunningham,2025,Mesa Solar Sox,Salt River Rafters,2025-11-12,True,True,825574,D,6,15,.267,0,0,15,0,0,0,.---,0,0,0,0.00,5,0,1,1,1,1,4,0.67,0,0,4,9.00,0,0,0.00,0,0,4.0,0,0,45,.267,.534,12,0,11.25,0,0.00,0,0,0,0,0,.267,.---,0,1,.640,-.--,2.25,29,"4.0 IP, 0 ER, K, 0 BB",4,0,0.00,1.00,0,.---,0
693713,Emiliano Teodo,2025,Surprise Saguaros,Mesa Solar Sox,2025-10-07,False,True,825607,R,0,2,.000,0,1,3,0,0,0,.---,0,0,0,0.00,0,1,1,1,0,1,1,1.00,0,0,0,0.00,0,0,0.00,0,0,1.0,0,0,16,.333,.333,3,0,16.00,0,0.00,0,0,1,1,0,.000,.---,0,1,.560,1.00,9.00,9,"1.0 IP, 0 ER, K, BB",0,0,9.00,1.00,0,.---,0
693713,Emiliano Teodo,2025,Surprise Saguaros,Mesa Solar Sox,2025-10-15,True,True,825589,R,0,3,.000,0,3,6,0,0,0,.---,0,0,1,4.50,0,1,1,1,0,0,2,3.00,0,0,0,0.00,0,0,0.00,0,0,1.0,0,0,26,.500,.500,3,0,26.00,1,9.00,0,0,0,0,0,.000,.---,0,1,.420,0.33,9.00,11,"1.0 IP, ER, K, 3 BB",0,0,27.00,2.00,2,.---,0
693713,Emiliano Teodo,2025,Surprise Saguaros,Scottsdale Scorpions,2025-10-19,False,False,825615,R,0,3,.000,0,0,3,0,0,0,.---,0,0,0,3.00,0,0,1,1,0,0,1,4.00,0,0,0,0.00,0,0,0.00,0,0,1.0,0,0,19,.000,.000,3,0,19.00,0,0.00,0,0,0,0,0,.000,.---,0,2,.630,-.--,18.00,12,"1.0 IP, 0 ER, 2 K, 0 BB",0,0,0.00,1.33,0,.---,0
693713,Emiliano Teodo,2025,Surprise Saguaros,Mesa Solar Sox,2025-10-23,False,True,825600,R,0,3,.000,0,1,4,0,0,0,.---,0,0,0,2.25,0,1,1,1,0,0,1,5.00,0,0,0,0.00,0,0,0.00,0,0,1.0,0,0,22,.250,.250,3,0,22.00,0,0.00,0,0,1,1,0,.000,.---,0,2,.550,2.00,18.00,12,"1.0 IP, 0 ER, 2 K, BB",0,0,9.00,1.25,0,.---,0
804663,Tyler Cleveland,2025,Peoria Javelinas,Mesa Solar Sox,2025-10-08,False,True,825606,R,0,4,.250,0,1,5,0,0,0,.---,0,0,0,0.00,0,0,1,1,0,0,0,-.--,0,0,1,9.00,0,0,0.00,0,0,1.0,0,0,22,.400,.650,3,0,22.00,0,0.00,0,0,0,0,0,.250,.---,0,3,.590,3.00,27.00,13,"1.0 IP, 0 ER, 3 K, BB",1,0,9.00,2.00,0,1.000,1
804663,Tyler Cleveland,2025,Peoria Javelinas,Glendale Desert Dogs,2025-10-15,True,False,825648,R,2,5,.333,0,1,6,1,0,0,.---,0,0,1,4.50,1,0,1,1,0,0,1,0.50,0,0,2,18.00,0,1,9.00,0,0,1.0,0,0,15,.500,1.500,3,0,15.00,1,9.00,0,0,1,0,0,1.000,.---,0,0,.530,0.00,0.00,8,"1.0 IP, ER, 0 K, BB",5,0,9.00,2.50,0,.---,0
804663,Tyler Cleveland,2025,Peoria Javelinas,Scottsdale Scorpions,2025-10-21,True,False,825646,R,0,4,.231,0,2,6,0,0,0,.---,0,0,0,2.70,0,1,1,1,0,0,1,1.00,0,0,0,0.00,0,0,0.00,2,0,1.1,0,0,28,.333,.333,4,0,21.00,0,0.00,0,0,0,0,0,.000,.---,0,3,.500,1.50,20.25,14,"1.1 IP, 0 ER, 3 K, 2 BB",0,0,13.50,2.10,0,.---,0
804663,Tyler Cleveland,2025,Peoria Javelinas,Salt River Rafters,2025-10-28,True,True,825639,R,0,3,.188,0,0,3,0,0,0,.---,0,0,0,2.08,0,0,1,1,0,0,1,1.50,0,0,0,0.00,0,0,0.00,0,0,1.0,0,0,13,.000,.000,3,0,13.00,0,0.00,0,0,0,0,0,.000,.---,0,2,.770,-.--,18.00,10,"1.0 IP, 0 ER, 2 K, 0 BB",0,0,0.00,1.62,0,.---,0
804663,Tyler Cleveland,2025,Peoria Javelinas,Glendale Desert Dogs,2025-11-04,False,False,825657,R,1,5,.190,0,1,6,0,0,0,.000,0,0,2,4.76,1,0,1,1,0,0,1,1.33,0,0,1,6.75,0,0,0.00,0,0,1.1,0,0,35,.333,.533,4,0,26.25,2,13.50,0,0,0,0,0,.200,1.000,1,2,.600,2.00,13.50,21,"1.1 IP, 2 ER, 2 K, BB",1,0,6.75,1.59,0,.---,0
804663,Tyler Cleveland,2025,Peoria Javelinas,Mesa Solar Sox,2025-11-07,True,True,825640,R,0,4,.200,0,1,5,0,0,0,.000,0,0,0,4.05,0,1,1,1,0,0,1,1.67,0,0,1,9.00,0,0,0.00,0,0,1.0,0,0,15,.400,.650,3,0,15.00,0,0.00,0,0,1,1,0,.250,1.000,3,2,.530,2.00,18.00,8,"1.0 IP, 0 ER, 2 K, BB",1,0,9.00,1.65,0,.---,0
804663,Tyler Cleveland,2025,Peoria Javelinas,Scottsdale Scorpions,2025-11-13,False,True,825571,L,1,3,.000,0,0,3,0,0,0,.---,0,0,0,0.00,1,1,1,1,0,0,1,1.00,0,0,0,0.00,0,0,0.00,0,0,1.0,0,0,16,.000,.000,3,0,16.00,0,0.00,0,0,0,0,0,.000,.---,0,1,.750,-.--,9.00,12,"1.0 IP, 0 ER, K, 0 BB",0,0,0.00,0.00,0,.---,0
802374,Brady Kirtner,2025,Mesa Solar Sox,Peoria Javelinas,2025-10-08,True,False,825606,R,4,8,.500,0,2,10,1,0,0,.---,0,0,3,20.25,2,0,1,1,0,0,0,0.00,0,0,4,27.00,0,0,0.00,0,0,1.1,0,1,30,.600,1.100,4,0,22.50,5,33.75,0,0,1,0,0,.500,.---,0,0,.570,0.00,0.00,17,"1.1 IP, 3 ER, 0 K, 2 BB",4,0,13.50,4.50,0,.000,0
802374,Brady Kirtner,2025,Mesa Solar Sox,Peoria Javelinas,2025-10-16,True,False,825603,R,0,4,.500,0,0,4,0,0,0,.---,0,1,0,13.50,0,0,1,1,0,0,1,0.25,0,0,2,27.00,0,0,0.00,2,2,0.2,0,0,14,.500,1.250,2,0,21.00,0,0.00,0,0,0,0,0,.750,.---,0,1,.710,-.--,13.50,10,"0.2 IP, 0 ER, K, 0 BB",3,0,0.00,4.00,0,.---,0
802374,Brady Kirtner,2025,Mesa Solar Sox,Peoria Javelinas,2025-10-19,False,True,825645,R,1,7,.421,0,1,8,0,0,0,.000,0,0,0,8.10,0,0,1,1,0,0,3,0.80,0,0,2,13.50,0,0,0.00,0,0,1.1,0,0,34,.375,.661,4,0,25.50,2,13.50,0,0,0,0,0,.286,1.000,3,1,.710,1.00,6.75,24,"1.1 IP, 0 ER, K, BB",2,0,6.75,3.30,0,.---,0
802374,Brady Kirtner,2025,Mesa Solar Sox,Salt River Rafters,2025-10-22,False,False,825631,R,1,5,.458,0,0,5,0,0,0,.000,0,1,2,11.25,0,0,1,1,0,0,0,0.67,0,0,3,40.50,0,0,0.00,2,2,0.2,0,0,15,.600,1.400,2,0,22.50,2,27.00,0,0,0,0,0,.800,1.000,1,1,.800,-.--,13.50,12,"0.2 IP, 2 ER, K, 0 BB",4,0,0.00,3.50,0,.---,0
802374,Brady Kirtner,2025,Mesa Solar Sox,Salt River Rafters,2025-10-30,False,True,825627,R,0,4,.429,0,0,4,0,0,0,.---,0,0,0,9.00,0,0,1,1,0,0,1,0.83,0,0,1,9.00,1,0,0.00,0,0,1.0,0,0,12,.250,.500,3,0,12.00,0,0.00,0,0,0,0,0,.250,.---,0,2,.750,-.--,18.00,9,"1.0 IP, 0 ER, 2 K, 0 BB",1,0,0.00,3.00,0,.---,0
802374,Brady Kirtner,2025,Mesa Solar Sox,Salt River Rafters,2025-11-02,True,True,825597,R,1,4,.406,0,1,5,0,0,0,.---,0,0,0,7.50,1,1,1,1,0,0,1,0.86,0,0,1,9.00,0,0,0.00,0,0,1.0,0,0,21,.400,.650,3,0,21.00,0,0.00,0,0,1,1,0,.250,.---,0,1,.570,1.00,9.00,12,"1.0 IP, 0 ER, K, BB",1,0,9.00,2.83,1,.---,0
802374,Brady Kirtner,2025,Mesa Solar Sox,Scottsdale Scorpions,2025-11-06,True,False,825593,R,3,4,.389,0,2,7,0,0,0,.000,0,0,0,6.14,3,0,1,1,0,0,1,0.70,0,0,1,6.75,0,0,0.00,3,1,1.1,0,0,32,.429,.679,4,0,24.00,1,6.75,0,1,0,0,0,.250,1.000,2,0,.500,0.00,0.00,16,"1.1 IP, 0 ER, 0 K, 2 BB",1,0,13.50,2.73,0,.---,0
827317,Brandon Downer,2025,Peoria Javelinas,Mesa Solar Sox,2025-10-08,False,True,825606,R,1,3,.000,0,1,4,0,0,0,.---,0,0,0,0.00,1,1,1,1,0,0,2,2.00,0,0,0,0.00,0,0,0.00,0,0,1.0,0,0,11,.250,.250,3,0,11.00,1,9.00,0,0,1,1,0,.000,.---,0,0,.640,0.00,0.00,7,"1.0 IP, 0 ER, 0 K, BB",0,0,9.00,1.00,0,.---,0
827317,Brandon Downer,2025,Peoria Javelinas,Glendale Desert Dogs,2025-10-15,True,False,825648,R,0,3,.000,0,0,3,0,0,0,.---,0,0,0,0.00,0,1,1,1,0,0,2,4.00,0,0,0,0.00,0,0,0.00,0,0,1.0,0,0,7,.000,.000,3,0,7.00,0,0.00,0,0,0,0,0,.000,.---,0,1,.860,-.--,9.00,6,"1.0 IP, 0 ER, K, 0 BB",0,0,0.00,0.50,0,.---,0
827317,Brandon Downer,2025,Peoria Javelinas,Scottsdale Scorpions,2025-10-21,True,True,825616,R,2,5,.000,0,1,6,0,0,0,.---,0,0,0,0.00,1,0,1,1,0,0,0,1.33,0,0,0,0.00,1,0,0.00,2,0,1.2,0,0,30,.167,.167,5,0,18.00,0,0.00,0,0,0,0,0,.000,.---,0,3,.600,3.00,16.20,18,"1.2 IP, 0 ER, 3 K, BB",0,0,5.40,0.55,0,.---,0
827317,Brandon Downer,2025,Peoria Javelinas,Glendale Desert Dogs,2025-10-25,False,True,825662,R,2,4,.067,0,0,4,0,0,0,.---,0,0,0,0.00,2,1,1,1,0,0,1,1.00,0,0,1,9.00,0,0,0.00,0,0,1.0,0,0,10,.250,.500,3,0,10.00,0,0.00,0,0,0,0,0,.250,.---,0,0,.600,-.--,0.00,6,"1.0 IP, 0 ER, 0 K, 0 BB",1,0,0.00,0.64,0,.---,0
827317,Brandon Downer,2025,Peoria Javelinas,Glendale Desert Dogs,2025-10-31,False,False,825659,R,0,3,.056,0,0,3,0,0,0,.---,0,0,0,0.00,0,0,1,1,0,0,2,1.40,0,0,0,0.00,0,0,0.00,0,0,1.0,0,0,15,.000,.000,3,0,15.00,0,0.00,0,0,0,0,0,.000,.---,0,1,.530,-.--,9.00,8,"1.0 IP, 0 ER, K, 0 BB",0,0,0.00,0.53,0,.---,0
827317,Brandon Downer,2025,Peoria Javelinas,Glendale Desert Dogs,2025-11-06,True,False,825641,R,1,5,.087,0,0,5,0,0,0,.---,0,0,0,0.00,1,1,1,1,0,0,2,1.50,0,0,1,6.75,0,0,0.00,0,0,1.1,0,0,21,.200,.400,4,0,15.75,0,0.00,0,0,0,0,0,.200,.---,0,1,.520,-.--,6.75,11,"1.1 IP, 0 ER, K, 0 BB",1,0,0.00,0.57,0,.---,0
827317,Brandon Downer,2025,Peoria Javelinas,Surprise Saguaros,2025-11-10,False,True,825575,R,1,8,.129,0,1,9,1,0,0,.---,0,0,1,1.00,0,0,1,1,0,0,3,1.71,0,0,2,9.00,0,0,0.00,0,0,2.0,0,0,33,.333,.583,6,0,16.50,1,4.50,0,0,1,0,0,.250,.---,0,2,.640,2.00,9.00,21,"2.0 IP, ER, 2 K, BB",2,0,4.50,0.78,0,1.000,1
827317,Brandon Downer,2025,Peoria Javelinas,Surprise Saguaros,2025-11-14,False,False,825572,W,0,6,.667,0,0,6,0,0,0,.000,0,0,2,27.00,0,1,1,1,0,0,2,2.00,0,0,4,54.00,0,0,0.00,1,1,0.2,0,0,17,.667,1.334,2,0,25.50,2,27.00,0,0,0,0,0,.667,1.000,2,0,.590,-.--,0.00,10,"0.2 IP, 2 ER, 0 K, 0 BB",4,0,0.00,6.00,0,.---,0
695294,Tommy McCollum,2025,Surprise Saguaros,Glendale Desert Dogs,2025-10-08,True,True,825591,R,1,4,.250,0,1,5,0,0,0,.000,0,1,1,9.00,1,1,1,1,0,0,2,2.00,0,0,1,9.00,0,0,0.00,0,0,1.0,0,0,20,.400,.900,3,0,20.00,2,18.00,0,0,0,0,0,.500,1.000,1,0,.550,0.00,0.00,11,"1.0 IP, ER, 0 K, BB",2,0,9.00,2.00,1,1.000,1
695294,Tommy McCollum,2025,Surprise Saguaros,Salt River Rafters,2025-10-16,False,True,825633,R,1,6,.200,0,0,6,0,0,0,.000,0,0,0,3.86,0,0,1,1,0,0,2,2.00,0,0,1,6.75,0,0,0.00,2,0,1.1,0,0,25,.167,.334,4,0,18.75,1,6.75,0,0,0,0,0,.167,1.000,1,2,.600,-.--,13.50,15,"1.1 IP, 0 ER, 2 K, 0 BB",1,0,0.00,1.29,0,1.000,1
695294,Tommy McCollum,2025,Surprise Saguaros,Scottsdale Scorpions,2025-10-19,False,False,825615,R,0,3,.154,0,1,4,0,0,0,.---,0,0,0,2.70,0,1,1,1,0,0,2,3.00,0,0,0,0.00,0,0,0.00,0,0,1.0,0,0,15,.250,.250,3,0,15.00,0,0.00,0,0,0,0,0,.000,.---,0,1,.600,1.00,9.00,9,"1.0 IP, 0 ER, K, BB",0,0,9.00,1.20,0,.---,0
695294,Tommy McCollum,2025,Surprise Saguaros,Mesa Solar Sox,2025-10-23,False,True,825600,R,0,6,.316,0,0,6,0,0,0,.000,0,1,1,4.15,0,0,1,1,0,1,1,3.50,0,0,4,36.00,1,0,0.00,0,0,1.0,0,0,26,.667,1.500,3,0,26.00,1,9.00,0,0,0,0,0,.833,1.000,2,1,.580,-.--,9.00,15,"1.0 IP, ER, K, 0 BB",5,0,0.00,1.85,1,.---,0
695294,Tommy McCollum,2025,Surprise Saguaros,Scottsdale Scorpions,2025-10-29,True,True,825583,R,1,5,.292,0,1,6,0,0,0,.---,0,1,0,3.60,1,0,1,1,0,0,2,3.00,0,0,1,13.50,1,0,0.00,0,0,0.2,0,0,33,.333,.733,2,0,49.50,2,27.00,0,0,0,0,0,.400,.---,0,1,.520,1.00,13.50,17,"0.2 IP, 0 ER, K, BB",2,0,13.50,2.00,1,.---,0
695003,Randel Clemente,2025,Glendale Desert Dogs,Surprise Saguaros,2025-10-08,False,False,825591,R,0,4,.500,0,2,6,1,0,0,.---,0,1,2,27.00,0,1,1,1,0,0,0,-.--,0,0,2,27.00,0,0,0.00,0,0,0.2,0,1,24,.667,1.417,2,0,36.00,3,40.50,0,0,1,0,0,.750,.---,0,2,.420,1.00,27.00,10,"0.2 IP, 2 ER, 2 K, 2 BB",3,0,27.00,6.00,0,.000,0
695003,Randel Clemente,2025,Glendale Desert Dogs,Scottsdale Scorpions,2025-10-16,False,False,825621,R,2,3,.286,0,0,3,0,0,0,.---,0,0,0,10.80,1,1,1,1,0,0,0,0.00,0,0,0,0.00,0,0,0.00,0,0,1.0,0,0,12,.000,.000,3,0,12.00,0,0.00,0,0,0,0,0,.000,.---,0,1,.500,-.--,9.00,6,"1.0 IP, 0 ER, K, 0 BB",0,0,0.00,2.40,0,.---,0
695003,Randel Clemente,2025,Glendale Desert Dogs,Salt River Rafters,2025-10-19,True,False,825647,R,2,4,.273,0,0,4,0,0,0,.---,0,0,0,6.75,1,0,1,1,0,0,0,0.00,0,0,1,9.00,0,0,0.00,0,0,1.0,0,0,21,.250,.500,3,0,21.00,0,0.00,0,0,0,0,0,.250,.---,0,1,.670,-.--,9.00,14,"1.0 IP, 0 ER, K, 0 BB",1,0,0.00,1.88,0,.---,0
695003,Randel Clemente,2025,Glendale Desert Dogs,Salt River Rafters,2025-10-23,False,False,825630,R,0,2,.308,0,0,2,0,0,0,.---,0,0,0,6.00,0,1,1,1,0,0,0,0.00,0,0,1,27.00,0,0,0.00,3,1,0.1,0,0,9,.500,1.000,1,0,27.00,0,0.00,0,0,0,0,0,.500,.---,0,1,.670,-.--,27.00,6,"0.1 IP, 0 ER, K, 0 BB",1,0,0.00,2.00,0,.---,0
695003,Randel Clemente,2025,Glendale Desert Dogs,Mesa Solar Sox,2025-10-28,False,False,825599,R,2,5,.333,0,2,7,0,0,0,.---,0,0,1,6.75,0,1,1,1,0,0,0,0.00,0,0,2,18.00,0,0,0.00,0,0,1.0,0,0,29,.571,.971,3,0,29.00,1,9.00,0,0,0,0,0,.400,.---,0,1,.520,0.50,9.00,15,"1.0 IP, ER, K, 2 BB",2,0,18.00,2.50,1,.---,0
695003,Randel Clemente,2025,Glendale Desert Dogs,Peoria Javelinas,2025-10-31,True,True,825659,R,1,3,.286,0,1,4,0,0,0,.---,0,0,0,5.40,0,1,1,1,0,0,2,0.29,0,0,0,0.00,0,0,0.00,0,0,1.0,0,0,13,.250,.250,3,0,13.00,0,0.00,0,0,1,1,0,.000,.---,0,0,.620,0.00,0.00,8,"1.0 IP, 0 ER, 0 K, BB",0,0,9.00,2.20,0,.---,0
695003,Randel Clemente,2025,Glendale Desert Dogs,Mesa Solar Sox,2025-11-05,False,True,825594,R,0,7,.321,0,1,8,0,0,0,.---,0,0,2,7.11,0,1,1,1,0,0,3,0.71,0,0,3,20.25,0,0,0.00,3,0,1.1,0,0,30,.500,.929,4,0,22.50,2,13.50,0,0,0,0,0,.429,.---,0,1,.670,1.00,6.75,20,"1.1 IP, 2 ER, K, BB",3,0,6.75,2.37,2,.---,0
695003,Randel Clemente,2025,Glendale Desert Dogs,Scottsdale Scorpions,2025-11-11,False,True,825608,R,1,4,.281,0,1,7,1,0,0,.---,0,0,0,5.63,0,1,1,1,0,0,0,0.63,1,1,0,0.00,0,0,0.00,3,1,1.2,0,0,39,.286,.286,5,0,23.40,0,0.00,0,1,1,0,0,.000,.---,0,4,.490,4.00,21.60,19,"1.2 IP, 0 ER, 4 K, BB",0,0,5.40,2.00,1,1.000,1
809340,Austin Troesser,2025,Scottsdale Scorpions,Salt River Rafters,2025-10-08,True,True,825619,R,0,6,.000,0,1,7,0,0,0,.---,0,0,0,0.00,0,0,1,1,0,0,4,4.00,0,0,0,0.00,0,0,0.00,0,0,2.0,0,0,26,.143,.143,6,0,13.00,0,0.00,0,0,0,0,0,.000,.---,0,2,.620,2.00,9.00,16,"2.0 IP, 0 ER, 2 K, BB",0,0,4.50,0.50,0,1.000,1
809340,Austin Troesser,2025,Scottsdale Scorpions,Salt River Rafters,2025-10-15,True,False,825622,R,3,6,.167,0,1,7,0,0,0,.---,0,0,2,5.40,1,0,1,1,0,0,0,1.33,0,0,2,13.50,1,0,0.00,0,0,1.1,0,0,30,.429,.762,4,0,22.50,2,13.50,0,0,0,0,0,.333,.---,0,1,.600,1.00,6.75,18,"1.1 IP, 2 ER, K, BB",2,0,6.75,1.20,0,.---,0
809340,Austin Troesser,2025,Scottsdale Scorpions,Surprise Saguaros,2025-10-19,True,True,825615,R,0,2,.214,0,1,3,0,0,0,.---,0,0,0,4.91,0,1,1,1,0,0,1,1.67,0,0,1,27.00,0,0,0.00,0,0,0.1,0,0,16,.667,1.167,1,0,48.00,0,0.00,0,0,0,0,0,.500,.---,0,0,.690,0.00,0.00,11,"0.1 IP, 0 ER, 0 K, BB",1,0,27.00,1.64,0,.---,0
809340,Austin Troesser,2025,Scottsdale Scorpions,Peoria Javelinas,2025-10-23,False,True,825638,R,1,3,.176,0,1,4,0,0,0,.---,0,0,0,3.86,1,1,1,1,0,0,1,1.50,0,0,0,0.00,0,0,0.00,0,0,1.0,0,0,15,.250,.250,3,0,15.00,0,0.00,0,0,0,0,0,.000,.---,0,1,.470,1.00,9.00,7,"1.0 IP, 0 ER, K, BB",0,0,9.00,1.50,0,.---,0
700380,Joshua Loeschorn,2025,Salt River Rafters,Scottsdale Scorpions,2025-10-08,False,False,825619,R,4,7,.429,0,0,7,0,0,0,.000,0,0,1,6.75,0,0,1,1,0,0,0,0.00,0,0,3,20.25,0,0,0.00,2,0,1.1,0,1,22,.429,.858,4,0,16.50,1,6.75,0,0,0,0,0,.429,1.000,1,0,.680,-.--,0.00,15,"1.1 IP, ER, 0 K, 0 BB",3,0,0.00,2.25,0,.000,0
700380,Joshua Loeschorn,2025,Salt River Rafters,Scottsdale Scorpions,2025-10-15,False,True,825622,R,1,5,.417,0,0,6,0,0,0,.---,0,0,0,3.38,1,0,1,1,0,1,1,0.20,1,1,2,13.50,0,0,0.00,1,1,1.1,0,0,14,.500,.900,4,0,10.50,0,0.00,0,0,0,0,0,.400,.---,0,1,.640,-.--,6.75,9,"1.1 IP, 0 ER, K, 0 BB",2,0,0.00,1.88,0,.---,0
700380,Joshua Loeschorn,2025,Salt River Rafters,Peoria Javelinas,2025-10-17,True,False,825632,R,4,9,.381,0,1,10,0,0,0,.---,0,2,1,3.86,0,0,1,1,0,0,2,0.33,0,0,3,13.50,0,0,0.00,0,0,2.0,0,0,32,.400,.956,6,0,16.00,1,4.50,0,0,0,0,0,.556,.---,0,0,.630,0.00,0.00,20,"2.0 IP, ER, 0 K, BB",5,0,4.50,1.93,0,.---,0
700380,Joshua Loeschorn,2025,Salt River Rafters,Mesa Solar Sox,2025-10-21,False,False,825605,R,4,8,.379,0,0,8,0,0,0,.000,0,1,2,5.40,2,0,1,1,1,0,0,0.23,0,0,3,13.50,0,0,0.00,0,0,2.0,0,0,25,.375,.875,6,0,12.50,2,9.00,0,0,0,0,0,.500,1.000,1,1,.680,-.--,4.50,17,"2.0 IP, 2 ER, K, 0 BB",4,0,0.00,1.80,0,.---,0
700380,Joshua Loeschorn,2025,Salt River Rafters,Peoria Javelinas,2025-10-28,False,False,825639,R,0,8,.405,0,0,8,0,0,0,.---,0,1,3,8.22,0,0,1,1,0,0,3,0.46,0,0,4,36.00,0,0,0.00,0,0,1.0,0,0,25,.500,1.375,3,0,25.00,4,36.00,0,0,0,0,0,.875,.---,0,1,.720,-.--,9.00,18,"1.0 IP, 3 ER, K, 0 BB",7,1,0.00,2.09,0,.---,0
700380,Joshua Loeschorn,2025,Salt River Rafters,Mesa Solar Sox,2025-11-02,False,False,825597,R,1,4,.415,0,0,5,1,0,0,.---,0,1,0,7.56,0,0,1,1,0,0,0,0.43,1,1,2,27.00,0,0,0.00,2,2,0.2,0,0,19,.600,1.350,2,0,28.50,1,13.50,0,0,1,0,0,.750,.---,0,1,.580,-.--,13.50,11,"0.2 IP, 0 ER, K, 0 BB",3,0,0.00,2.16,0,.---,0
700380,Joshua Loeschorn,2025,Salt River Rafters,Surprise Saguaros,2025-11-06,True,False,825624,R,0,2,.419,0,0,2,0,0,0,.---,0,0,1,8.31,0,0,1,1,0,0,1,0.50,0,0,1,27.00,0,1,27.00,1,1,0.1,0,0,5,.500,2.500,1,0,15.00,1,27.00,0,0,0,0,0,2.000,.---,0,0,.600,-.--,0.00,3,"0.1 IP, ER, 0 K, 0 BB",4,0,0.00,2.19,0,.---,0
700380,Joshua Loeschorn,2025,Salt River Rafters,Surprise Saguaros,2025-11-11,True,True,825617,R,1,4,.404,0,2,6,0,0,0,.---,0,0,0,7.45,0,1,1,1,0,0,0,0.47,0,0,1,9.00,0,0,0.00,0,0,1.0,0,0,24,.500,1.250,3,0,24.00,0,0.00,0,0,1,1,0,.750,.---,0,2,.500,1.00,18.00,12,"1.0 IP, 0 ER, 2 K, 2 BB",3,1,18.00,2.28,0,.---,0
682769,Eiberson Castellano,2025,Surprise Saguaros,Peoria Javelinas,2025-10-09,False,True,825652,R,4,11,.273,0,0,12,0,0,0,.---,0,0,1,3.00,2,0,1,1,1,0,1,0.25,0,0,3,9.00,0,0,0.00,0,0,3.0,0,0,49,.250,.523,9,0,16.33,1,3.00,0,1,0,0,0,.273,.---,0,4,.650,-.--,12.00,32,"3.0 IP, ER, 4 K, 0 BB",3,0,0.00,1.00,0,1.000,1
682769,Eiberson Castellano,2025,Surprise Saguaros,Scottsdale Scorpions,2025-10-18,False,False,825614,R,2,12,.261,0,2,14,0,0,0,.000,0,0,3,6.00,1,0,1,1,1,0,2,0.50,0,0,3,9.00,0,1,3.00,0,0,3.0,0,1,54,.357,.857,9,0,18.00,3,9.00,0,0,0,0,0,.500,1.000,2,5,.630,2.50,15.00,34,"3.0 IP, 3 ER, 5 K, 2 BB",6,0,6.00,1.33,0,.000,0
682769,Eiberson Castellano,2025,Surprise Saguaros,Peoria Javelinas,2025-10-26,True,True,825584,R,2,13,.222,0,1,15,0,0,0,.000,0,0,1,4.50,1,0,1,1,1,0,4,0.88,0,0,2,4.50,0,0,0.00,0,0,4.0,0,0,55,.200,.354,12,0,13.75,1,2.25,0,1,0,0,0,.154,1.000,3,6,.640,6.00,13.50,35,"4.0 IP, ER, 6 K, BB",2,0,2.25,1.10,0,.---,0
682769,Eiberson Castellano,2025,Surprise Saguaros,Glendale Desert Dogs,2025-11-02,False,True,825658,R,5,13,.204,0,4,17,0,0,0,.000,0,0,1,3.86,3,0,1,1,1,1,3,0.77,0,0,2,4.50,0,0,0.00,0,0,4.0,0,0,64,.353,.507,12,0,16.00,1,2.25,0,0,0,0,0,.154,1.000,2,3,.500,0.75,6.75,32,"4.0 IP, ER, 3 K, 4 BB",2,0,9.00,1.21,1,1.000,1
801333,Johnathan Harmon,2025,Peoria Javelinas,Surprise Saguaros,2025-10-09,True,False,825652,R,2,9,.333,0,2,11,0,0,0,.000,0,1,2,9.00,2,0,1,1,1,0,1,0.50,0,0,3,13.50,0,0,0.00,0,0,2.0,0,1,47,.455,.899,6,0,23.50,2,9.00,0,0,0,0,0,.444,1.000,1,3,.600,1.50,13.50,28,"2.0 IP, 2 ER, 3 K, 2 BB",4,0,9.00,2.50,1,.000,0
801333,Johnathan Harmon,2025,Peoria Javelinas,Salt River Rafters,2025-10-17,False,True,825632,R,3,11,.250,0,2,14,0,0,0,.000,0,0,1,5.40,1,0,1,1,1,0,4,1.00,1,1,2,6.00,0,0,0.00,0,0,3.0,0,0,53,.357,.539,9,0,17.67,1,3.00,0,0,0,0,0,.182,1.000,1,2,.530,1.00,6.00,28,"3.0 IP, ER, 2 K, 2 BB",2,0,6.00,1.80,1,1.000,1
801333,Johnathan Harmon,2025,Peoria Javelinas,Scottsdale Scorpions,2025-10-23,True,False,825638,R,3,9,.276,0,2,11,0,0,0,.---,0,0,1,5.14,0,0,1,1,0,0,0,0.63,0,0,3,13.50,0,0,0.00,0,0,2.0,0,0,44,.455,.788,6,0,22.00,1,4.50,0,0,0,0,0,.333,.---,0,3,.570,1.50,13.50,25,"2.0 IP, ER, 3 K, 2 BB",3,0,9.00,2.00,0,.---,0
801333,Johnathan Harmon,2025,Peoria Javelinas,Surprise Saguaros,2025-10-30,True,False,825642,R,0,11,.275,0,3,14,0,0,0,.000,0,0,0,3.60,0,0,1,1,1,1,4,1.13,0,0,3,9.00,0,0,0.00,0,0,3.0,0,0,54,.429,.702,9,0,18.00,0,0.00,0,0,0,0,0,.273,1.000,1,4,.590,1.33,12.00,32,"3.0 IP, 0 ER, 4 K, 3 BB",3,0,9.00,2.00,1,.---,0
801333,Johnathan Harmon,2025,Peoria Javelinas,Glendale Desert Dogs,2025-11-06,True,False,825641,R,2,14,.259,0,1,15,0,0,0,.000,0,0,4,5.27,1,0,1,1,0,0,5,1.40,0,0,3,7.36,0,0,0.00,0,0,3.2,0,0,59,.267,.481,11,0,16.09,4,9.82,0,0,0,0,0,.214,1.000,2,4,.610,4.00,9.82,36,"3.2 IP, 4 ER, 4 K, BB",3,0,2.45,1.76,0,.---,0
801333,Johnathan Harmon,2025,Peoria Javelinas,Scottsdale Scorpions,2025-11-13,False,True,825571,L,3,14,.286,0,1,16,0,0,0,.---,0,1,2,5.40,3,0,1,1,0,0,4,1.33,1,1,4,10.80,0,0,0.00,0,0,3.1,0,0,57,.375,.875,10,0,17.10,2,5.40,0,0,0,0,0,.500,.---,0,3,.670,3.00,8.10,38,"3.1 IP, 2 ER, 3 K, BB",7,1,2.70,1.50,1,.---,0
813820,Chen-Wei Lin,2025,Glendale Desert Dogs,Scottsdale Scorpions,2025-10-09,True,True,825666,R,0,6,.167,0,3,9,0,0,1,.500,0,1,0,0.00,0,0,1,1,1,0,1,1.00,0,0,1,4.50,0,0,0.00,0,0,2.0,0,0,57,.444,.777,6,0,28.50,0,0.00,0,0,0,0,0,.333,.500,1,4,.510,1.33,18.00,29,"2.0 IP, 0 ER, 4 K, 3 BB",2,0,13.50,2.00,0,1.000,1
813820,Chen-Wei Lin,2025,Glendale Desert Dogs,Surprise Saguaros,2025-10-17,False,True,825587,R,3,12,.111,0,0,12,0,0,0,.---,0,0,0,0.00,1,0,1,1,1,0,3,1.33,0,0,1,2.45,0,0,0.00,0,0,3.2,0,0,37,.083,.166,11,0,10.09,0,0.00,0,0,0,0,0,.083,.---,0,5,.840,-.--,12.27,31,"3.2 IP, 0 ER, 5 K, 0 BB",1,0,0.00,0.88,0,1.000,1
813820,Chen-Wei Lin,2025,Glendale Desert Dogs,Salt River Rafters,2025-10-23,False,False,825630,R,1,9,.222,0,2,11,0,0,0,.000,0,2,4,4.91,0,0,1,1,1,0,2,1.50,0,0,4,21.60,0,0,0.00,0,0,1.2,0,1,52,.545,1.212,5,0,31.20,5,27.00,0,0,0,0,0,.667,1.000,3,2,.560,1.00,10.80,29,"1.2 IP, 4 ER, 2 K, 2 BB",6,0,10.80,1.50,2,.000,0
813820,Chen-Wei Lin,2025,Glendale Desert Dogs,Scottsdale Scorpions,2025-10-30,False,False,825612,R,3,11,.316,0,1,14,0,0,0,.---,0,0,5,8.68,2,0,1,1,1,0,0,0.86,1,1,6,27.00,0,1,4.50,0,0,2.0,0,0,47,.571,1.571,6,0,23.50,5,22.50,0,1,0,0,0,1.000,.---,0,3,.570,3.00,13.50,27,"2.0 IP, 5 ER, 3 K, BB",11,1,4.50,1.93,2,.---,0
813820,Chen-Wei Lin,2025,Glendale Desert Dogs,Peoria Javelinas,2025-11-06,False,True,825641,R,3,10,.271,0,2,12,0,0,0,.---,0,0,0,6.57,3,0,1,1,1,0,1,0.70,0,0,1,3.00,0,0,0.00,0,0,3.0,0,0,40,.250,.350,9,0,13.33,0,0.00,0,0,0,0,0,.100,.---,0,5,.650,2.50,15.00,26,"3.0 IP, 0 ER, 5 K, 2 BB",1,0,6.00,1.70,0,1.000,1
694885,Ryan Murphy,2025,Scottsdale Scorpions,Glendale Desert Dogs,2025-10-09,False,False,825666,R,1,8,.625,0,2,10,0,0,0,.000,0,1,5,27.00,1,0,1,1,1,1,1,1.00,0,0,5,27.00,0,0,0.00,0,0,1.2,0,1,42,.700,1.450,5,0,25.20,5,27.00,0,0,0,0,0,.750,1.000,1,1,.570,0.50,5.40,24,"1.2 IP, 5 ER, K, 2 BB",6,0,10.80,4.20,0,.000,0
694885,Ryan Murphy,2025,Scottsdale Scorpions,Glendale Desert Dogs,2025-10-16,True,True,825621,R,3,6,.429,0,3,10,0,0,0,.000,0,0,1,16.20,1,0,1,1,0,0,1,0.50,1,1,1,5.40,0,0,0.00,2,0,1.2,0,0,47,.500,.667,5,0,28.20,1,5.40,0,0,0,0,0,.167,1.000,1,1,.490,0.33,5.40,23,"1.2 IP, ER, K, 3 BB",1,0,16.20,3.30,0,1.000,1
694885,Ryan Murphy,2025,Scottsdale Scorpions,Surprise Saguaros,2025-10-22,False,False,825586,R,5,11,.320,0,1,14,0,0,0,.000,0,0,0,8.53,3,0,1,1,1,0,2,0.44,1,1,2,6.00,0,0,0.00,0,0,3.0,0,1,52,.286,.468,9,0,17.33,2,6.00,0,1,0,0,0,.182,1.000,2,3,.580,3.00,9.00,30,"3.0 IP, 0 ER, 3 K, BB",2,0,3.00,2.21,0,.000,0
694885,Ryan Murphy,2025,Scottsdale Scorpions,Surprise Saguaros,2025-10-28,True,True,825613,R,4,10,.257,0,2,12,0,0,1,1.000,0,0,0,5.40,2,0,1,1,1,0,2,0.46,0,0,1,2.45,0,0,0.00,0,0,3.2,0,0,58,.250,.350,11,0,15.82,0,0.00,0,0,0,0,0,.100,.000,0,3,.590,1.50,7.36,34,"3.2 IP, 0 ER, 3 K, 2 BB",1,0,4.91,1.70,1,.---,0
694885,Ryan Murphy,2025,Scottsdale Scorpions,Peoria Javelinas,2025-11-02,True,True,825610,R,4,13,.250,0,0,13,0,0,0,.---,0,0,0,3.86,2,0,1,1,1,1,3,0.53,0,0,3,6.75,0,0,0.00,0,0,4.0,0,0,42,.231,.462,12,0,10.50,0,0.00,0,0,0,0,0,.231,.---,0,3,.670,-.--,6.75,28,"4.0 IP, 0 ER, 3 K, 0 BB",3,0,0.00,1.43,0,1.000,1
694885,Ryan Murphy,2025,Scottsdale Scorpions,Salt River Rafters,2025-11-10,False,False,825623,R,5,12,.267,0,2,15,0,0,0,.000,0,2,2,4.24,3,0,1,1,1,0,1,0.45,1,1,4,12.00,0,0,0.00,0,0,3.0,0,0,52,.467,.967,9,0,17.33,2,6.00,0,0,0,0,0,.500,1.000,1,2,.600,1.00,6.00,31,"3.0 IP, 2 ER, 2 K, 2 BB",6,0,6.00,1.53,1,.---,0
801270,Darwin Rodriguez,2025,Mesa Solar Sox,Salt River Rafters,2025-10-09,False,True,825637,R,2,5,.400,0,2,7,0,0,0,.---,0,0,1,9.00,2,0,1,1,0,0,0,0.00,0,0,2,18.00,0,0,0.00,0,0,1.0,0,0,30,.571,.971,3,0,30.00,1,9.00,0,0,0,0,0,.400,.---,0,1,.470,0.50,9.00,14,"1.0 IP, ER, K, 2 BB",2,0,18.00,4.00,0,1.000,1
801270,Darwin Rodriguez,2025,Mesa Solar Sox,Peoria Javelinas,2025-10-16,True,False,825603,R,2,3,.250,0,0,3,0,0,0,.---,0,0,0,4.50,2,1,1,1,0,0,1,0.25,0,0,0,0.00,0,0,0.00,0,0,1.0,0,0,6,.000,.000,3,0,6.00,0,0.00,0,0,0,0,0,.000,.---,0,0,.670,-.--,0.00,4,"1.0 IP, 0 ER, 0 K, 0 BB",0,0,0.00,2.00,0,.---,0
801270,Darwin Rodriguez,2025,Mesa Solar Sox,Peoria Javelinas,2025-10-19,False,True,825645,R,1,6,.143,0,1,7,0,0,0,.---,0,0,0,2.25,1,0,1,1,0,0,2,0.60,0,0,0,0.00,0,0,0.00,0,0,2.0,0,0,25,.143,.143,6,0,12.50,0,0.00,0,0,0,0,0,.000,.---,0,3,.600,3.00,13.50,15,"2.0 IP, 0 ER, 3 K, BB",0,0,4.50,1.25,0,.---,0
801270,Darwin Rodriguez,2025,Mesa Solar Sox,Surprise Saguaros,2025-10-25,False,True,825585,R,0,3,.235,0,2,5,0,0,0,.---,0,1,3,8.31,0,0,1,1,0,0,1,0.80,0,0,2,54.00,0,0,0.00,0,0,0.1,0,0,28,.800,1.800,1,0,84.00,3,81.00,0,0,0,0,0,1.000,.---,0,0,.500,0.00,0.00,14,"0.1 IP, 3 ER, 0 K, 2 BB",3,0,54.00,2.08,0,.---,0
801270,Darwin Rodriguez,2025,Mesa Solar Sox,Glendale Desert Dogs,2025-10-29,False,False,825656,R,3,6,.261,0,1,7,0,0,0,.---,0,1,0,6.00,3,0,1,1,0,0,1,0.63,0,0,2,10.80,0,0,0.00,1,0,1.2,0,0,27,.429,.929,5,0,16.20,0,0.00,0,0,0,0,0,.500,.---,0,0,.560,0.00,0.00,15,"1.2 IP, 0 ER, 0 K, BB",3,0,5.40,2.00,0,.---,0
801270,Darwin Rodriguez,2025,Mesa Solar Sox,Scottsdale Scorpions,2025-11-04,True,True,825596,R,1,7,.267,0,2,9,0,0,0,.---,0,0,2,7.04,0,0,1,1,0,0,4,1.00,0,0,2,10.80,0,0,0.00,2,0,1.2,0,0,28,.444,.730,5,0,16.80,2,10.80,0,0,0,0,0,.286,.---,0,0,.500,0.00,0.00,14,"1.2 IP, 2 ER, 0 K, 2 BB",2,0,10.80,2.09,0,1.000,1
801270,Darwin Rodriguez,2025,Mesa Solar Sox,Peoria Javelinas,2025-11-11,True,True,825592,R,2,5,.257,0,2,7,0,0,0,.000,0,0,0,6.23,1,0,1,1,0,0,0,0.82,0,0,1,9.00,0,0,0.00,0,0,1.0,0,0,31,.429,.629,3,0,31.00,1,9.00,0,0,0,0,0,.200,1.000,1,2,.520,1.00,18.00,16,"1.0 IP, 0 ER, 2 K, 2 BB",1,0,18.00,2.19,0,1.000,1
694518,Austin Smith,2025,Salt River Rafters,Mesa Solar Sox,2025-10-09,True,False,825637,R,0,6,.833,0,2,8,1,0,0,.---,0,1,5,45.00,0,1,1,1,0,1,1,1.00,0,0,5,45.00,0,0,0.00,0,0,1.0,0,1,25,.875,1.875,3,0,25.00,5,45.00,0,0,1,0,0,1.000,.---,0,0,.440,0.00,0.00,11,"1.0 IP, 5 ER, 0 K, 2 BB",6,0,18.00,7.00,1,.000,0
694518,Austin Smith,2025,Salt River Rafters,Scottsdale Scorpions,2025-10-15,False,True,825622,R,1,4,.600,0,2,6,0,0,0,.---,0,1,0,22.50,0,0,1,1,0,0,2,3.00,0,0,1,9.00,0,0,0.00,0,0,1.0,0,0,21,.500,1.000,3,0,21.00,0,0.00,0,0,0,0,0,.500,.---,0,0,.520,0.00,0.00,11,"1.0 IP, 0 ER, 0 K, 2 BB",2,0,18.00,5.00,0,.---,0
694518,Austin Smith,2025,Salt River Rafters,Peoria Javelinas,2025-10-17,True,False,825632,R,2,3,.462,0,1,4,0,0,0,.---,0,0,0,15.00,2,0,1,1,0,0,0,1.00,0,0,0,0.00,0,0,0.00,0,0,1.0,0,0,19,.250,.250,3,0,19.00,0,0.00,0,0,0,0,0,.000,.---,0,1,.530,1.00,9.00,10,"1.0 IP, 0 ER, K, BB",0,0,9.00,3.67,0,.---,0
694518,Austin Smith,2025,Salt River Rafters,Mesa Solar Sox,2025-10-22,True,True,825631,R,1,5,.444,1,1,6,0,0,0,.---,0,0,1,13.50,1,0,1,1,0,0,2,1.25,0,0,2,18.00,0,0,0.00,0,0,1.0,0,0,20,.500,.900,3,0,20.00,1,9.00,0,0,0,0,0,.400,.---,0,0,.600,0.00,0.00,12,"1.0 IP, ER, 0 K, BB",2,0,9.00,3.50,0,.---,0
694518,Austin Smith,2025,Salt River Rafters,Scottsdale Scorpions,2025-10-31,True,False,825626,R,0,1,.421,0,0,1,0,0,0,.---,0,0,0,12.46,0,0,1,1,0,0,1,1.50,0,0,0,0.00,0,0,0.00,2,0,0.1,0,0,2,.000,.000,1,0,6.00,0,0.00,0,0,0,0,0,.000,.---,0,0,1.000,-.--,0.00,2,"0.1 IP, 0 ER, 0 K, 0 BB",0,0,0.00,3.23,0,.---,0
694518,Austin Smith,2025,Salt River Rafters,Mesa Solar Sox,2025-11-02,False,False,825597,R,2,4,.348,0,0,4,0,0,0,.---,0,0,0,9.53,0,1,1,1,0,0,0,1.00,0,0,0,0.00,0,0,0.00,2,0,1.1,0,0,12,.000,.000,4,0,9.00,0,0.00,0,0,0,0,0,.000,.---,0,2,.830,-.--,13.50,10,"1.1 IP, 0 ER, 2 K, 0 BB",0,0,0.00,2.47,0,.---,0
694518,Austin Smith,2025,Salt River Rafters,Peoria Javelinas,2025-11-05,True,True,825625,R,0,1,.333,0,4,5,0,0,0,.---,0,0,1,10.50,0,0,1,1,0,0,0,1.00,0,0,0,0.00,1,0,0.00,0,0,0.1,0,0,27,.800,.800,1,0,81.00,1,27.00,0,0,0,0,0,.000,.---,0,1,.410,0.25,27.00,11,"0.1 IP, ER, K, 4 BB",0,0,108.00,3.00,1,.---,0
694518,Austin Smith,2025,Salt River Rafters,Scottsdale Scorpions,2025-11-10,True,True,825623,R,1,5,.379,0,0,5,1,0,0,.000,0,0,1,10.80,0,0,1,1,0,0,0,0.86,0,0,3,40.50,0,0,0.00,0,0,0.2,0,0,19,.600,1.200,2,0,28.50,1,13.50,0,0,1,0,0,.600,1.000,1,1,.630,-.--,13.50,12,"0.2 IP, ER, K, 0 BB",3,0,0.00,3.15,0,.---,0
686672,Mark Adamiak,2025,Mesa Solar Sox,Surprise Saguaros,2025-10-07,True,False,825607,R,2,3,.000,0,0,3,0,0,0,.---,0,0,0,0.00,1,0,1,1,0,0,0,0.00,0,0,0,0.00,0,0,0.00,0,0,1.0,0,0,8,.000,.000,3,0,8.00,0,0.00,0,0,0,0,0,.000,.---,0,1,.750,-.--,9.00,6,"1.0 IP, 0 ER, K, 0 BB",0,0,0.00,0.00,0,.---,0
686672,Mark Adamiak,2025,Mesa Solar Sox,Salt River Rafters,2025-10-09,False,True,825637,R,0,4,.143,0,2,6,0,0,0,.000,0,0,1,4.50,0,1,1,1,0,0,2,1.00,0,0,1,9.00,0,0,0.00,0,0,1.0,0,0,26,.500,.750,3,0,26.00,1,9.00,0,0,1,1,0,.250,1.000,1,1,.580,0.50,9.00,15,"1.0 IP, ER, K, 2 BB",1,0,18.00,1.50,0,.---,0
686672,Mark Adamiak,2025,Mesa Solar Sox,Scottsdale Scorpions,2025-10-17,True,False,825595,R,1,4,.182,0,0,4,0,0,0,.---,0,0,0,3.00,0,1,1,1,0,0,0,0.67,0,0,1,9.00,0,0,0.00,0,0,1.0,0,0,23,.250,.500,3,0,23.00,0,0.00,0,0,0,0,0,.250,.---,0,2,.700,-.--,18.00,16,"1.0 IP, 0 ER, 2 K, 0 BB",1,0,0.00,1.33,0,.---,0
686672,Mark Adamiak,2025,Mesa Solar Sox,Surprise Saguaros,2025-10-23,True,False,825600,R,0,4,.200,0,1,5,0,0,0,.---,0,1,0,2.25,0,0,1,1,0,0,2,1.33,0,0,1,9.00,0,0,0.00,2,2,1.0,0,0,20,.400,.900,3,0,20.00,0,0.00,0,0,0,0,0,.500,.---,0,1,.700,1.00,9.00,14,"1.0 IP, 0 ER, K, BB",2,0,9.00,1.50,0,.---,0
686672,Mark Adamiak,2025,Mesa Solar Sox,Glendale Desert Dogs,2025-10-28,True,True,825599,R,1,4,.211,0,2,7,0,0,0,.---,0,0,2,5.40,1,1,1,1,0,0,0,1.00,1,1,1,9.00,0,0,0.00,0,0,1.0,0,0,29,.571,.821,3,0,29.00,2,18.00,0,0,0,0,0,.250,.---,0,2,.590,1.00,18.00,17,"1.0 IP, 2 ER, 2 K, 2 BB",1,0,18.00,1.80,1,.---,0
686672,Mark Adamiak,2025,Mesa Solar Sox,Surprise Saguaros,2025-10-31,False,True,825582,R,1,1,.200,0,0,1,0,0,0,.000,0,0,0,5.06,0,1,1,1,0,0,0,0.80,0,0,0,0.00,0,0,0.00,2,0,0.1,0,0,6,.000,.000,1,0,18.00,0,0.00,0,0,1,1,0,.000,1.000,1,0,.500,-.--,0.00,3,"0.1 IP, 0 ER, 0 K, 0 BB",0,0,0.00,1.69,0,.---,0
686672,Mark Adamiak,2025,Mesa Solar Sox,Scottsdale Scorpions,2025-11-04,True,True,825596,R,2,5,.280,0,2,7,0,0,0,.---,0,0,3,9.00,1,0,1,1,0,0,0,0.57,0,0,3,40.50,0,1,13.50,0,0,0.2,0,0,30,.714,1.914,2,0,45.00,3,40.50,0,0,0,0,0,1.200,.---,0,0,.530,0.00,0.00,16,"0.2 IP, 3 ER, 0 K, 2 BB",6,0,27.00,2.33,0,.---,0
695076,Rhett Lowder,2025,Peoria Javelinas,Salt River Rafters,2025-10-10,True,True,825651,R,1,8,.250,0,0,8,0,0,0,.---,0,1,0,0.00,0,0,1,1,1,0,2,2.00,0,0,2,9.00,0,0,0.00,0,0,2.0,0,0,23,.250,.625,6,0,11.50,0,0.00,0,0,0,0,0,.375,.---,0,3,.910,-.--,13.50,21,"2.0 IP, 0 ER, 3 K, 0 BB",3,0,0.00,1.00,0,1.000,1
695076,Rhett Lowder,2025,Peoria Javelinas,Salt River Rafters,2025-10-18,True,False,825644,R,1,8,.250,0,0,8,0,0,0,.---,0,0,1,2.25,0,0,1,1,1,0,3,2.50,0,0,2,9.00,0,0,0.00,0,0,2.0,0,0,32,.250,.500,6,0,16.00,1,4.50,0,0,0,0,0,.250,.---,0,2,.630,-.--,9.00,20,"2.0 IP, ER, 2 K, 0 BB",2,0,0.00,1.00,0,.---,0
695076,Rhett Lowder,2025,Peoria Javelinas,Glendale Desert Dogs,2025-10-25,False,True,825662,R,1,8,.250,0,0,9,0,0,0,.000,0,0,1,3.00,1,0,1,1,1,0,4,3.00,1,1,2,9.00,0,0,0.00,0,0,2.0,0,0,46,.333,.583,6,0,23.00,1,4.50,0,0,0,0,0,.250,1.000,2,1,.610,-.--,4.50,28,"2.0 IP, ER, K, 0 BB",2,0,0.00,1.00,0,.---,0
695076,Rhett Lowder,2025,Peoria Javelinas,Surprise Saguaros,2025-11-01,False,False,825578,R,2,11,.257,0,1,13,0,0,0,.---,0,1,3,5.00,1,0,1,1,1,1,4,2.60,1,1,3,9.00,0,2,6.00,0,0,3.0,0,1,44,.385,1.294,9,0,14.67,3,9.00,0,0,0,0,0,.909,.---,0,2,.590,2.00,6.00,26,"3.0 IP, 3 ER, 2 K, BB",10,0,3.00,1.11,1,.000,0
695065,Ryan Costeiu,2025,Salt River Rafters,Peoria Javelinas,2025-10-10,False,False,825651,R,2,8,.375,0,4,12,0,0,0,.000,0,1,2,13.50,1,0,1,1,1,0,1,0.50,0,0,3,20.25,0,0,0.00,0,0,1.1,0,1,51,.583,1.083,4,0,38.25,4,27.00,0,0,0,0,0,.500,1.000,3,2,.530,0.50,13.50,27,"1.1 IP, 2 ER, 2 K, 4 BB",4,0,27.00,5.25,0,.000,0
695065,Ryan Costeiu,2025,Salt River Rafters,Peoria Javelinas,2025-10-18,False,True,825644,R,2,10,.333,0,2,12,0,0,0,.---,0,0,1,7.36,0,0,1,1,0,0,3,1.00,0,0,3,11.57,0,0,0.00,1,0,2.1,0,0,55,.417,.917,7,0,23.57,1,3.86,0,0,0,0,0,.500,.---,0,2,.640,1.00,7.71,35,"2.1 IP, ER, 2 K, 2 BB",5,1,7.71,3.27,0,1.000,1
695065,Ryan Costeiu,2025,Salt River Rafters,Scottsdale Scorpions,2025-10-24,True,False,825629,R,2,10,.357,0,3,14,0,0,0,.000,0,1,1,5.68,1,0,1,1,0,1,4,1.33,0,0,4,13.50,0,0,0.00,0,0,2.2,0,0,51,.500,1.000,8,0,19.13,1,3.38,0,1,0,0,0,.500,1.000,1,1,.530,0.33,3.38,27,"2.2 IP, ER, K, 3 BB",5,0,10.13,3.00,0,.---,0
695065,Ryan Costeiu,2025,Salt River Rafters,Scottsdale Scorpions,2025-10-31,True,False,825626,R,2,5,.364,1,2,7,0,0,0,.---,0,0,1,6.14,1,0,1,1,0,0,0,1.00,0,0,2,18.00,0,0,0.00,0,0,1.0,0,0,33,.571,.971,3,0,33.00,1,9.00,0,0,0,0,0,.400,.---,0,1,.550,0.50,9.00,18,"1.0 IP, ER, K, 2 BB",2,0,18.00,3.14,0,.---,0
695065,Ryan Costeiu,2025,Salt River Rafters,Surprise Saguaros,2025-11-06,True,False,825624,R,3,10,.326,0,2,12,0,0,0,.000,0,0,3,6.97,2,1,1,1,0,1,2,0.91,0,0,2,6.00,0,2,6.00,0,0,3.0,0,0,44,.333,1.133,9,0,14.67,3,9.00,0,0,0,0,0,.800,1.000,1,3,.590,1.50,9.00,26,"3.0 IP, 3 ER, 3 K, 2 BB",8,0,6.00,2.61,1,.---,0
801802,James Hicks,2025,Scottsdale Scorpions,Mesa Solar Sox,2025-10-10,True,True,825620,R,3,13,.077,0,0,13,0,0,0,.---,0,0,0,0.00,1,0,1,1,0,0,5,1.67,0,0,1,2.25,0,0,0.00,0,0,4.0,0,0,44,.077,.154,12,0,11.00,0,0.00,0,0,0,0,0,.077,.---,0,4,.700,-.--,9.00,31,"4.0 IP, 0 ER, 4 K, 0 BB",1,0,0.00,0.25,0,1.000,1
801802,James Hicks,2025,Scottsdale Scorpions,Surprise Saguaros,2025-10-18,True,True,825614,R,2,9,.136,0,1,11,0,0,0,.000,0,1,0,0.00,1,0,1,1,1,1,1,1.20,1,1,2,6.00,0,0,0.00,0,0,3.0,0,0,50,.364,.697,9,0,16.67,0,0.00,0,0,0,0,0,.333,1.000,2,4,.580,4.00,12.00,29,"3.0 IP, 0 ER, 4 K, BB",3,0,3.00,0.57,0,1.000,1
801802,James Hicks,2025,Scottsdale Scorpions,Salt River Rafters,2025-10-24,False,True,825629,R,4,14,.139,0,0,14,0,0,0,.---,0,2,0,0.00,3,0,1,1,1,0,2,0.89,0,0,2,4.50,0,0,0.00,0,0,4.0,0,0,45,.143,.429,12,0,11.25,0,0.00,0,0,0,0,0,.286,.---,0,6,.710,-.--,13.50,32,"4.0 IP, 0 ER, 6 K, 0 BB",4,0,0.00,0.55,0,.---,0
801802,James Hicks,2025,Scottsdale Scorpions,Salt River Rafters,2025-10-31,False,True,825626,R,3,10,.130,0,1,11,0,0,0,.000,0,0,0,0.00,3,0,1,1,0,0,1,0.75,0,0,1,3.00,1,0,0.00,0,0,3.0,0,0,36,.182,.282,9,0,12.00,0,0.00,0,0,0,0,0,.100,1.000,1,5,.690,5.00,15.00,25,"3.0 IP, 0 ER, 5 K, BB",1,0,3.00,0.57,0,.---,0
702516,JP Wheat,2025,Mesa Solar Sox,Scottsdale Scorpions,2025-10-10,False,False,825620,R,1,5,.400,0,3,8,0,0,0,.---,0,0,4,36.00,1,0,1,1,0,0,1,1.00,0,0,2,18.00,0,0,0.00,0,0,1.0,0,1,32,.625,1.025,3,0,32.00,4,36.00,0,0,0,0,0,.400,.---,0,1,.410,0.33,9.00,13,"1.0 IP, 4 ER, K, 3 BB",2,0,27.00,5.00,0,.000,0
702516,JP Wheat,2025,Mesa Solar Sox,Glendale Desert Dogs,2025-10-18,False,True,825663,R,1,5,.400,0,3,8,0,0,0,.---,0,0,4,36.00,1,0,1,1,0,1,2,1.50,0,0,2,18.00,0,1,9.00,0,0,1.0,0,0,35,.625,1.625,3,0,35.00,4,36.00,0,0,0,0,0,1.000,.---,0,0,.460,0.00,0.00,16,"1.0 IP, 4 ER, 0 K, 3 BB",5,0,27.00,5.00,1,.---,0
702516,JP Wheat,2025,Mesa Solar Sox,Surprise Saguaros,2025-10-25,False,True,825585,R,0,3,.385,0,3,6,0,0,0,.000,0,0,1,27.00,0,0,1,1,0,1,1,2.00,0,0,1,9.00,0,0,0.00,0,0,1.0,0,0,21,.667,1.000,3,0,21.00,1,9.00,0,0,0,0,0,.333,1.000,1,1,.380,0.33,9.00,8,"1.0 IP, ER, K, 3 BB",1,0,27.00,4.67,0,.---,0
702516,JP Wheat,2025,Mesa Solar Sox,Glendale Desert Dogs,2025-10-29,False,False,825656,R,0,2,.400,0,4,6,1,0,0,.000,0,0,4,35.10,0,0,1,1,0,0,0,2.00,0,0,1,27.00,0,0,0.00,0,0,0.1,0,1,29,.833,1.333,1,0,87.00,4,108.00,0,0,1,0,0,.500,1.000,2,1,.340,0.25,27.00,10,"0.1 IP, 4 ER, K, 4 BB",1,0,108.00,5.70,2,.000,0
702516,JP Wheat,2025,Mesa Solar Sox,Salt River Rafters,2025-11-02,True,True,825597,R,0,3,.333,0,1,4,0,0,0,.000,0,0,1,29.08,0,0,1,1,0,0,1,2.50,0,0,0,0.00,1,0,0.00,0,0,1.0,0,0,17,.250,.250,3,0,17.00,1,9.00,0,0,0,0,0,.000,1.000,2,2,.530,2.00,18.00,9,"1.0 IP, ER, 2 K, BB",0,0,9.00,4.62,0,.---,0
702516,JP Wheat,2025,Mesa Solar Sox,Peoria Javelinas,2025-11-07,False,False,825640,R,1,3,.286,0,2,5,0,0,0,.000,0,0,0,23.63,1,0,1,1,0,0,2,2.33,0,0,0,0.00,0,0,0.00,0,0,1.0,0,0,22,.400,.400,3,0,22.00,0,0.00,0,0,0,0,0,.000,1.000,1,0,.500,0.00,0.00,11,"1.0 IP, 0 ER, 0 K, 2 BB",0,0,18.00,4.13,0,.---,0
692437,Winston Santos,2025,Surprise Saguaros,Mesa Solar Sox,2025-10-14,False,False,825604,R,4,10,.100,0,4,14,0,0,0,.---,0,0,0,0.00,2,0,1,1,0,0,3,0.75,0,0,1,3.00,0,0,0.00,0,0,3.0,0,0,57,.357,.457,9,0,19.00,0,0.00,0,0,0,0,0,.100,.---,0,2,.540,0.50,6.00,31,"3.0 IP, 0 ER, 2 K, 4 BB",1,0,12.00,1.67,1,.---,0
692437,Winston Santos,2025,Surprise Saguaros,Glendale Desert Dogs,2025-10-21,True,True,825664,R,4,17,.222,0,2,19,0,0,0,.000,0,1,2,2.57,3,0,1,1,1,1,6,1.13,0,0,5,11.25,0,0,0.00,0,0,4.0,0,0,62,.368,.721,12,0,15.50,3,6.75,0,0,0,0,0,.353,1.000,3,2,.600,1.00,4.50,37,"4.0 IP, 2 ER, 2 K, 2 BB",6,0,4.50,1.71,0,1.000,1
692437,Winston Santos,2025,Surprise Saguaros,Scottsdale Scorpions,2025-10-28,False,False,825613,R,3,12,.231,0,3,17,0,0,1,1.000,0,1,3,4.35,1,0,1,1,0,0,1,0.91,2,2,3,8.10,0,1,2.70,0,0,3.1,0,1,73,.471,1.054,10,0,21.90,3,8.10,0,0,0,0,0,.583,.000,0,5,.620,1.67,13.50,45,"3.1 IP, 3 ER, 5 K, 3 BB",7,0,8.10,1.74,1,.000,0
692437,Winston Santos,2025,Surprise Saguaros,Salt River Rafters,2025-11-04,True,True,825579,R,3,19,.293,0,0,21,0,0,0,.000,0,2,4,5.65,2,0,1,1,0,0,3,0.93,1,1,8,18.00,0,1,2.25,0,0,4.0,0,0,71,.429,1.218,12,0,17.75,4,9.00,0,1,0,0,0,.789,1.000,1,6,.630,-.--,13.50,45,"4.0 IP, 4 ER, 6 K, 0 BB",15,1,0.00,1.81,1,1.000,1
692437,Winston Santos,2025,Surprise Saguaros,Peoria Javelinas,2025-11-10,True,False,825575,R,4,13,.254,1,1,14,0,0,0,.000,0,0,0,4.42,0,0,1,1,1,0,4,0.94,0,0,1,2.25,0,0,0.00,0,0,4.0,0,0,65,.143,.220,12,0,16.25,1,2.25,0,0,0,0,0,.077,1.000,1,4,.600,4.00,9.00,39,"4.0 IP, 0 ER, 4 K, BB",1,0,2.25,1.53,0,.---,0
806293,Payton Martin,2025,Glendale Desert Dogs,Surprise Saguaros,2025-10-08,False,False,825591,R,1,2,.000,0,1,3,0,0,1,1.000,0,0,0,0.00,1,0,1,1,0,0,0,0.00,0,0,0,0.00,0,0,0.00,0,0,1.0,0,0,13,.333,.333,3,0,13.00,0,0.00,0,0,0,0,0,.000,.000,0,1,.620,1.00,9.00,8,"1.0 IP, 0 ER, K, BB",0,0,9.00,1.00,0,.---,0
806293,Payton Martin,2025,Glendale Desert Dogs,Peoria Javelinas,2025-10-15,False,True,825648,R,2,6,.125,1,1,7,0,0,0,.---,0,1,0,0.00,1,0,1,1,0,0,3,1.00,0,0,1,4.50,0,0,0.00,0,0,2.0,0,0,31,.286,.619,6,0,15.50,0,0.00,0,0,0,0,0,.333,.---,0,0,.550,0.00,0.00,17,"2.0 IP, 0 ER, 0 K, BB",2,0,4.50,1.00,0,1.000,1
806293,Payton Martin,2025,Glendale Desert Dogs,Surprise Saguaros,2025-10-21,False,False,825664,R,1,3,.182,0,2,6,0,0,0,.---,0,0,1,2.25,1,0,1,1,0,0,1,1.00,1,1,1,9.00,0,0,0.00,0,0,1.0,0,1,21,.667,1.000,3,1,21.00,2,18.00,0,0,0,0,0,.333,.---,0,0,.380,0.00,0.00,8,"1.0 IP, ER, 0 K, 2 BB",1,0,18.00,1.50,0,.000,0
683720,Edwin Jimenez,2025,Surprise Saguaros,Mesa Solar Sox,2025-10-07,False,True,825607,R,1,5,.400,0,0,5,0,0,0,.---,0,0,1,9.00,1,0,1,1,0,0,2,2.00,0,0,2,18.00,0,1,9.00,0,0,1.0,0,0,17,.400,1.800,3,0,17.00,1,9.00,0,0,0,0,0,1.400,.---,0,0,.590,-.--,0.00,10,"1.0 IP, ER, 0 K, 0 BB",7,1,0.00,2.00,0,.---,0
683720,Edwin Jimenez,2025,Surprise Saguaros,Glendale Desert Dogs,2025-10-17,True,False,825587,R,2,4,.333,0,1,5,0,0,0,.---,0,0,0,4.50,1,0,1,1,0,0,0,0.67,0,0,1,9.00,0,0,0.00,0,0,1.0,0,0,23,.400,.650,3,0,23.00,0,0.00,0,0,0,0,0,.250,.---,0,1,.520,1.00,9.00,12,"1.0 IP, 0 ER, K, BB",1,0,9.00,2.00,0,.---,0
683720,Edwin Jimenez,2025,Surprise Saguaros,Glendale Desert Dogs,2025-10-21,True,True,825664,R,1,6,.400,0,0,6,0,0,0,.---,0,0,1,6.00,0,1,1,1,0,0,1,0.75,0,0,3,27.00,0,1,9.00,0,0,1.0,0,0,21,.500,1.500,3,0,21.00,1,9.00,0,0,1,1,0,1.000,.---,0,1,.710,-.--,9.00,15,"1.0 IP, ER, K, 0 BB",6,0,0.00,2.33,0,.---,0
683720,Edwin Jimenez,2025,Surprise Saguaros,Peoria Javelinas,2025-10-26,True,True,825584,R,1,4,.368,0,0,4,0,0,0,.---,0,0,0,4.50,0,0,1,1,0,0,1,0.80,0,0,1,9.00,1,0,0.00,0,0,1.0,0,0,10,.250,.500,3,0,10.00,0,0.00,0,0,0,0,0,.250,.---,0,1,.900,-.--,9.00,9,"1.0 IP, 0 ER, K, 0 BB",1,0,0.00,2.00,0,.---,0
683720,Edwin Jimenez,2025,Surprise Saguaros,Mesa Solar Sox,2025-10-31,True,False,825582,R,0,6,.320,0,1,7,0,0,0,.---,0,1,0,3.00,0,1,1,1,0,1,4,1.60,0,0,1,4.50,0,0,0.00,0,0,2.0,0,0,28,.286,.619,6,0,14.00,0,0.00,0,0,0,0,0,.333,.---,0,1,.640,1.00,4.50,18,"2.0 IP, 0 ER, K, BB",2,0,4.50,1.67,0,.---,0
683720,Edwin Jimenez,2025,Surprise Saguaros,Scottsdale Scorpions,2025-11-05,True,False,825577,R,1,6,.290,0,1,7,0,0,0,.000,0,0,0,2.45,1,0,1,1,0,0,3,1.83,0,0,1,6.75,0,0,0.00,0,0,1.1,0,0,29,.286,.453,4,0,21.75,1,6.75,0,0,0,0,0,.167,1.000,1,1,.550,1.00,6.75,16,"1.1 IP, 0 ER, K, BB",1,0,6.75,1.64,0,.---,0
683720,Edwin Jimenez,2025,Surprise Saguaros,Peoria Javelinas,2025-11-10,True,False,825575,R,2,4,.286,0,0,4,0,0,0,.---,0,1,0,2.16,1,1,1,1,0,0,0,1.38,0,0,1,9.00,0,0,0.00,0,0,1.0,0,0,10,.250,.750,3,0,10.00,0,0.00,0,0,0,0,0,.500,.---,0,1,.700,-.--,9.00,7,"1.0 IP, 0 ER, K, 0 BB",2,0,0.00,1.56,0,.---,0
683720,Edwin Jimenez,2025,Surprise Saguaros,Peoria Javelinas,2025-11-14,True,True,825572,W,2,7,.143,0,0,7,0,0,0,.---,0,0,0,0.00,0,1,1,1,0,0,2,1.00,0,0,1,4.50,0,0,0.00,0,0,2.0,0,0,26,.143,.286,6,0,13.00,0,0.00,0,0,0,0,0,.143,.---,0,2,.650,-.--,9.00,17,"2.0 IP, 0 ER, 2 K, 0 BB",1,0,0.00,0.50,0,1.000,1
695366,Holt Jones,2025,Mesa Solar Sox,Surprise Saguaros,2025-10-07,True,False,825607,R,1,6,.333,0,0,6,0,0,2,1.000,0,0,0,0.00,1,0,1,1,0,0,1,1.00,0,0,2,9.00,0,0,0.00,1,0,2.0,0,0,22,.333,.666,6,0,11.00,0,0.00,0,0,0,0,0,.333,.000,0,2,.770,-.--,9.00,17,"2.0 IP, 0 ER, 2 K, 0 BB",2,0,0.00,1.00,0,.---,0
695366,Holt Jones,2025,Mesa Solar Sox,Surprise Saguaros,2025-10-15,False,False,825589,R,1,3,.222,0,0,3,0,0,0,.---,0,0,0,0.00,0,1,1,1,0,0,1,1.00,0,0,0,0.00,0,0,0.00,0,0,1.0,0,0,10,.000,.000,3,0,10.00,0,0.00,0,0,0,0,0,.000,.---,0,1,.800,-.--,9.00,8,"1.0 IP, 0 ER, K, 0 BB",0,0,0.00,0.67,0,.---,0
695366,Holt Jones,2025,Mesa Solar Sox,Glendale Desert Dogs,2025-10-18,False,True,825663,R,1,3,.167,0,0,3,0,0,0,.---,0,0,0,0.00,1,1,1,1,0,0,2,1.33,0,0,0,0.00,0,0,0.00,0,0,1.0,0,0,9,.000,.000,3,0,9.00,0,0.00,0,0,1,1,0,.000,.---,0,0,.560,-.--,0.00,5,"1.0 IP, 0 ER, 0 K, 0 BB",0,0,0.00,0.50,0,.---,0
695366,Holt Jones,2025,Mesa Solar Sox,Salt River Rafters,2025-10-21,True,True,825605,R,3,5,.176,0,1,8,0,0,0,.---,0,0,1,1.50,3,1,1,1,0,0,1,0.83,0,0,1,4.50,0,0,0.00,0,0,2.0,0,0,34,.286,.486,6,0,17.00,1,4.50,1,1,0,0,0,.200,.---,0,2,.590,2.00,9.00,20,"2.0 IP, ER, 2 K, BB",1,0,4.50,0.67,0,1.000,1
695366,Holt Jones,2025,Mesa Solar Sox,Scottsdale Scorpions,2025-10-26,False,False,825609,R,2,7,.125,0,2,10,0,0,0,.---,0,0,0,1.08,1,0,1,1,0,0,1,0.75,1,1,0,0.00,0,0,0.00,2,0,2.1,0,0,36,.300,.300,7,0,15.43,0,0.00,0,0,0,0,0,.000,.---,0,4,.580,2.00,15.43,21,"2.1 IP, 0 ER, 4 K, 2 BB",0,0,7.71,0.72,0,.---,0
695366,Holt Jones,2025,Mesa Solar Sox,Surprise Saguaros,2025-10-31,False,True,825582,R,1,4,.143,0,0,4,0,0,0,.---,0,1,0,0.96,1,0,1,1,0,0,1,0.78,0,0,1,9.00,0,0,0.00,0,0,1.0,0,0,13,.250,.750,3,0,13.00,1,9.00,0,0,0,0,0,.500,.---,0,1,.540,-.--,9.00,7,"1.0 IP, 0 ER, K, 0 BB",2,0,0.00,0.75,0,.---,0
695366,Holt Jones,2025,Mesa Solar Sox,Glendale Desert Dogs,2025-11-05,True,False,825594,R,3,6,.147,0,3,10,0,0,0,.000,0,0,2,2.38,1,0,1,1,0,1,1,0.67,1,1,1,4.50,0,0,0.00,2,0,2.0,0,0,42,.500,.667,6,0,21.00,2,9.00,0,0,0,0,0,.167,1.000,1,1,.620,0.33,4.50,26,"2.0 IP, 2 ER, K, 3 BB",1,0,13.50,0.97,0,.---,0
695366,Holt Jones,2025,Mesa Solar Sox,Glendale Desert Dogs,2025-11-10,False,True,825653,R,0,3,.135,0,1,5,0,0,0,.---,0,0,0,2.19,0,0,1,1,0,0,3,0.92,1,1,0,0.00,1,0,0.00,0,0,1.0,0,0,16,.400,.400,3,0,16.00,0,0.00,0,0,0,0,0,.000,.---,0,0,.500,0.00,0.00,8,"1.0 IP, 0 ER, 0 K, BB",0,0,9.00,0.97,0,.---,0
695366,Holt Jones,2025,Mesa Solar Sox,Surprise Saguaros,2025-11-13,False,False,825580,L,2,3,.333,0,1,4,0,0,0,.000,0,0,1,13.50,1,1,1,1,0,0,0,0.00,0,0,1,13.50,0,0,0.00,0,0,0.2,0,1,14,.500,.833,2,0,21.00,1,13.50,0,0,0,0,0,.333,1.000,1,0,.640,0.00,0.00,9,"0.2 IP, ER, 0 K, BB",1,0,13.50,3.00,0,.000,0
702586,Fulton Lockhart,2025,Salt River Rafters,Mesa Solar Sox,2025-10-09,True,False,825637,R,1,3,.000,0,0,3,0,0,0,.---,0,0,0,0.00,0,0,1,1,0,0,2,2.00,0,0,0,0.00,0,0,0.00,0,0,1.0,0,0,9,.000,.000,3,0,9.00,0,0.00,0,0,0,0,0,.000,.---,0,0,.670,-.--,0.00,6,"1.0 IP, 0 ER, 0 K, 0 BB",0,0,0.00,0.00,0,.---,0
702586,Fulton Lockhart,2025,Salt River Rafters,Glendale Desert Dogs,2025-10-14,True,True,825636,R,1,3,.167,0,1,6,0,0,0,.000,0,0,0,0.00,1,0,1,1,0,1,1,1.50,2,2,1,9.00,1,0,0.00,0,0,1.0,0,0,18,.667,1.000,3,0,18.00,0,0.00,0,0,0,0,0,.333,1.000,1,0,.440,0.00,0.00,8,"1.0 IP, 0 ER, 0 K, BB",1,0,9.00,1.00,1,.---,0
702586,Fulton Lockhart,2025,Salt River Rafters,Peoria Javelinas,2025-10-17,True,False,825632,R,1,4,.200,0,1,5,0,0,0,.---,0,0,2,6.00,0,0,1,1,0,0,0,1.00,0,0,1,9.00,0,1,9.00,0,0,1.0,0,0,17,.400,1.400,3,0,17.00,2,18.00,0,0,0,0,0,1.000,.---,0,2,.530,2.00,18.00,9,"1.0 IP, 2 ER, 2 K, BB",4,0,9.00,1.33,0,.---,0
702586,Fulton Lockhart,2025,Salt River Rafters,Mesa Solar Sox,2025-10-21,False,False,825605,R,2,5,.333,0,1,8,1,0,0,.000,0,0,4,13.50,0,1,1,1,0,0,1,0.80,1,1,3,27.00,0,0,0.00,0,0,1.0,0,1,28,.625,1.225,3,0,28.00,4,36.00,0,1,1,0,0,.600,1.000,1,0,.500,0.00,0.00,14,"1.0 IP, 4 ER, 0 K, BB",3,0,9.00,2.00,0,.000,0
702586,Fulton Lockhart,2025,Salt River Rafters,Glendale Desert Dogs,2025-10-26,False,False,825660,R,0,2,.294,0,3,5,0,0,0,.000,0,0,3,17.36,0,0,1,1,0,0,2,1.20,0,0,0,0.00,0,0,0.00,0,0,0.2,0,0,30,.600,.600,2,0,45.00,3,40.50,0,0,0,0,0,.000,1.000,1,0,.400,0.00,0.00,12,"0.2 IP, 3 ER, 0 K, 3 BB",0,0,40.50,2.36,0,.---,0
702586,Fulton Lockhart,2025,Salt River Rafters,Mesa Solar Sox,2025-11-02,False,False,825597,R,1,3,.300,0,0,3,0,0,0,.---,0,0,0,14.29,1,0,1,1,0,0,1,1.17,0,0,1,9.00,0,0,0.00,0,0,1.0,0,0,12,.333,.666,3,1,12.00,0,0.00,0,0,0,0,0,.333,.---,0,0,.670,-.--,0.00,8,"1.0 IP, 0 ER, 0 K, 0 BB",1,0,0.00,2.12,0,.---,0
702586,Fulton Lockhart,2025,Salt River Rafters,Surprise Saguaros,2025-11-07,False,False,825576,R,1,3,.304,0,3,7,0,0,0,.---,0,0,2,14.85,1,0,1,1,0,0,1,1.14,0,0,1,9.00,0,1,9.00,0,0,1.0,0,0,25,.571,1.904,3,0,25.00,2,18.00,0,1,0,0,0,1.333,.---,0,1,.360,0.33,9.00,9,"1.0 IP, 2 ER, K, 3 BB",4,0,27.00,2.40,0,.---,0
807748,Kannon Kemp,2025,Peoria Javelinas,Surprise Saguaros,2025-10-09,True,False,825652,R,1,4,.250,0,1,5,0,0,0,.---,0,0,0,0.00,1,0,1,1,0,0,0,0.00,0,0,1,9.00,0,0,0.00,0,0,1.0,0,0,22,.400,.650,3,0,22.00,0,0.00,0,0,0,0,0,.250,.---,0,2,.450,2.00,18.00,10,"1.0 IP, 0 ER, 2 K, BB",1,0,9.00,2.00,0,.---,0
807748,Kannon Kemp,2025,Peoria Javelinas,Mesa Solar Sox,2025-10-16,False,True,825603,R,1,5,.333,0,0,5,0,0,0,.---,0,0,1,4.50,1,1,1,1,0,0,0,0.00,0,0,2,18.00,0,0,0.00,0,0,1.0,0,0,21,.400,.800,3,0,21.00,1,9.00,0,0,0,0,0,.400,.---,0,2,.710,-.--,18.00,15,"1.0 IP, ER, 2 K, 0 BB",2,0,0.00,2.00,0,.---,0
807748,Kannon Kemp,2025,Peoria Javelinas,Scottsdale Scorpions,2025-10-21,True,True,825616,R,1,5,.286,0,2,7,0,0,0,.---,0,1,0,3.00,0,0,1,1,1,0,2,0.67,0,0,1,9.00,0,0,0.00,0,0,1.0,0,0,38,.429,.829,3,0,38.00,0,0.00,0,0,0,0,0,.400,.---,0,1,.630,0.50,9.00,24,"1.0 IP, 0 ER, K, 2 BB",2,0,18.00,2.33,0,1.000,1
807748,Kannon Kemp,2025,Peoria Javelinas,Surprise Saguaros,2025-10-26,False,False,825584,R,1,3,.235,0,0,3,0,0,0,.---,0,0,0,2.25,1,0,1,1,0,0,2,1.00,0,0,0,0.00,0,0,0.00,0,0,1.0,0,0,9,.000,.000,3,0,9.00,0,0.00,0,0,0,0,0,.000,.---,0,0,.560,-.--,0.00,5,"1.0 IP, 0 ER, 0 K, 0 BB",0,0,0.00,1.75,0,.---,0
807748,Kannon Kemp,2025,Peoria Javelinas,Glendale Desert Dogs,2025-10-31,False,False,825659,R,0,3,.200,0,0,3,0,0,0,.---,0,0,0,1.80,0,1,1,1,0,0,2,1.50,0,0,0,0.00,0,0,0.00,0,0,1.0,0,0,10,.000,.000,3,0,10.00,0,0.00,0,0,0,0,0,.000,.---,0,1,.800,-.--,9.00,8,"1.0 IP, 0 ER, K, 0 BB",0,0,0.00,1.40,0,.---,0
807748,Kannon Kemp,2025,Peoria Javelinas,Mesa Solar Sox,2025-11-07,True,True,825640,R,1,6,.154,0,0,6,0,0,0,.---,0,0,0,1.29,1,0,1,1,1,0,5,2.20,0,0,0,0.00,0,0,0.00,0,0,2.0,0,0,22,.000,.000,6,0,11.00,0,0.00,0,0,0,0,0,.000,.---,0,0,.730,-.--,0.00,16,"2.0 IP, 0 ER, 0 K, 0 BB",0,0,0.00,1.00,0,1.000,1
807748,Kannon Kemp,2025,Peoria Javelinas,Glendale Desert Dogs,2025-11-12,True,True,825573,D,1,8,.375,0,0,9,0,0,0,.---,0,1,0,0.00,1,0,1,1,0,0,4,4.00,0,0,3,16.20,0,0,0.00,0,0,1.2,0,0,29,.333,.833,5,0,17.40,2,10.80,0,1,0,0,0,.500,.---,0,1,.720,-.--,5.40,21,"1.2 IP, 0 ER, K, 0 BB",4,0,0.00,1.80,0,.---,0
690162,Kenny Serwa,2025,Scottsdale Scorpions,Peoria Javelinas,2025-10-14,False,True,825649,R,2,13,.308,0,1,14,0,0,1,1.000,0,2,4,12.00,1,0,1,1,1,0,3,1.50,0,0,4,12.00,0,0,0.00,0,0,3.0,0,0,54,.357,.819,9,0,18.00,4,12.00,0,0,0,0,0,.462,.000,0,4,.670,4.00,12.00,36,"3.0 IP, 4 ER, 4 K, BB",6,0,3.00,1.67,0,1.000,1
690162,Kenny Serwa,2025,Scottsdale Scorpions,Peoria Javelinas,2025-10-21,False,False,825616,R,4,15,.321,0,4,19,0,0,0,.000,0,1,5,12.79,2,0,1,1,1,0,4,1.17,0,0,5,13.50,0,0,0.00,0,0,3.1,0,1,68,.474,1.007,10,0,20.40,5,13.50,0,0,0,0,0,.533,1.000,1,2,.540,0.50,5.40,37,"3.1 IP, 5 ER, 2 K, 4 BB",8,1,10.80,2.21,2,.000,0
690162,Kenny Serwa,2025,Scottsdale Scorpions,Surprise Saguaros,2025-10-29,False,False,825583,R,4,12,.275,0,4,16,0,0,0,.000,0,1,2,10.24,3,0,1,1,1,0,2,0.90,0,0,2,5.40,0,0,0.00,0,0,3.1,0,0,63,.375,.625,10,0,18.90,3,8.10,0,0,0,0,0,.250,1.000,1,4,.600,1.00,10.80,38,"3.1 IP, 2 ER, 4 K, 4 BB",3,0,10.80,2.07,0,.---,0
690162,Kenny Serwa,2025,Scottsdale Scorpions,Surprise Saguaros,2025-11-05,False,True,825577,R,3,14,.259,0,1,15,0,0,0,.000,0,0,0,7.24,1,0,1,1,1,0,7,1.23,0,0,3,6.75,0,0,0.00,0,0,4.0,0,0,57,.267,.481,12,0,14.25,0,0.00,0,0,0,0,0,.214,1.000,1,1,.600,1.00,2.25,34,"4.0 IP, 0 ER, K, BB",3,0,2.25,1.76,0,1.000,1
806270,Dominic Perachi,2025,Salt River Rafters,Glendale Desert Dogs,2025-10-14,True,True,825636,R,2,9,.222,0,1,11,0,0,1,1.000,0,0,1,3.00,0,0,1,1,0,1,4,2.00,1,1,2,6.00,0,0,0.00,0,0,3.0,0,0,36,.364,.586,9,1,12.00,1,3.00,0,0,0,0,0,.222,.000,0,1,.610,1.00,3.00,22,"3.0 IP, ER, K, BB",2,0,3.00,1.00,1,1.000,1
806270,Dominic Perachi,2025,Salt River Rafters,Mesa Solar Sox,2025-10-21,False,True,825601,R,2,11,.200,1,2,13,0,0,0,.---,0,0,0,1.50,2,0,1,1,1,0,3,1.75,0,0,2,6.00,0,0,0.00,0,0,3.0,0,0,55,.308,.490,9,0,18.33,0,0.00,0,0,0,0,0,.182,.---,0,4,.650,2.00,12.00,36,"3.0 IP, 0 ER, 4 K, 2 BB",2,0,6.00,1.17,0,1.000,1
806270,Dominic Perachi,2025,Salt River Rafters,Peoria Javelinas,2025-10-28,False,False,825639,R,3,15,.257,0,3,18,0,0,0,.---,0,3,4,4.66,3,0,1,1,1,1,3,1.43,0,0,5,12.27,0,1,2.45,0,0,3.2,0,1,67,.444,1.177,11,0,18.27,4,9.82,0,0,0,0,0,.733,.---,0,4,.630,1.33,9.82,42,"3.2 IP, 4 ER, 4 K, 3 BB",11,0,7.36,1.55,1,.000,0
806270,Dominic Perachi,2025,Salt River Rafters,Surprise Saguaros,2025-11-04,False,False,825579,R,3,16,.255,0,1,17,0,0,0,.---,0,1,1,3.95,2,0,1,1,1,0,5,1.50,0,0,4,9.00,0,0,0.00,0,0,4.0,0,0,65,.294,.607,12,0,16.25,1,2.25,0,0,0,0,0,.313,.---,0,4,.620,4.00,9.00,40,"4.0 IP, ER, 4 K, BB",5,0,2.25,1.46,0,.---,0
806270,Dominic Perachi,2025,Salt River Rafters,Surprise Saguaros,2025-11-11,True,True,825617,R,3,16,.284,0,2,18,0,0,1,1.000,0,0,2,4.15,1,0,1,1,1,0,0,1.15,0,0,6,14.73,0,1,2.45,0,0,3.2,0,0,69,.444,1.257,11,1,18.82,2,4.91,0,0,0,0,0,.813,.000,0,7,.590,3.50,17.18,41,"3.2 IP, 2 ER, 7 K, 2 BB",13,2,4.91,1.62,0,1.000,1
809915,Jakob Wright,2025,Glendale Desert Dogs,Salt River Rafters,2025-10-14,False,False,825636,R,0,5,.600,0,1,6,0,0,0,.---,0,2,3,40.50,0,0,1,1,0,0,1,1.00,0,0,3,40.50,0,0,0.00,0,0,0.2,0,1,22,.667,1.667,2,0,33.00,3,40.50,0,0,0,0,0,1.000,.---,0,1,.590,1.00,13.50,13,"0.2 IP, 3 ER, K, BB",5,0,13.50,6.00,0,.000,0
809915,Jakob Wright,2025,Glendale Desert Dogs,Salt River Rafters,2025-10-19,True,False,825647,R,0,7,.500,0,4,11,0,0,1,1.000,0,1,2,19.29,0,0,1,1,1,0,1,2.00,0,0,3,16.20,0,0,0.00,0,0,1.2,0,0,47,.636,1.207,5,0,28.20,3,16.20,0,0,0,0,0,.571,.000,0,3,.530,0.75,16.20,25,"1.2 IP, 2 ER, 3 K, 4 BB",4,0,21.60,4.71,0,.---,0
809915,Jakob Wright,2025,Glendale Desert Dogs,Salt River Rafters,2025-10-26,True,True,825660,R,0,8,.500,0,3,11,0,0,0,.000,0,1,3,18.00,0,0,1,1,0,1,1,3.00,0,0,4,21.60,1,0,0.00,0,0,1.2,0,0,47,.636,1.261,5,0,28.20,3,16.20,0,0,0,0,0,.625,1.000,2,3,.530,1.00,16.20,25,"1.2 IP, 3 ER, 3 K, 3 BB",5,0,16.20,4.50,2,.---,0
809915,Jakob Wright,2025,Glendale Desert Dogs,Surprise Saguaros,2025-11-02,True,False,825658,R,2,6,.500,0,2,9,0,0,0,.000,0,0,4,20.25,2,0,1,1,0,0,1,2.00,0,0,3,20.25,0,0,0.00,0,0,1.1,0,0,38,.556,1.056,4,0,28.50,4,27.00,0,1,0,0,0,.500,1.000,4,1,.470,0.50,6.75,18,"1.1 IP, 4 ER, K, 2 BB",3,0,13.50,4.31,2,.---,0
809915,Jakob Wright,2025,Glendale Desert Dogs,Mesa Solar Sox,2025-11-10,True,False,825653,R,0,7,.424,0,3,10,0,0,0,.000,0,0,0,14.73,0,0,1,1,1,1,3,3.50,0,0,1,4.50,0,0,0.00,0,0,2.0,0,0,45,.400,.543,6,0,22.50,0,0.00,0,0,0,0,0,.143,1.000,3,3,.510,1.00,13.50,23,"2.0 IP, 0 ER, 3 K, 3 BB",1,0,13.50,3.68,1,.---,0
695402,Najer Victor,2025,Salt River Rafters,Scottsdale Scorpions,2025-10-08,False,False,825619,R,1,7,.429,0,0,7,0,0,0,.000,0,0,3,20.25,1,1,1,1,0,0,0,0.00,0,0,3,20.25,0,1,6.75,1,0,1.1,0,0,27,.429,1.286,4,0,20.25,3,20.25,0,0,0,0,0,.857,1.000,1,3,.700,-.--,20.25,19,"1.1 IP, 3 ER, 3 K, 0 BB",6,0,0.00,2.25,0,.---,0
695402,Najer Victor,2025,Salt River Rafters,Glendale Desert Dogs,2025-10-14,True,True,825636,R,0,3,.300,0,0,3,0,0,0,.---,0,0,0,11.57,0,1,1,1,0,0,1,1.00,0,0,0,0.00,0,0,0.00,0,0,1.0,0,0,13,.000,.000,3,0,13.00,0,0.00,0,0,1,1,0,.000,.---,0,2,.770,-.--,18.00,10,"1.0 IP, 0 ER, 2 K, 0 BB",0,0,0.00,1.29,0,.---,0
695402,Najer Victor,2025,Salt River Rafters,Surprise Saguaros,2025-10-16,True,False,825633,R,1,3,.231,0,0,3,0,0,0,.---,0,0,0,8.10,0,0,1,1,0,0,0,0.50,0,0,0,0.00,0,0,0.00,0,0,1.0,0,0,13,.000,.000,3,0,13.00,0,0.00,0,0,0,0,0,.000,.---,0,2,.850,-.--,18.00,11,"1.0 IP, 0 ER, 2 K, 0 BB",0,0,0.00,0.90,0,.---,0
695402,Najer Victor,2025,Salt River Rafters,Mesa Solar Sox,2025-10-22,True,True,825631,R,0,3,.188,0,0,3,0,0,0,.---,0,0,0,6.23,0,1,1,1,0,0,1,1.00,0,0,0,0.00,0,0,0.00,0,0,1.0,0,0,11,.000,.000,3,0,11.00,0,0.00,0,0,0,0,0,.000,.---,0,2,.640,-.--,18.00,7,"1.0 IP, 0 ER, 2 K, 0 BB",0,0,0.00,0.69,0,.---,0
695402,Najer Victor,2025,Salt River Rafters,Scottsdale Scorpions,2025-10-24,True,False,825629,R,0,4,.200,0,0,4,0,0,0,.---,0,0,1,6.75,0,1,1,1,0,0,1,1.50,0,0,1,9.00,0,1,9.00,0,0,1.0,0,1,16,.250,1.250,3,0,16.00,2,18.00,0,0,0,0,0,1.000,.---,0,2,.630,-.--,18.00,10,"1.0 IP, ER, 2 K, 0 BB",4,0,0.00,0.75,0,.000,0
695402,Najer Victor,2025,Salt River Rafters,Scottsdale Scorpions,2025-10-31,True,False,825626,R,0,6,.231,0,0,6,0,0,0,.000,0,2,1,6.75,0,1,1,1,0,0,2,2.50,0,0,2,13.50,0,0,0.00,1,0,1.1,0,0,22,.333,1.000,4,0,16.50,1,6.75,0,0,0,0,0,.667,1.000,1,2,.640,-.--,13.50,14,"1.1 IP, ER, 2 K, 0 BB",4,0,0.00,0.90,1,.---,0
695402,Najer Victor,2025,Salt River Rafters,Surprise Saguaros,2025-11-04,False,False,825579,R,0,2,.250,0,3,6,0,0,0,.000,0,1,4,11.57,0,0,1,1,0,0,1,3.00,1,1,1,27.00,0,0,0.00,2,1,0.1,0,0,25,.833,1.833,1,0,75.00,4,108.00,0,0,0,0,0,1.000,1.000,1,0,.320,0.00,0.00,8,"0.1 IP, 4 ER, 0 K, 3 BB",2,0,81.00,1.43,1,.---,0
695402,Najer Victor,2025,Salt River Rafters,Scottsdale Scorpions,2025-11-10,True,True,825623,R,1,3,.226,0,0,3,0,0,0,.---,0,0,0,9.72,1,0,1,1,0,1,2,2.67,0,0,0,0.00,1,0,0.00,3,1,1.1,0,0,15,.000,.000,4,0,11.25,0,0.00,0,0,0,0,0,.000,.---,0,0,.600,-.--,0.00,9,"1.1 IP, 0 ER, 0 K, 0 BB",0,0,0.00,1.20,0,.---,0
681041,Marcelo Perez,2025,Peoria Javelinas,Scottsdale Scorpions,2025-10-14,True,False,825649,R,0,3,.667,0,2,5,0,0,0,.000,0,0,4,108.00,0,0,1,1,1,0,0,-.--,0,0,2,54.00,0,1,27.00,0,0,0.1,0,1,25,.800,2.467,1,0,75.00,4,108.00,0,0,0,0,0,1.667,1.000,1,1,.480,0.50,27.00,12,"0.1 IP, 4 ER, K, 2 BB",5,0,54.00,12.00,0,.000,0
681041,Marcelo Perez,2025,Peoria Javelinas,Mesa Solar Sox,2025-10-19,True,False,825645,R,1,8,.636,0,0,9,0,0,0,.---,0,2,5,60.75,1,0,1,1,0,0,0,0.00,1,1,5,45.00,0,0,0.00,0,0,1.0,0,1,25,.667,1.542,3,0,25.00,5,45.00,0,0,0,0,0,.875,.---,0,2,.720,-.--,18.00,18,"1.0 IP, 5 ER, 2 K, 0 BB",7,0,0.00,6.75,1,.000,0
681041,Marcelo Perez,2025,Peoria Javelinas,Surprise Saguaros,2025-10-26,False,False,825584,R,4,8,.474,0,1,9,1,0,0,.000,0,0,2,29.70,4,0,1,1,0,0,1,0.20,0,0,2,9.00,0,0,0.00,0,0,2.0,0,0,31,.333,.833,6,0,15.50,2,9.00,0,0,1,0,0,.500,1.000,1,1,.680,1.00,4.50,21,"2.0 IP, 2 ER, K, BB",4,1,4.50,3.60,0,.---,0
681041,Marcelo Perez,2025,Peoria Javelinas,Scottsdale Scorpions,2025-11-02,False,False,825610,R,0,9,.464,0,0,10,0,0,0,.---,0,2,4,25.31,0,0,1,1,1,0,3,0.80,1,1,4,18.00,0,1,4.50,0,0,2.0,0,1,42,.500,1.500,6,0,21.00,4,18.00,0,0,0,0,0,1.000,.---,0,2,.670,-.--,9.00,28,"2.0 IP, 4 ER, 2 K, 0 BB",9,0,0.00,3.00,0,.000,0
681041,Marcelo Perez,2025,Peoria Javelinas,Mesa Solar Sox,2025-11-07,True,True,825640,R,1,7,.429,0,0,7,0,0,0,.---,0,0,0,18.41,0,0,1,1,0,1,1,0.83,0,0,2,9.00,1,0,0.00,0,0,2.0,0,0,26,.286,.572,6,0,13.00,0,0.00,0,0,0,0,0,.286,.---,0,3,.690,-.--,13.50,18,"2.0 IP, 0 ER, 3 K, 0 BB",2,0,0.00,2.45,0,.---,0
701604,Andrew Lindsey,2025,Mesa Solar Sox,Peoria Javelinas,2025-10-08,True,False,825606,R,1,2,.500,0,0,3,0,0,0,.000,0,0,0,0.00,0,1,1,1,0,0,0,0.00,0,0,1,13.50,0,0,0.00,3,3,0.2,0,0,13,.333,.833,2,0,19.50,0,0.00,0,1,0,0,0,.500,1.000,1,1,.620,-.--,13.50,8,"0.2 IP, 0 ER, K, 0 BB",1,0,0.00,1.50,0,.---,0
701604,Andrew Lindsey,2025,Mesa Solar Sox,Surprise Saguaros,2025-10-14,True,True,825604,R,0,4,.333,0,2,6,0,0,0,.---,0,0,1,4.50,0,0,1,1,0,1,2,2.00,0,0,1,6.75,0,0,0.00,3,0,1.1,0,0,27,.500,.750,4,0,20.25,1,6.75,0,0,0,0,0,.250,.---,0,1,.480,0.50,6.75,13,"1.1 IP, ER, K, 2 BB",1,0,13.50,2.00,0,1.000,1
701604,Andrew Lindsey,2025,Mesa Solar Sox,Peoria Javelinas,2025-10-19,False,True,825645,R,0,7,.231,0,1,9,0,0,0,.---,0,0,2,6.75,0,0,1,1,1,0,4,6.00,1,1,1,4.50,0,1,4.50,0,0,2.0,0,0,47,.333,.904,6,0,23.50,2,9.00,0,0,0,0,0,.571,.---,0,2,.510,2.00,9.00,24,"2.0 IP, 2 ER, 2 K, BB",4,0,4.50,1.50,0,1.000,1
701604,Andrew Lindsey,2025,Mesa Solar Sox,Surprise Saguaros,2025-10-23,True,False,825600,R,1,4,.294,0,1,6,0,0,0,.000,0,0,1,7.20,0,1,1,1,0,0,1,3.50,1,1,2,18.00,0,0,0.00,0,0,1.0,0,0,26,.667,1.167,3,0,26.00,1,9.00,0,0,0,0,0,.500,1.000,1,0,.500,0.00,0.00,13,"1.0 IP, ER, 0 K, BB",2,0,9.00,1.80,0,.---,0
701604,Andrew Lindsey,2025,Mesa Solar Sox,Glendale Desert Dogs,2025-10-28,True,True,825599,R,1,6,.261,0,2,8,0,0,0,.000,0,0,1,6.75,0,0,1,1,0,0,1,2.67,0,0,1,5.40,1,0,0.00,3,1,1.2,0,0,43,.375,.542,5,0,25.80,1,5.40,0,0,0,0,0,.167,1.000,1,3,.560,1.50,16.20,24,"1.2 IP, ER, 3 K, 2 BB",1,0,10.80,1.80,1,.---,0
701604,Andrew Lindsey,2025,Mesa Solar Sox,Glendale Desert Dogs,2025-11-01,True,True,825598,R,3,11,.353,0,0,11,0,0,1,1.000,0,0,2,7.27,2,0,1,1,0,0,1,1.50,0,0,6,27.00,0,1,4.50,0,0,2.0,0,0,35,.545,1.363,6,0,17.50,2,9.00,0,0,0,0,0,.818,.000,0,1,.660,-.--,4.50,23,"2.0 IP, 2 ER, K, 0 BB",9,0,0.00,2.08,0,.---,0
701604,Andrew Lindsey,2025,Mesa Solar Sox,Glendale Desert Dogs,2025-11-05,True,False,825594,R,1,7,.341,0,0,7,0,0,0,.---,0,0,1,6.75,0,0,1,1,0,1,1,1.43,0,0,2,9.00,0,0,0.00,0,0,2.0,0,0,28,.286,.572,6,0,14.00,1,4.50,0,0,0,0,0,.286,.---,0,3,.640,-.--,13.50,18,"2.0 IP, ER, 3 K, 0 BB",2,0,0.00,1.88,0,.---,0
692030,Jose Corniell,2025,Surprise Saguaros,Mesa Solar Sox,2025-10-14,False,False,825604,R,3,15,.200,0,1,16,0,0,0,.---,0,0,3,6.75,2,0,1,1,1,0,3,1.00,0,0,3,6.75,0,1,2.25,0,0,4.0,0,1,60,.250,.650,12,0,15.00,3,6.75,0,0,0,0,0,.400,.---,0,6,.600,6.00,13.50,36,"4.0 IP, 3 ER, 6 K, BB",6,0,2.25,1.00,0,.000,0
692030,Jose Corniell,2025,Surprise Saguaros,Glendale Desert Dogs,2025-10-21,True,True,825581,R,2,15,.233,0,2,18,0,0,0,.000,0,1,2,5.63,2,0,1,1,1,1,7,2.00,1,1,4,9.00,0,0,0.00,0,0,4.0,0,0,62,.389,.722,12,0,15.50,2,4.50,0,0,0,0,0,.333,1.000,1,2,.610,1.00,4.50,38,"4.0 IP, 2 ER, 2 K, 2 BB",5,0,4.50,1.25,0,1.000,1
692030,Jose Corniell,2025,Surprise Saguaros,Scottsdale Scorpions,2025-10-28,False,False,825613,R,1,16,.239,0,1,17,0,0,0,.000,0,0,2,5.25,1,0,1,1,1,0,8,3.00,0,0,4,9.00,0,1,2.25,0,0,4.0,0,0,54,.294,.732,12,0,13.50,2,4.50,0,0,0,0,0,.438,1.000,1,3,.590,3.00,6.75,32,"4.0 IP, 2 ER, 3 K, BB",7,0,2.25,1.25,0,.---,0
692030,Jose Corniell,2025,Surprise Saguaros,Salt River Rafters,2025-11-04,True,True,825579,R,2,16,.290,0,2,20,0,1,0,.000,0,0,3,6.00,1,0,1,1,1,0,1,2.38,1,1,7,21.00,0,0,0.00,0,0,3.0,0,0,74,.526,.964,9,0,24.67,4,12.00,0,0,0,0,0,.438,1.000,2,6,.650,3.00,18.00,48,"3.0 IP, 3 ER, 6 K, 2 BB",7,0,6.00,1.60,0,.---,0
692030,Jose Corniell,2025,Surprise Saguaros,Salt River Rafters,2025-11-11,False,False,825617,R,3,16,.333,0,1,17,0,0,0,.000,0,1,5,7.50,2,0,1,1,1,0,3,2.00,0,0,8,24.00,0,0,0.00,0,0,3.0,0,1,50,.529,1.217,9,0,16.67,5,15.00,0,0,0,0,0,.688,1.000,2,2,.700,2.00,6.00,35,"3.0 IP, 5 ER, 2 K, BB",11,1,3.00,1.83,1,.000,0
815292,Luis Martinez-Gomez,2025,Mesa Solar Sox,Surprise Saguaros,2025-10-07,True,False,825607,R,1,3,.000,0,1,4,0,0,0,.---,0,0,0,0.00,1,0,1,1,0,0,0,0.00,0,0,0,0.00,0,0,0.00,0,0,1.0,0,0,21,.250,.250,3,0,21.00,0,0.00,0,0,0,0,0,.000,.---,0,2,.570,2.00,18.00,12,"1.0 IP, 0 ER, 2 K, BB",0,0,9.00,1.00,0,.---,0
815292,Luis Martinez-Gomez,2025,Mesa Solar Sox,Surprise Saguaros,2025-10-14,True,True,825604,R,0,8,.182,0,1,10,0,0,0,.---,0,0,1,3.00,0,1,1,1,0,0,1,1.00,1,1,2,9.00,0,0,0.00,0,0,2.0,0,0,35,.400,.650,6,0,17.50,1,4.50,0,0,1,1,0,.250,.---,0,5,.660,5.00,22.50,23,"2.0 IP, ER, 5 K, BB",2,0,4.50,1.33,1,.---,0
815292,Luis Martinez-Gomez,2025,Mesa Solar Sox,Surprise Saguaros,2025-10-23,True,False,825600,R,1,1,.167,0,0,1,0,0,0,.000,0,0,0,2.70,1,0,1,1,0,0,0,0.50,0,0,0,0.00,0,0,0.00,2,0,0.1,0,0,3,.000,.000,1,0,9.00,0,0.00,0,0,0,0,0,.000,1.000,1,0,1.000,-.--,0.00,3,"0.1 IP, 0 ER, 0 K, 0 BB",0,0,0.00,1.20,0,.---,0
815292,Luis Martinez-Gomez,2025,Mesa Solar Sox,Scottsdale Scorpions,2025-10-26,False,False,825609,R,0,3,.133,0,0,3,0,0,0,.---,0,0,0,2.08,0,0,1,1,0,0,2,1.50,0,0,0,0.00,0,0,0.00,0,0,1.0,0,0,9,.000,.000,3,0,9.00,0,0.00,0,0,0,0,0,.000,.---,0,1,.670,-.--,9.00,6,"1.0 IP, 0 ER, K, 0 BB",0,0,0.00,0.92,0,.---,0
815292,Luis Martinez-Gomez,2025,Mesa Solar Sox,Salt River Rafters,2025-10-30,False,True,825627,R,1,3,.111,0,0,3,0,0,0,.---,0,0,0,1.69,0,0,1,1,0,0,1,1.33,0,0,0,0.00,0,0,0.00,0,0,1.0,0,0,13,.000,.000,3,0,13.00,0,0.00,0,0,0,0,0,.000,.---,0,1,.620,-.--,9.00,8,"1.0 IP, 0 ER, K, 0 BB",0,0,0.00,0.75,0,1.000,1
815292,Luis Martinez-Gomez,2025,Mesa Solar Sox,Salt River Rafters,2025-11-02,True,True,825597,R,1,7,.160,0,3,12,1,0,0,.000,0,0,2,3.68,1,0,1,1,0,0,0,1.00,1,1,2,9.00,0,1,4.50,0,0,2.0,0,0,54,.500,1.214,6,0,27.00,2,9.00,0,1,1,0,0,.714,1.000,4,5,.560,1.67,22.50,30,"2.0 IP, 2 ER, 5 K, 3 BB",5,0,13.50,1.23,0,1.000,1
815292,Luis Martinez-Gomez,2025,Mesa Solar Sox,Peoria Javelinas,2025-11-07,False,False,825640,R,1,9,.176,0,0,9,0,0,0,.---,0,0,1,3.86,1,0,1,1,1,0,4,1.60,0,0,2,9.00,0,1,4.50,0,0,2.0,0,1,37,.222,.778,6,0,18.50,1,4.50,0,0,0,0,0,.556,.---,0,2,.700,-.--,9.00,26,"2.0 IP, ER, 2 K, 0 BB",5,0,0.00,1.18,0,.000,0
815292,Luis Martinez-Gomez,2025,Mesa Solar Sox,Salt River Rafters,2025-11-12,True,True,825574,D,4,10,.100,0,0,10,0,0,0,.---,0,1,0,0.00,3,0,1,1,0,0,2,0.50,0,0,1,3.00,0,0,0.00,0,0,3.0,0,0,40,.100,.300,9,0,13.33,0,0.00,0,0,0,0,0,.200,.---,0,3,.700,-.--,9.00,28,"3.0 IP, 0 ER, 3 K, 0 BB",2,0,0.00,0.33,0,1.000,1
695569,Luke Hayden,2025,Peoria Javelinas,Scottsdale Scorpions,2025-10-06,False,True,825618,R,1,4,.500,0,1,5,0,0,0,.000,0,0,1,9.00,1,0,1,1,0,0,1,1.00,0,0,2,18.00,1,0,0.00,0,0,1.0,0,0,28,.600,1.100,3,0,28.00,1,9.00,0,0,0,0,0,.500,1.000,1,0,.610,0.00,0.00,17,"1.0 IP, ER, 0 K, BB",2,0,9.00,3.00,0,.---,0
695569,Luke Hayden,2025,Peoria Javelinas,Glendale Desert Dogs,2025-10-15,True,False,825648,R,0,5,.667,0,1,6,1,0,1,1.000,0,0,3,21.60,0,0,1,1,0,0,0,1.00,0,0,4,54.00,0,0,0.00,0,0,0.2,0,1,29,.833,2.033,2,0,43.50,4,54.00,0,0,1,0,0,1.200,.000,0,1,.590,1.00,13.50,17,"0.2 IP, 3 ER, K, BB",6,1,13.50,4.80,0,.000,0
695569,Luke Hayden,2025,Peoria Javelinas,Mesa Solar Sox,2025-10-19,True,False,825645,R,0,1,.600,0,5,6,0,0,0,.---,0,0,2,27.00,0,0,1,1,0,0,1,2.00,0,0,0,0.00,0,0,0.00,0,0,0.1,0,0,31,.833,.833,1,0,93.00,2,54.00,0,0,0,0,0,.000,.---,0,0,.320,0.00,0.00,10,"0.1 IP, 2 ER, 0 K, 5 BB",0,0,135.00,6.50,2,.---,0
695569,Luke Hayden,2025,Peoria Javelinas,Scottsdale Scorpions,2025-10-23,True,False,825638,R,0,0,.600,0,3,4,0,0,0,.---,0,0,1,31.50,0,0,1,1,0,0,0,2.00,1,1,0,-.--,0,0,-.--,2,2,0.0,0,0,14,1.000,1.000,0,0,-.--,1,-.--,0,0,0,0,0,.000,.---,0,0,.070,0.00,-.--,1,"0.0 IP, ER, 0 K, 3 BB",0,0,-.--,8.00,0,.---,0
699823,Tyler Davis,2025,Glendale Desert Dogs,Surprise Saguaros,2025-10-08,False,False,825591,R,0,6,.500,0,0,6,1,0,0,.---,0,0,2,18.00,0,0,1,1,0,0,0,-.--,0,0,3,27.00,0,1,9.00,0,0,1.0,0,0,30,.500,1.500,3,0,30.00,2,18.00,0,0,1,0,0,1.000,.---,0,3,.730,-.--,27.00,22,"1.0 IP, 2 ER, 3 K, 0 BB",6,0,0.00,3.00,0,.---,0
699823,Tyler Davis,2025,Glendale Desert Dogs,Peoria Javelinas,2025-10-15,False,True,825648,R,1,7,.308,0,0,7,0,0,0,.---,0,1,0,6.00,1,1,1,1,0,0,0,0.00,0,0,1,4.50,0,0,0.00,0,0,2.0,0,0,28,.143,.429,6,0,14.00,0,0.00,0,0,1,1,0,.286,.---,0,5,.750,-.--,22.50,21,"2.0 IP, 0 ER, 5 K, 0 BB",2,0,0.00,1.33,0,.---,0
699823,Tyler Davis,2025,Glendale Desert Dogs,Salt River Rafters,2025-10-19,True,False,825647,R,0,5,.389,0,0,5,0,0,0,.---,0,0,1,6.75,0,1,1,1,0,1,1,1.00,0,0,3,27.00,0,0,0.00,0,0,1.0,0,0,21,.600,1.200,3,0,21.00,1,9.00,0,0,0,0,0,.600,.---,0,1,.670,-.--,9.00,14,"1.0 IP, ER, K, 0 BB",3,0,0.00,1.75,0,.---,0
699823,Tyler Davis,2025,Glendale Desert Dogs,Salt River Rafters,2025-10-23,False,False,825630,R,1,6,.458,0,2,8,0,0,0,.---,0,0,4,13.50,1,0,1,1,0,0,1,1.00,0,0,4,54.00,0,1,13.50,0,0,0.2,0,0,32,.750,2.250,2,0,48.00,4,54.00,0,0,0,0,0,1.500,.---,0,0,.590,0.00,0.00,19,"0.2 IP, 4 ER, 0 K, 2 BB",9,1,27.00,2.79,1,.---,0
699823,Tyler Davis,2025,Glendale Desert Dogs,Salt River Rafters,2025-10-26,True,True,825660,R,0,5,.448,0,1,6,0,0,0,.000,0,0,1,12.71,0,0,1,1,0,0,0,1.00,0,0,2,18.00,1,0,0.00,0,0,1.0,0,0,27,.500,.900,3,0,27.00,1,9.00,0,0,0,0,0,.400,1.000,1,3,.590,3.00,27.00,16,"1.0 IP, ER, 3 K, BB",2,0,9.00,2.82,1,.---,0
699823,Tyler Davis,2025,Glendale Desert Dogs,Mesa Solar Sox,2025-10-29,True,True,825656,R,1,6,.486,0,0,6,0,0,0,.000,0,0,1,12.15,0,1,1,1,0,0,1,1.00,0,0,4,36.00,0,0,0.00,0,0,1.0,0,0,20,.667,1.334,3,0,20.00,1,9.00,0,0,1,1,0,.667,1.000,1,0,.850,-.--,0.00,17,"1.0 IP, ER, 0 K, 0 BB",4,0,0.00,3.00,0,.---,0
699823,Tyler Davis,2025,Glendale Desert Dogs,Mesa Solar Sox,2025-11-01,False,False,825598,R,0,3,.447,0,1,4,0,0,0,.---,0,0,0,10.57,0,0,1,1,0,0,1,1.33,0,0,0,0.00,0,0,0.00,0,0,1.0,0,0,16,.250,.250,3,0,16.00,0,0.00,0,0,0,0,0,.000,.---,0,2,.560,2.00,18.00,9,"1.0 IP, 0 ER, 2 K, BB",0,0,9.00,2.74,0,.---,0
699823,Tyler Davis,2025,Glendale Desert Dogs,Peoria Javelinas,2025-11-04,True,True,825657,R,1,7,.400,0,1,8,0,0,0,.---,0,0,0,8.38,0,1,1,1,0,0,1,1.25,0,0,1,4.50,0,0,0.00,0,0,2.0,0,0,28,.250,.393,6,0,14.00,0,0.00,0,0,0,0,0,.143,.---,0,4,.640,4.00,18.00,18,"2.0 IP, 0 ER, 4 K, BB",1,0,4.50,2.38,0,.---,0
699823,Tyler Davis,2025,Glendale Desert Dogs,Scottsdale Scorpions,2025-11-07,True,True,825655,R,2,3,.375,0,1,4,0,0,0,.---,0,0,0,7.59,1,1,1,1,0,0,1,1.00,0,0,0,0.00,0,0,0.00,0,0,1.0,0,0,16,.250,.250,3,0,16.00,0,0.00,0,0,0,0,0,.000,.---,0,0,.560,0.00,0.00,9,"1.0 IP, 0 ER, 0 K, BB",0,0,9.00,2.25,1,.---,0
808054,Yordin Chalas,2025,Salt River Rafters,Mesa Solar Sox,2025-10-09,True,False,825637,R,1,3,.000,0,0,3,0,0,0,.---,0,0,0,0.00,0,0,1,1,0,0,1,1.00,0,0,0,0.00,1,0,0.00,0,0,1.0,0,0,12,.000,.000,3,0,12.00,0,0.00,0,0,0,0,0,.000,.---,0,1,.670,-.--,9.00,8,"1.0 IP, 0 ER, K, 0 BB",0,0,0.00,0.00,0,.---,0
808054,Yordin Chalas,2025,Salt River Rafters,Scottsdale Scorpions,2025-10-15,False,True,825622,R,1,4,.143,0,0,4,0,0,0,.---,0,0,0,0.00,1,0,1,1,0,0,1,1.00,0,0,1,9.00,0,0,0.00,0,0,1.0,0,0,14,.250,.500,3,0,14.00,0,0.00,0,0,0,0,0,.250,.---,0,1,.710,-.--,9.00,10,"1.0 IP, 0 ER, K, 0 BB",1,0,0.00,0.50,0,1.000,1
808054,Yordin Chalas,2025,Salt River Rafters,Peoria Javelinas,2025-10-18,False,True,825644,R,0,3,.200,0,0,3,0,0,0,.---,0,0,0,0.00,0,1,1,1,0,1,1,1.50,0,0,1,9.00,0,0,0.00,0,0,1.0,0,0,8,.333,.666,3,0,8.00,0,0.00,0,0,1,1,0,.333,.---,0,1,.750,-.--,9.00,6,"1.0 IP, 0 ER, K, 0 BB",1,0,0.00,0.67,0,.---,0
808054,Yordin Chalas,2025,Salt River Rafters,Mesa Solar Sox,2025-10-21,False,False,825605,R,1,7,.176,0,1,8,0,0,0,.000,0,0,0,0.00,1,0,1,1,0,0,2,1.67,0,0,1,4.50,0,0,0.00,0,0,2.0,0,0,38,.250,.393,6,0,19.00,0,0.00,0,0,0,0,0,.143,1.000,1,3,.630,3.00,13.50,24,"2.0 IP, 0 ER, 3 K, BB",1,0,4.50,0.80,0,.---,0
808054,Yordin Chalas,2025,Salt River Rafters,Glendale Desert Dogs,2025-10-26,False,False,825660,R,0,3,.200,0,0,3,0,0,0,.---,0,1,0,0.00,0,0,1,1,0,0,1,2.00,0,0,1,13.50,0,0,0.00,3,3,0.2,0,0,12,.333,1.000,2,0,18.00,0,0.00,0,0,0,0,0,.667,.---,0,1,.750,-.--,13.50,9,"0.2 IP, 0 ER, K, 0 BB",2,0,0.00,0.88,0,.---,0
808054,Yordin Chalas,2025,Salt River Rafters,Scottsdale Scorpions,2025-11-01,False,False,825611,R,1,6,.269,0,0,6,1,0,0,.000,0,1,1,1.35,1,0,1,1,0,0,1,1.75,0,0,3,27.00,0,0,0.00,0,0,1.0,0,0,21,.500,1.167,3,0,21.00,1,9.00,0,0,1,0,0,.667,1.000,1,1,.670,-.--,9.00,14,"1.0 IP, ER, K, 0 BB",4,0,0.00,1.20,0,.---,0
808054,Yordin Chalas,2025,Salt River Rafters,Surprise Saguaros,2025-11-07,False,False,825576,R,1,3,.241,0,1,4,0,0,0,.---,0,0,0,1.17,0,1,1,1,0,0,1,1.60,0,0,0,0.00,0,0,0.00,0,0,1.0,0,0,14,.250,.250,3,0,14.00,0,0.00,0,0,0,0,0,.000,.---,0,1,.500,1.00,9.00,7,"1.0 IP, 0 ER, K, BB",0,0,9.00,1.17,1,.---,0
808054,Yordin Chalas,2025,Salt River Rafters,Scottsdale Scorpions,2025-11-10,True,True,825623,R,0,2,.290,0,1,3,0,0,0,.---,0,0,1,2.35,0,0,1,1,0,0,0,1.60,0,0,2,-.--,0,0,-.--,0,0,0.0,0,0,13,1.000,2.000,0,0,-.--,1,-.--,0,0,0,0,0,1.000,.---,0,0,.460,0.00,-.--,6,"0.0 IP, ER, 0 K, BB",2,0,-.--,1.57,0,.---,0
808743,Bryce Jenkins,2025,Scottsdale Scorpions,Salt River Rafters,2025-10-08,True,True,825619,R,2,4,.000,0,2,6,0,0,0,.---,0,0,2,13.50,2,0,1,1,0,0,0,0.00,0,0,0,0.00,1,0,0.00,0,0,1.1,0,0,27,.333,.333,4,0,20.25,2,13.50,0,0,0,0,0,.000,.---,0,2,.520,1.00,13.50,14,"1.1 IP, 2 ER, 2 K, 2 BB",0,0,13.50,1.50,1,.---,0
808743,Bryce Jenkins,2025,Scottsdale Scorpions,Salt River Rafters,2025-10-15,True,False,825622,R,0,2,.333,0,3,6,1,0,0,.---,0,1,4,32.40,0,0,1,1,0,0,1,0.50,0,0,2,54.00,0,1,27.00,0,0,0.1,0,1,24,1.000,4.000,1,0,72.00,4,108.00,1,0,1,0,0,3.000,.---,0,0,.380,0.00,0.00,9,"0.1 IP, 4 ER, 0 K, 3 BB",6,0,81.00,4.20,0,.000,0
808743,Bryce Jenkins,2025,Scottsdale Scorpions,Surprise Saguaros,2025-10-18,True,True,825614,R,1,3,.222,0,1,4,0,0,0,.---,0,0,0,20.25,0,0,1,1,0,0,1,0.67,0,0,0,0.00,0,0,0.00,0,0,1.0,0,0,17,.250,.250,3,0,17.00,0,0.00,0,0,0,0,0,.000,.---,0,1,.590,1.00,9.00,10,"1.0 IP, 0 ER, K, BB",0,0,9.00,3.00,0,.---,0
808743,Bryce Jenkins,2025,Scottsdale Scorpions,Peoria Javelinas,2025-10-21,False,False,825616,R,1,4,.231,0,2,6,0,0,0,.---,0,0,0,14.73,1,1,1,1,0,0,1,0.75,0,0,1,9.00,0,0,0.00,0,0,1.0,0,0,23,.500,.750,3,0,23.00,0,0.00,0,0,0,0,0,.250,.---,0,1,.520,0.50,9.00,12,"1.0 IP, 0 ER, K, 2 BB",1,0,18.00,3.00,0,.---,0
808743,Bryce Jenkins,2025,Scottsdale Scorpions,Glendale Desert Dogs,2025-10-30,True,True,825612,R,1,6,.211,0,0,6,0,0,0,.---,0,0,0,10.13,0,0,1,1,0,0,2,1.00,0,0,1,5.40,0,0,0.00,0,0,1.2,0,0,24,.167,.334,5,0,14.40,0,0.00,0,0,0,0,0,.167,.---,0,2,.670,-.--,10.80,16,"1.2 IP, 0 ER, 2 K, 0 BB",1,0,0.00,2.25,0,1.000,1
808743,Bryce Jenkins,2025,Scottsdale Scorpions,Mesa Solar Sox,2025-11-04,False,False,825596,R,0,3,.182,0,0,3,0,0,1,1.000,0,0,0,8.53,0,0,1,1,0,0,3,1.60,0,0,0,0.00,0,0,0.00,0,0,1.0,0,0,14,.000,.000,3,0,14.00,0,0.00,0,0,0,0,0,.000,.000,0,0,.430,-.--,0.00,6,"1.0 IP, 0 ER, 0 K, 0 BB",0,0,0.00,1.89,0,.---,0
808743,Bryce Jenkins,2025,Scottsdale Scorpions,Glendale Desert Dogs,2025-11-07,False,False,825655,R,0,3,.200,0,1,4,0,0,0,.000,0,0,1,8.59,0,0,1,1,0,0,1,1.80,0,0,1,9.00,0,0,0.00,0,0,1.0,0,0,21,.500,.833,3,0,21.00,1,9.00,0,0,0,0,0,.333,1.000,1,1,.570,1.00,9.00,12,"1.0 IP, ER, K, BB",1,0,9.00,1.91,0,.---,0
808743,Bryce Jenkins,2025,Scottsdale Scorpions,Glendale Desert Dogs,2025-11-11,True,False,825608,R,1,4,.207,0,1,5,0,0,0,.000,0,0,0,7.56,0,0,1,1,0,0,1,1.67,0,0,1,9.00,0,0,0.00,0,0,1.0,0,0,21,.400,.650,3,0,21.00,0,0.00,0,0,0,0,0,.250,1.000,1,1,.570,1.00,9.00,12,"1.0 IP, 0 ER, K, BB",1,0,9.00,1.92,0,.---,0
692243,Jaden Woods,2025,Salt River Rafters,Scottsdale Scorpions,2025-10-08,False,False,825619,R,1,4,.250,0,1,5,0,0,0,.---,0,1,0,0.00,0,0,1,1,0,0,2,2.00,0,0,1,9.00,0,0,0.00,2,2,1.0,0,0,16,.400,.900,3,0,16.00,0,0.00,0,0,0,0,0,.500,.---,0,0,.500,0.00,0.00,8,"1.0 IP, 0 ER, 0 K, BB",2,0,9.00,2.00,1,.---,0
692243,Jaden Woods,2025,Salt River Rafters,Peoria Javelinas,2025-10-10,False,False,825651,R,1,5,.333,0,0,5,0,0,0,.---,0,0,0,0.00,1,1,1,1,0,0,0,1.00,0,0,2,18.00,0,0,0.00,0,0,1.0,0,0,26,.400,.800,3,0,26.00,0,0.00,0,0,0,0,0,.400,.---,0,2,.620,-.--,18.00,16,"1.0 IP, 0 ER, 2 K, 0 BB",2,0,0.00,2.00,0,.---,0
692243,Jaden Woods,2025,Salt River Rafters,Scottsdale Scorpions,2025-10-15,False,True,825622,R,0,4,.308,0,0,4,0,0,0,.---,0,1,0,0.00,0,1,1,1,0,0,1,1.50,0,0,1,9.00,0,0,0.00,0,0,1.0,0,0,24,.250,.750,3,0,24.00,0,0.00,0,0,1,1,0,.500,.---,0,2,.750,-.--,18.00,18,"1.0 IP, 0 ER, 2 K, 0 BB",2,0,0.00,1.67,0,.---,0
692243,Jaden Woods,2025,Salt River Rafters,Peoria Javelinas,2025-10-17,True,False,825632,R,0,7,.400,0,0,7,0,0,0,.---,0,0,1,2.25,0,1,1,1,0,0,0,1.50,0,0,4,36.00,0,0,0.00,0,0,1.0,0,0,26,.571,1.142,3,0,26.00,1,9.00,0,0,0,0,0,.571,.---,0,3,.690,-.--,27.00,18,"1.0 IP, ER, 3 K, 0 BB",4,0,0.00,2.25,0,.---,0
692243,Jaden Woods,2025,Salt River Rafters,Mesa Solar Sox,2025-10-21,False,True,825601,R,3,5,.320,0,1,6,0,0,0,.---,0,0,0,1.50,1,1,1,1,0,1,1,0.80,0,0,0,0.00,0,0,0.00,0,0,2.0,0,0,23,.167,.167,6,0,11.50,0,0.00,0,0,1,1,0,.000,.---,0,1,.650,1.00,4.50,15,"2.0 IP, 0 ER, K, BB",0,0,4.50,1.67,0,.---,0
692243,Jaden Woods,2025,Salt River Rafters,Scottsdale Scorpions,2025-10-24,True,False,825629,R,0,6,.323,0,0,7,1,0,0,.---,0,0,1,2.45,0,0,1,1,0,0,3,1.40,1,1,2,13.50,0,1,6.75,3,0,1.1,0,0,23,.429,1.262,4,0,17.25,1,6.75,0,0,1,0,0,.833,.---,0,1,.570,-.--,6.75,13,"1.1 IP, ER, K, 0 BB",5,0,0.00,1.64,0,.---,0
692243,Jaden Woods,2025,Salt River Rafters,Mesa Solar Sox,2025-10-30,True,False,825627,R,3,6,.324,0,0,6,1,0,0,.000,0,1,2,4.32,1,0,1,1,0,0,1,1.00,0,0,2,18.00,0,1,9.00,0,0,1.0,0,1,21,.333,1.333,3,0,21.00,3,27.00,0,0,1,0,0,1.000,1.000,1,0,.570,-.--,0.00,12,"1.0 IP, 2 ER, 0 K, 0 BB",6,0,0.00,1.68,0,.000,0
692243,Jaden Woods,2025,Salt River Rafters,Surprise Saguaros,2025-11-04,False,False,825579,R,0,5,.357,0,2,7,0,0,0,.---,0,0,3,7.00,0,0,1,1,0,0,1,1.13,0,0,3,40.50,0,1,13.50,0,0,0.2,0,1,31,.714,1.914,2,0,46.50,4,54.00,0,0,0,0,0,1.200,.---,0,1,.610,0.50,13.50,19,"0.2 IP, 3 ER, K, 2 BB",6,0,27.00,2.11,0,.000,0
692243,Jaden Woods,2025,Salt River Rafters,Surprise Saguaros,2025-11-07,False,False,825576,R,0,4,.348,0,2,6,0,0,0,.---,0,0,0,6.52,0,0,1,1,0,0,2,1.38,0,0,1,13.50,0,0,0.00,3,3,0.2,0,0,25,.500,.750,2,0,37.50,2,27.00,0,0,0,0,0,.250,.---,0,1,.480,0.50,13.50,12,"0.2 IP, 0 ER, K, 2 BB",1,0,27.00,2.28,0,.---,0
695871,Jesús Broca,2025,Surprise Saguaros,Mesa Solar Sox,2025-10-15,True,True,825589,R,0,5,.200,1,2,7,0,0,0,.---,0,0,0,0.00,0,0,1,1,0,0,1,1.00,0,0,1,5.40,0,0,0.00,0,0,1.2,0,0,40,.429,.629,5,0,24.00,0,0.00,0,0,0,0,0,.200,.---,0,3,.600,1.50,16.20,24,"1.2 IP, 0 ER, 3 K, 2 BB",1,0,10.80,1.80,0,1.000,1
695871,Jesús Broca,2025,Surprise Saguaros,Scottsdale Scorpions,2025-10-22,True,True,825586,R,0,9,.071,0,1,10,0,0,0,.000,0,0,0,0.00,0,0,1,1,0,0,5,6.00,0,0,0,0.00,1,0,0.00,0,0,3.0,0,0,40,.100,.100,9,0,13.33,0,0.00,0,0,0,0,0,.000,1.000,1,4,.650,4.00,12.00,26,"3.0 IP, 0 ER, 4 K, BB",0,0,3.00,0.86,0,.---,0
695871,Jesús Broca,2025,Surprise Saguaros,Scottsdale Scorpions,2025-10-29,True,True,825583,R,0,10,.167,0,2,12,0,0,0,.---,0,1,2,2.57,0,0,1,1,0,0,3,9.00,0,0,3,11.57,0,2,7.71,3,0,2.1,0,0,51,.417,1.417,7,0,21.86,2,7.71,0,0,0,0,0,1.000,.---,0,4,.570,2.00,15.43,29,"2.1 IP, 2 ER, 4 K, 2 BB",10,0,7.71,1.29,0,.---,0
695871,Jesús Broca,2025,Surprise Saguaros,Scottsdale Scorpions,2025-11-05,True,False,825577,R,1,8,.188,0,0,9,0,0,0,.---,0,0,0,2.00,1,0,1,1,1,0,1,10.00,1,1,2,9.00,0,0,0.00,0,0,2.0,0,1,46,.333,.583,6,0,23.00,1,4.50,0,0,0,0,0,.250,.---,0,4,.630,-.--,18.00,29,"2.0 IP, 0 ER, 4 K, 0 BB",2,0,0.00,1.22,1,.000,0
695871,Jesús Broca,2025,Surprise Saguaros,Peoria Javelinas,2025-11-14,True,True,825572,W,1,7,.286,0,1,8,0,0,1,1.000,0,1,1,4.50,1,0,1,1,0,0,1,1.00,0,0,2,9.00,0,0,0.00,0,0,2.0,0,0,25,.375,1.089,6,1,12.50,1,4.50,0,0,0,0,0,.714,.000,0,3,.640,3.00,13.50,16,"2.0 IP, ER, 3 K, BB",5,1,4.50,1.50,0,.---,0
801725,Luis De León,2025,Peoria Javelinas,Mesa Solar Sox,2025-10-08,False,True,825606,R,0,13,.077,0,2,15,0,0,1,1.000,0,0,0,0.00,0,0,1,1,1,0,5,5.00,0,0,1,2.25,0,0,0.00,0,0,4.0,0,0,70,.200,.277,12,0,17.50,1,2.25,0,0,0,0,0,.077,.000,0,7,.600,3.50,15.75,42,"4.0 IP, 0 ER, 7 K, 2 BB",1,0,4.50,0.75,0,.---,0
801725,Luis De León,2025,Peoria Javelinas,Mesa Solar Sox,2025-10-16,False,True,825603,R,2,16,.138,0,2,18,0,0,0,.---,0,2,1,1.08,0,0,1,1,1,0,6,5.50,0,0,3,6.23,0,0,0.00,0,0,4.1,0,0,71,.278,.591,13,0,16.38,1,2.08,0,0,0,0,0,.313,.---,0,5,.580,2.50,10.38,41,"4.1 IP, ER, 5 K, 2 BB",5,0,4.15,0.96,0,1.000,1
801725,Luis De León,2025,Peoria Javelinas,Glendale Desert Dogs,2025-10-22,True,True,825643,R,2,10,.128,0,4,14,0,0,0,.---,0,1,3,3.18,1,0,1,1,1,1,4,3.75,0,0,1,3.00,0,0,0.00,0,0,3.0,0,0,64,.357,.557,9,0,21.33,3,9.00,0,0,0,0,0,.200,.---,0,3,.470,0.75,9.00,30,"3.0 IP, 3 ER, 3 K, 4 BB",2,0,12.00,1.15,0,.---,0
801725,Luis De León,2025,Peoria Javelinas,Salt River Rafters,2025-10-29,False,True,825628,R,1,9,.167,0,3,13,0,0,0,.---,0,0,1,3.14,1,0,1,1,1,2,3,3.60,0,0,3,9.00,0,0,0.00,0,0,3.0,0,0,50,.462,.795,9,0,16.67,1,3.00,0,1,0,0,0,.333,.---,0,3,.560,1.00,9.00,28,"3.0 IP, ER, 3 K, 3 BB",3,0,9.00,1.33,0,1.000,1
801725,Luis De León,2025,Peoria Javelinas,Glendale Desert Dogs,2025-11-04,False,False,825657,R,2,8,.179,0,1,9,0,0,0,.---,0,1,0,2.76,0,0,1,1,1,0,0,2.57,0,0,2,9.00,0,0,0.00,0,0,2.0,0,0,36,.333,.708,6,0,18.00,0,0.00,0,0,0,0,0,.375,.---,0,4,.640,4.00,18.00,23,"2.0 IP, 0 ER, 4 K, BB",3,0,4.50,1.35,1,.---,0
703596,Karson Milbrandt,2025,Mesa Solar Sox,Peoria Javelinas,2025-10-08,True,False,825606,R,3,14,.286,0,2,16,1,0,0,.---,0,0,3,7.36,2,0,1,1,0,1,3,1.00,0,0,4,9.82,0,2,4.91,0,0,3.2,0,0,58,.375,1.089,11,0,15.82,3,7.36,0,0,1,0,0,.714,.---,0,4,.620,2.00,9.82,36,"3.2 IP, 3 ER, 4 K, 2 BB",10,0,4.91,1.64,0,.---,0
703596,Karson Milbrandt,2025,Mesa Solar Sox,Peoria Javelinas,2025-10-16,True,False,825603,R,2,10,.208,0,3,13,0,0,0,.000,0,0,1,5.40,1,0,1,1,1,0,0,0.60,0,0,1,3.00,0,0,0.00,0,0,3.0,0,1,60,.308,.408,9,0,20.00,1,3.00,0,0,0,0,0,.100,1.000,3,7,.630,2.33,21.00,38,"3.0 IP, ER, 7 K, 3 BB",1,0,9.00,1.50,0,.000,0
703596,Karson Milbrandt,2025,Mesa Solar Sox,Surprise Saguaros,2025-10-23,True,False,825600,R,0,9,.182,0,2,11,0,0,0,.---,0,0,1,4.82,0,0,1,1,0,0,1,0.80,0,0,1,3.38,0,0,0.00,0,0,2.2,0,0,59,.273,.384,8,0,22.13,1,3.38,0,0,0,0,0,.111,.---,0,7,.560,3.50,23.63,33,"2.2 IP, ER, 7 K, 2 BB",1,0,6.75,1.39,0,.---,0
703596,Karson Milbrandt,2025,Mesa Solar Sox,Surprise Saguaros,2025-10-31,False,True,825582,R,1,10,.163,0,1,13,0,0,0,.---,0,0,2,5.11,1,0,1,1,1,0,5,1.50,2,2,1,3.00,0,0,0.00,0,0,3.0,0,0,53,.308,.408,9,0,17.67,2,6.00,0,0,0,0,0,.100,.---,0,3,.640,3.00,9.00,34,"3.0 IP, 2 ER, 3 K, BB",1,0,3.00,1.22,2,1.000,1
703596,Karson Milbrandt,2025,Mesa Solar Sox,Scottsdale Scorpions,2025-11-06,True,False,825593,R,1,4,.170,0,0,4,0,0,0,.---,0,0,0,4.73,0,0,1,1,0,0,0,1.29,0,0,1,9.00,0,0,0.00,0,0,1.0,0,0,15,.250,.500,3,0,15.00,0,0.00,0,0,0,0,0,.250,.---,0,2,.670,-.--,18.00,10,"1.0 IP, 0 ER, 2 K, 0 BB",1,0,0.00,1.20,1,.---,0
814106,Cade Denton,2025,Salt River Rafters,Glendale Desert Dogs,2025-10-07,True,True,825635,R,0,1,.000,0,0,1,0,0,0,.---,0,0,0,0.00,0,0,1,1,0,1,1,1.00,0,0,0,0.00,0,0,0.00,2,0,0.2,0,0,5,.000,.000,2,0,7.50,0,0.00,0,0,0,0,0,.000,.---,0,0,.600,-.--,0.00,3,"0.2 IP, 0 ER, 0 K, 0 BB",0,0,0.00,0.00,0,.---,0
814106,Cade Denton,2025,Salt River Rafters,Peoria Javelinas,2025-10-10,False,False,825651,R,1,4,.000,0,1,5,0,0,0,.---,0,0,0,0.00,1,0,1,1,0,0,1,2.00,0,0,0,0.00,0,0,0.00,2,0,1.1,0,0,32,.200,.200,4,0,24.00,0,0.00,0,0,0,0,0,.000,.---,0,2,.630,2.00,13.50,20,"1.1 IP, 0 ER, 2 K, BB",0,0,6.75,0.50,0,.---,0
814106,Cade Denton,2025,Salt River Rafters,Surprise Saguaros,2025-10-16,True,False,825633,R,0,5,.200,0,2,8,1,0,0,.---,0,0,5,15.00,0,0,1,1,0,0,0,2.00,1,1,2,18.00,0,1,9.00,2,2,1.0,0,1,35,.625,1.625,3,0,35.00,5,45.00,0,0,1,0,0,1.000,.---,0,3,.510,1.50,27.00,18,"1.0 IP, 5 ER, 3 K, 2 BB",5,0,18.00,1.67,1,.000,0
814106,Cade Denton,2025,Salt River Rafters,Glendale Desert Dogs,2025-10-19,False,True,825647,R,2,10,.100,0,0,10,0,0,0,.---,0,0,0,7.50,1,0,1,1,0,0,5,2.33,0,0,0,0.00,1,0,0.00,0,0,3.0,0,0,36,.000,.000,9,0,12.00,0,0.00,0,0,0,0,0,.000,.---,0,3,.670,-.--,9.00,24,"3.0 IP, 0 ER, 3 K, 0 BB",0,0,0.00,0.83,0,.---,0
814106,Cade Denton,2025,Salt River Rafters,Scottsdale Scorpions,2025-10-24,True,False,825629,R,0,8,.143,0,0,8,0,0,0,.---,0,0,0,5.63,0,0,1,1,0,0,0,2.33,0,0,2,9.00,0,0,0.00,3,0,2.0,0,0,28,.250,.500,6,0,14.00,0,0.00,0,0,0,0,0,.250,.---,0,6,.750,-.--,27.00,21,"2.0 IP, 0 ER, 6 K, 0 BB",2,0,0.00,0.88,0,.---,0
814106,Cade Denton,2025,Salt River Rafters,Scottsdale Scorpions,2025-11-01,False,False,825611,R,2,11,.154,0,1,12,0,0,0,.---,0,0,0,4.22,1,0,1,1,0,0,4,2.20,0,0,2,6.75,0,0,0.00,0,0,2.2,0,0,50,.250,.432,8,0,18.75,0,0.00,0,0,0,0,0,.182,.---,0,3,.540,3.00,10.13,27,"2.2 IP, 0 ER, 3 K, BB",2,0,3.38,0.94,0,.---,0
814106,Cade Denton,2025,Salt River Rafters,Peoria Javelinas,2025-11-05,True,True,825625,R,2,7,.152,0,0,7,0,0,1,1.000,0,0,0,3.46,1,0,1,1,0,0,3,2.00,0,0,1,3.86,0,0,0.00,1,0,2.1,0,0,22,.143,.286,7,0,9.43,0,0.00,0,0,0,0,0,.143,.000,0,1,.680,-.--,3.86,15,"2.1 IP, 0 ER, K, 0 BB",1,0,0.00,0.85,0,1.000,1
814106,Cade Denton,2025,Salt River Rafters,Mesa Solar Sox,2025-11-12,False,False,825574,D,2,10,.200,0,0,10,0,0,0,.---,0,1,0,0.00,1,1,1,1,0,0,3,1.50,0,0,2,6.00,0,0,0.00,0,0,3.0,0,0,42,.200,.500,9,1,14.00,0,0.00,0,0,0,0,0,.300,.---,0,3,.690,-.--,9.00,29,"3.0 IP, 0 ER, 3 K, 0 BB",3,0,0.00,0.67,0,.---,0
694725,Michael Fowler,2025,Surprise Saguaros,Mesa Solar Sox,2025-10-07,False,True,825607,R,1,3,.000,0,0,3,0,0,0,.---,0,0,0,0.00,0,0,1,1,0,0,1,1.00,0,0,0,0.00,0,0,0.00,0,0,1.0,0,0,16,.000,.000,3,0,16.00,0,0.00,0,0,0,0,0,.000,.---,0,1,.690,-.--,9.00,11,"1.0 IP, 0 ER, K, 0 BB",0,0,0.00,0.00,0,.---,0
694725,Michael Fowler,2025,Surprise Saguaros,Salt River Rafters,2025-10-16,False,True,825633,R,1,6,.000,0,0,6,0,0,0,.---,0,0,0,0.00,1,1,1,1,0,0,1,1.00,0,0,0,0.00,0,0,0.00,0,0,2.0,0,0,24,.000,.000,6,0,12.00,0,0.00,0,0,1,1,0,.000,.---,0,4,.670,-.--,18.00,16,"2.0 IP, 0 ER, 4 K, 0 BB",0,0,0.00,0.00,0,.---,0
694725,Michael Fowler,2025,Surprise Saguaros,Glendale Desert Dogs,2025-10-21,True,True,825581,R,1,3,.083,0,3,6,0,0,0,.---,0,0,0,0.00,1,0,1,1,0,0,0,0.67,0,0,1,9.00,1,0,0.00,0,0,1.0,0,0,25,.667,1.000,3,0,25.00,0,0.00,0,0,0,0,0,.333,.---,0,1,.320,0.33,9.00,8,"1.0 IP, 0 ER, K, 3 BB",1,0,27.00,1.00,0,.---,0
694725,Michael Fowler,2025,Surprise Saguaros,Mesa Solar Sox,2025-10-25,True,False,825585,R,1,4,.125,0,0,4,0,0,0,.---,0,0,0,0.00,0,1,1,1,0,0,1,0.75,0,0,1,9.00,0,0,0.00,0,0,1.0,0,1,19,.250,.500,3,0,19.00,1,9.00,0,0,0,0,0,.250,.---,0,1,.580,-.--,9.00,11,"1.0 IP, 0 ER, K, 0 BB",1,0,0.00,1.00,0,.000,0
694725,Michael Fowler,2025,Surprise Saguaros,Peoria Javelinas,2025-11-01,True,True,825578,R,0,3,.105,0,2,5,0,0,0,.000,0,0,0,0.00,0,0,1,1,0,0,2,1.25,0,0,0,0.00,1,0,0.00,0,0,1.0,0,0,20,.400,.400,3,0,20.00,0,0.00,0,0,0,0,0,.000,1.000,1,1,.400,0.50,9.00,8,"1.0 IP, 0 ER, K, 2 BB",0,0,18.00,1.17,0,.---,0
694725,Michael Fowler,2025,Surprise Saguaros,Scottsdale Scorpions,2025-11-05,True,False,825577,R,2,5,.167,0,0,5,0,0,0,.---,0,1,0,0.00,2,1,1,1,0,0,1,1.00,0,0,2,18.00,0,0,0.00,0,0,1.0,0,0,17,.400,1.000,3,0,17.00,0,0.00,0,0,0,0,0,.600,.---,0,0,.650,-.--,0.00,11,"1.0 IP, 0 ER, 0 K, 0 BB",3,0,0.00,1.29,0,.---,0
681410,Connor McCullough,2025,Glendale Desert Dogs,Surprise Saguaros,2025-10-08,False,False,825591,R,4,9,.111,0,0,9,0,0,0,.---,0,0,1,3.38,4,0,1,1,0,0,0,0.00,0,0,1,3.38,0,1,3.38,0,0,2.2,0,0,48,.111,.555,8,0,18.00,1,3.38,0,0,0,0,0,.444,.---,0,4,.630,-.--,13.50,30,"2.2 IP, ER, 4 K, 0 BB",4,0,0.00,0.38,0,.---,0
681410,Connor McCullough,2025,Glendale Desert Dogs,Scottsdale Scorpions,2025-10-16,False,False,825621,R,1,12,.143,0,1,14,1,0,0,.---,0,0,4,7.94,1,0,1,1,0,0,6,1.20,1,1,2,6.00,0,1,3.00,0,0,3.0,0,1,48,.286,.703,9,0,16.00,5,15.00,0,0,1,0,0,.417,.---,0,3,.540,3.00,9.00,26,"3.0 IP, 4 ER, 3 K, BB",5,0,3.00,0.71,1,.000,0
681410,Connor McCullough,2025,Glendale Desert Dogs,Peoria Javelinas,2025-10-22,False,False,825643,R,0,5,.231,0,2,7,0,0,0,.000,0,1,4,12.79,0,0,1,1,0,0,0,1.20,0,0,3,40.50,0,0,0.00,0,0,0.2,0,1,30,.714,1.514,2,0,45.00,4,54.00,0,0,0,0,0,.800,1.000,1,2,.530,1.00,27.00,16,"0.2 IP, 4 ER, 2 K, 2 BB",4,0,27.00,1.42,0,.000,0
691028,Nate Wohlgemuth,2025,Scottsdale Scorpions,Glendale Desert Dogs,2025-10-09,False,False,825666,R,3,5,.200,0,1,8,0,0,0,.---,0,0,0,0.00,3,0,1,1,0,0,1,0.33,1,1,1,5.40,0,0,0.00,3,2,1.2,0,0,29,.375,.575,5,0,17.40,0,0.00,0,1,0,0,0,.200,.---,0,1,.590,1.00,5.40,17,"1.2 IP, 0 ER, K, BB",1,0,5.40,1.20,0,.---,0
691028,Nate Wohlgemuth,2025,Scottsdale Scorpions,Glendale Desert Dogs,2025-10-16,True,True,825621,R,1,2,.143,0,0,2,0,0,0,.---,0,0,0,0.00,1,1,1,1,0,0,0,0.25,0,0,0,0.00,0,0,0.00,3,0,0.2,0,0,7,.000,.000,2,0,10.50,0,0.00,0,0,1,1,0,.000,.---,0,1,.710,-.--,13.50,5,"0.2 IP, 0 ER, K, 0 BB",0,0,0.00,0.86,0,.---,0
691028,Nate Wohlgemuth,2025,Scottsdale Scorpions,Surprise Saguaros,2025-10-18,True,True,825614,R,1,3,.200,0,0,3,0,0,0,.---,0,0,0,0.00,1,1,1,1,0,0,0,0.20,0,0,1,13.50,0,0,0.00,2,0,0.2,0,0,10,.333,.666,2,0,15.00,0,0.00,0,0,0,0,0,.333,.---,0,1,.700,-.--,13.50,7,"0.2 IP, 0 ER, K, 0 BB",1,0,0.00,1.00,0,.---,0
691028,Nate Wohlgemuth,2025,Scottsdale Scorpions,Surprise Saguaros,2025-10-22,False,False,825586,R,0,5,.400,0,1,6,0,0,0,.000,0,0,5,13.50,0,0,1,1,0,0,1,0.40,0,0,4,108.00,0,1,27.00,0,0,0.1,0,0,33,.833,2.233,1,0,99.00,5,135.00,0,0,0,0,0,1.400,1.000,2,0,.550,0.00,0.00,18,"0.1 IP, 5 ER, 0 K, BB",7,0,27.00,2.40,0,.---,0
691028,Nate Wohlgemuth,2025,Scottsdale Scorpions,Glendale Desert Dogs,2025-10-30,True,True,825612,R,0,4,.421,0,1,5,0,0,1,1.000,0,0,0,10.38,0,1,1,1,0,0,0,0.40,0,0,2,18.00,0,0,0.00,0,0,1.0,0,0,16,.600,1.100,3,0,16.00,0,0.00,0,0,0,0,0,.500,.000,0,2,.690,2.00,18.00,11,"1.0 IP, 0 ER, 2 K, BB",2,0,9.00,2.54,0,.---,0
691028,Nate Wohlgemuth,2025,Scottsdale Scorpions,Mesa Solar Sox,2025-11-04,False,False,825596,R,0,7,.462,0,2,9,0,0,0,.---,0,1,4,15.19,0,1,1,1,0,0,2,0.80,0,0,4,36.00,0,0,0.00,0,0,1.0,0,0,25,.667,1.381,3,0,25.00,4,36.00,0,0,0,0,0,.714,.---,0,1,.480,0.50,9.00,12,"1.0 IP, 4 ER, K, 2 BB",5,0,18.00,3.19,1,.---,0
691028,Nate Wohlgemuth,2025,Scottsdale Scorpions,Glendale Desert Dogs,2025-11-07,False,False,825655,R,0,5,.484,0,4,9,0,0,0,.---,0,1,4,19.50,0,0,1,1,0,0,2,1.20,0,0,3,40.50,0,1,13.50,0,0,0.2,0,0,33,.778,2.178,2,0,49.50,4,54.00,0,0,0,0,0,1.400,.---,0,0,.390,0.00,0.00,13,"0.2 IP, 4 ER, 0 K, 4 BB",7,0,54.00,4.00,2,.---,0
691028,Nate Wohlgemuth,2025,Scottsdale Scorpions,Glendale Desert Dogs,2025-11-11,True,False,825608,R,0,1,.469,0,4,5,0,0,0,.---,0,0,4,24.16,0,0,1,1,0,0,1,1.40,0,0,0,0.00,0,0,0.00,0,0,0.1,0,1,24,.800,.800,1,0,72.00,4,108.00,0,0,0,0,0,.000,.---,0,0,.250,0.00,0.00,6,"0.1 IP, 4 ER, 0 K, 4 BB",0,0,108.00,4.42,3,.000,0
701908,David Hagaman,2025,Salt River Rafters,Mesa Solar Sox,2025-10-09,True,False,825637,R,1,10,.100,0,0,10,0,0,0,.---,0,1,0,0.00,0,0,1,1,1,0,3,3.00,0,0,1,3.00,0,0,0.00,0,0,3.0,0,0,43,.100,.300,9,0,14.33,0,0.00,0,0,0,0,0,.200,.---,0,5,.700,-.--,15.00,30,"3.0 IP, 0 ER, 5 K, 0 BB",2,0,0.00,0.33,0,.---,0
701908,David Hagaman,2025,Salt River Rafters,Peoria Javelinas,2025-10-17,True,False,825632,R,1,11,.238,0,1,12,0,0,0,.---,0,1,2,3.18,1,0,1,1,1,1,4,3.50,0,0,4,13.50,0,0,0.00,0,0,2.2,0,1,52,.417,.872,8,0,19.50,3,10.13,0,0,0,0,0,.455,.---,0,2,.620,2.00,6.75,32,"2.2 IP, 2 ER, 2 K, BB",5,0,3.38,1.06,0,.000,0
701908,David Hagaman,2025,Salt River Rafters,Scottsdale Scorpions,2025-10-24,True,False,825629,R,0,3,.250,0,3,6,0,0,0,.---,0,0,1,4.26,0,0,1,1,1,0,0,3.50,0,0,1,13.50,0,0,0.00,0,0,0.2,0,0,31,.667,1.000,2,0,46.50,1,13.50,0,0,0,0,0,.333,.---,0,2,.390,0.67,27.00,12,"0.2 IP, ER, 2 K, 3 BB",1,0,40.50,1.58,0,.---,0
701908,David Hagaman,2025,Salt River Rafters,Scottsdale Scorpions,2025-10-31,True,False,825626,R,2,10,.265,0,3,13,0,0,0,.000,0,1,2,5.00,1,0,1,1,1,1,2,2.25,0,0,3,10.13,0,1,3.38,0,0,2.2,0,1,51,.462,1.162,8,0,19.13,2,6.75,0,0,0,0,0,.700,1.000,1,3,.530,1.00,10.13,27,"2.2 IP, 2 ER, 3 K, 3 BB",7,0,10.13,1.78,0,.000,0
701908,David Hagaman,2025,Salt River Rafters,Surprise Saguaros,2025-11-07,False,False,825576,R,3,11,.244,0,0,11,0,0,0,.000,0,1,1,4.50,3,0,1,1,0,0,4,1.86,0,0,2,6.00,0,0,0.00,0,0,3.0,0,0,39,.182,.455,9,0,13.00,1,3.00,0,0,0,0,0,.273,1.000,1,2,.690,-.--,6.00,27,"3.0 IP, ER, 2 K, 0 BB",3,0,0.00,1.50,0,.---,0
814803,Logan Martin,2025,Surprise Saguaros,Glendale Desert Dogs,2025-10-08,True,True,825591,R,3,9,.111,0,1,10,0,0,1,.500,0,0,0,0.00,3,0,1,1,1,0,4,1.33,0,0,1,3.00,0,0,0.00,0,0,3.0,0,0,39,.200,.311,9,1,13.00,0,0.00,0,0,0,0,0,.111,.500,1,1,.560,1.00,3.00,22,"3.0 IP, 0 ER, K, BB",1,0,3.00,0.67,0,.---,0
814803,Logan Martin,2025,Surprise Saguaros,Glendale Desert Dogs,2025-10-17,True,False,825587,R,1,11,.250,0,3,14,0,0,0,.000,0,1,3,4.76,0,0,1,1,1,1,6,2.50,0,0,4,13.50,0,0,0.00,0,0,2.2,0,1,56,.500,.955,8,0,21.00,4,13.50,0,0,0,0,0,.455,1.000,1,0,.520,0.00,0.00,29,"2.2 IP, 3 ER, 0 K, 3 BB",5,0,10.13,1.59,0,.000,0
814803,Logan Martin,2025,Surprise Saguaros,Mesa Solar Sox,2025-10-25,True,False,825585,R,0,9,.345,0,2,11,0,0,1,1.000,0,0,6,11.05,0,0,1,1,1,0,2,3.00,0,0,5,27.00,0,1,5.40,0,0,1.2,0,0,45,.636,1.525,5,1,27.00,6,32.40,0,0,0,0,0,.889,.000,0,2,.560,1.00,10.80,25,"1.2 IP, 6 ER, 2 K, 2 BB",8,0,10.80,2.18,0,.---,0
814803,Logan Martin,2025,Surprise Saguaros,Mesa Solar Sox,2025-10-31,True,False,825582,R,2,6,.400,0,1,8,0,0,0,.---,0,0,3,13.50,1,0,1,1,1,0,1,2.17,0,0,4,54.00,0,1,13.50,0,0,0.2,0,1,30,.625,1.792,2,0,45.00,6,81.00,0,1,0,0,0,1.167,.---,0,0,.600,0.00,0.00,18,"0.2 IP, 3 ER, 0 K, BB",7,0,13.50,2.63,0,.000,0
814803,Logan Martin,2025,Surprise Saguaros,Salt River Rafters,2025-11-07,True,True,825576,R,4,11,.348,0,1,12,0,0,0,.000,0,0,0,9.82,1,0,1,1,1,0,2,1.50,0,0,2,6.00,0,0,0.00,0,0,3.0,0,0,50,.250,.432,9,0,16.67,0,0.00,0,0,0,0,0,.182,1.000,1,3,.520,3.00,9.00,26,"3.0 IP, 0 ER, 3 K, BB",2,0,3.00,2.18,0,1.000,1
814803,Logan Martin,2025,Surprise Saguaros,Peoria Javelinas,2025-11-14,True,True,825572,W,0,4,.250,0,1,5,0,0,0,.---,0,0,1,9.00,0,0,1,1,1,0,1,1.00,0,0,1,9.00,0,0,0.00,0,0,1.0,0,0,30,.400,.650,3,0,30.00,1,9.00,0,0,0,0,0,.250,.---,0,2,.530,2.00,18.00,16,"1.0 IP, ER, 2 K, BB",1,0,9.00,2.00,3,.---,0
820901,Anderson Brito,2025,Scottsdale Scorpions,Mesa Solar Sox,2025-10-10,True,True,825620,R,2,10,.200,0,3,13,0,0,0,.000,0,0,2,6.75,2,0,1,1,1,0,1,0.50,0,0,2,6.75,0,0,0.00,0,0,2.2,0,0,52,.385,.585,8,0,19.50,2,6.75,0,0,0,0,0,.200,1.000,2,5,.600,1.67,16.88,31,"2.2 IP, 2 ER, 5 K, 3 BB",2,0,10.13,1.88,1,.---,0
820901,Anderson Brito,2025,Scottsdale Scorpions,Mesa Solar Sox,2025-10-17,False,True,825595,R,0,9,.105,0,2,11,0,0,0,.---,0,0,0,3.18,0,0,1,1,1,0,1,1.00,0,0,0,0.00,0,0,0.00,0,0,3.0,0,0,51,.182,.182,9,0,17.00,0,0.00,0,0,0,0,0,.000,.---,0,8,.610,4.00,24.00,31,"3.0 IP, 0 ER, 8 K, 2 BB",0,0,6.00,1.24,0,1.000,1
820901,Anderson Brito,2025,Scottsdale Scorpions,Salt River Rafters,2025-10-24,False,True,825629,R,0,11,.200,0,1,13,1,0,0,.000,0,0,3,5.40,0,0,1,1,0,0,3,2.50,1,1,4,13.50,0,1,3.38,0,0,2.2,0,0,55,.462,1.098,8,0,20.63,3,10.13,0,0,1,0,0,.636,1.000,3,4,.620,4.00,13.50,34,"2.2 IP, 3 ER, 4 K, BB",7,0,3.38,1.44,0,.---,0
820901,Anderson Brito,2025,Scottsdale Scorpions,Salt River Rafters,2025-10-31,False,True,825626,R,3,9,.154,0,1,10,0,0,0,.000,0,0,0,3.97,1,0,1,1,1,0,1,1.20,0,0,0,0.00,0,0,0.00,0,0,3.0,0,0,41,.100,.100,9,0,13.67,1,3.00,0,0,0,0,0,.000,1.000,1,5,.610,5.00,15.00,25,"3.0 IP, 0 ER, 5 K, BB",0,0,3.00,1.15,0,1.000,1
813895,Corey Avant,2025,Mesa Solar Sox,Salt River Rafters,2025-10-09,False,True,825637,R,0,13,.308,0,2,15,0,0,0,.000,0,0,1,3.00,0,0,1,1,1,0,2,2.00,0,0,4,12.00,0,0,0.00,0,0,3.0,0,0,60,.400,.708,9,0,20.00,1,3.00,0,0,0,0,0,.308,1.000,1,7,.650,3.50,21.00,39,"3.0 IP, ER, 7 K, 2 BB",4,0,6.00,2.00,0,.---,0
813895,Corey Avant,2025,Mesa Solar Sox,Scottsdale Scorpions,2025-10-17,True,False,825595,R,0,5,.389,0,1,7,0,0,0,.000,0,0,4,12.27,0,0,1,1,1,0,0,2.00,1,1,3,40.50,0,1,13.50,0,0,0.2,0,1,38,.714,1.914,2,0,57.00,4,54.00,0,0,0,0,0,1.200,1.000,1,2,.550,2.00,27.00,21,"0.2 IP, 4 ER, 2 K, BB",6,0,13.50,2.73,1,.000,0
813895,Corey Avant,2025,Mesa Solar Sox,Salt River Rafters,2025-10-22,False,False,825631,R,3,9,.407,0,1,10,0,0,0,.000,0,0,2,11.12,0,0,1,1,0,1,2,1.33,0,0,4,18.00,0,0,0.00,0,0,2.0,0,0,37,.500,.944,6,0,18.50,2,9.00,0,0,0,0,0,.444,1.000,1,0,.650,0.00,0.00,24,"2.0 IP, 2 ER, 0 K, BB",4,0,4.50,2.65,0,.---,0
813895,Corey Avant,2025,Mesa Solar Sox,Surprise Saguaros,2025-10-25,False,True,825585,R,3,6,.394,0,2,9,0,0,1,1.000,0,1,2,10.57,2,0,1,1,0,0,1,0.83,0,0,2,9.00,0,0,0.00,0,0,2.0,0,0,44,.444,.944,6,0,22.00,2,9.00,0,1,0,0,0,.500,.000,0,1,.480,0.50,4.50,21,"2.0 IP, 2 ER, K, 2 BB",3,0,9.00,2.48,0,.---,0
813895,Corey Avant,2025,Mesa Solar Sox,Salt River Rafters,2025-10-30,False,True,825627,R,2,10,.349,0,3,14,1,0,1,.500,0,2,2,9.28,2,0,1,1,0,0,4,1.13,0,0,2,6.00,0,0,0.00,0,0,3.0,0,0,60,.357,.757,9,0,20.00,3,9.00,0,1,1,0,0,.400,.500,1,3,.500,1.00,9.00,30,"3.0 IP, 2 ER, 3 K, 3 BB",4,0,9.00,2.25,0,.---,0
813895,Corey Avant,2025,Mesa Solar Sox,Glendale Desert Dogs,2025-11-05,True,False,825594,R,1,9,.404,0,2,11,0,0,0,.000,0,3,6,12.41,0,0,1,1,1,1,2,1.22,0,0,6,32.40,0,1,5.40,0,0,1.2,0,1,49,.727,2.060,5,0,29.40,6,32.40,0,0,0,0,0,1.333,1.000,1,0,.650,0.00,0.00,32,"1.2 IP, 6 ER, 0 K, 2 BB",12,0,10.80,2.59,1,.000,0
687020,Mason Auer,2025,Mesa Solar Sox,Surprise Saguaros,2025-10-07,True,False,825607,R,1,2,1.000,0,2,5,0,0,0,.---,0,0,3,81.00,1,0,1,1,0,0,0,0.00,0,0,2,54.00,0,0,0.00,0,0,0.1,0,0,26,.800,1.800,1,0,78.00,3,81.00,0,1,0,0,0,1.000,.---,0,0,.500,0.00,0.00,13,"0.1 IP, 3 ER, 0 K, 2 BB",2,0,54.00,12.00,0,.---,0
687020,Mason Auer,2025,Mesa Solar Sox,Peoria Javelinas,2025-10-16,True,False,825603,R,0,1,.667,0,0,1,0,0,0,.---,0,0,0,40.50,0,0,1,1,0,0,1,1.00,0,0,0,0.00,0,0,0.00,3,0,0.1,0,0,1,.000,.000,1,0,3.00,0,0.00,0,0,0,0,0,.000,.---,0,0,1.000,-.--,0.00,1,"0.1 IP, 0 ER, 0 K, 0 BB",0,0,0.00,6.00,0,.---,0
687020,Mason Auer,2025,Mesa Solar Sox,Glendale Desert Dogs,2025-10-18,False,True,825663,R,1,2,.400,0,0,3,1,0,0,.---,0,0,0,16.20,0,0,1,1,0,0,0,0.50,0,0,0,0.00,0,0,0.00,3,2,1.0,0,0,15,.000,.000,3,0,15.00,0,0.00,0,1,1,0,0,.000,.---,0,2,.600,-.--,18.00,9,"1.0 IP, 0 ER, 2 K, 0 BB",0,0,0.00,2.40,1,1.000,1
687020,Mason Auer,2025,Mesa Solar Sox,Salt River Rafters,2025-10-22,False,False,825631,R,0,6,.545,0,2,8,0,0,0,.---,0,0,3,23.14,0,0,1,1,0,0,0,0.50,0,0,4,54.00,0,0,0.00,0,0,0.2,0,0,36,.750,1.417,2,0,54.00,3,40.50,0,0,0,0,0,.667,.---,0,2,.440,1.00,27.00,16,"0.2 IP, 3 ER, 2 K, 2 BB",4,0,27.00,4.29,0,.---,0
687020,Mason Auer,2025,Mesa Solar Sox,Surprise Saguaros,2025-10-25,False,True,825585,R,1,3,.500,0,0,3,0,0,0,.---,0,0,0,18.00,1,0,1,1,0,0,0,0.33,0,0,1,13.50,1,0,0.00,3,2,0.2,0,0,13,.333,.666,2,0,19.50,0,0.00,0,0,0,0,0,.333,.---,0,1,.690,-.--,13.50,9,"0.2 IP, 0 ER, K, 0 BB",1,0,0.00,3.67,0,.---,0
687020,Mason Auer,2025,Mesa Solar Sox,Surprise Saguaros,2025-10-31,False,True,825582,R,1,5,.474,0,2,7,0,0,0,.---,0,0,0,14.73,0,0,1,1,0,0,1,0.50,0,0,2,27.00,0,0,0.00,0,0,0.2,0,0,26,.571,.971,2,0,39.00,3,40.50,0,0,0,0,0,.400,.---,0,1,.500,0.50,13.50,13,"0.2 IP, 0 ER, K, 2 BB",2,0,27.00,4.09,0,.---,0
687020,Mason Auer,2025,Mesa Solar Sox,Scottsdale Scorpions,2025-11-04,True,True,825596,R,2,3,.455,0,1,6,0,0,0,.---,0,1,2,16.62,0,1,1,1,0,0,0,0.33,2,2,1,13.50,0,0,0.00,0,0,0.2,0,0,23,.667,1.334,2,0,34.50,2,27.00,0,0,0,0,0,.667,.---,0,0,.430,0.00,0.00,10,"0.2 IP, 2 ER, 0 K, BB",2,0,13.50,3.92,0,.---,0
687020,Mason Auer,2025,Mesa Solar Sox,Glendale Desert Dogs,2025-11-10,False,True,825653,R,2,4,.423,0,0,4,0,0,0,.000,0,1,0,13.50,1,0,1,1,0,0,0,0.25,0,0,1,9.00,0,0,0.00,0,0,1.0,0,0,19,.250,.750,3,0,19.00,0,0.00,0,0,0,0,0,.500,1.000,1,1,.630,-.--,9.00,12,"1.0 IP, 0 ER, K, 0 BB",2,0,0.00,3.38,0,.---,0
830485,Trent Buchanan,2025,Glendale Desert Dogs,Scottsdale Scorpions,2025-10-09,True,True,825666,R,2,8,.500,0,0,8,0,0,0,.---,0,3,3,20.25,1,0,1,1,0,0,0,0.00,0,0,4,27.00,0,0,0.00,0,0,1.1,0,0,33,.500,1.375,4,0,24.75,3,20.25,0,0,0,0,0,.875,.---,0,2,.640,-.--,13.50,21,"1.1 IP, 3 ER, 2 K, 0 BB",7,0,0.00,3.00,0,.---,0
830485,Trent Buchanan,2025,Glendale Desert Dogs,Mesa Solar Sox,2025-10-18,True,False,825663,R,1,2,.600,0,2,6,1,0,0,.---,0,2,3,32.40,1,0,1,1,0,0,0,0.00,1,1,2,54.00,0,0,0.00,0,0,0.1,0,1,29,.833,2.833,1,0,87.00,3,81.00,0,1,1,0,0,2.000,.---,0,0,.450,0.00,0.00,13,"0.1 IP, 3 ER, 0 K, 2 BB",4,0,54.00,4.80,0,.000,0
830485,Trent Buchanan,2025,Glendale Desert Dogs,Surprise Saguaros,2025-10-21,False,False,825581,R,1,3,.462,0,1,4,0,0,0,.000,0,0,0,20.25,0,0,1,1,0,0,1,0.25,0,0,0,0.00,0,0,0.00,0,0,1.0,0,0,14,.250,.250,3,0,14.00,0,0.00,0,0,0,0,0,.000,1.000,1,1,.570,1.00,9.00,8,"1.0 IP, 0 ER, K, BB",0,0,9.00,3.38,0,.---,0
830485,Trent Buchanan,2025,Glendale Desert Dogs,Peoria Javelinas,2025-10-25,True,False,825662,R,0,3,.438,0,1,4,0,0,0,.---,0,1,0,18.00,0,0,1,1,0,0,1,0.50,0,0,1,27.00,0,0,0.00,2,2,0.1,0,0,15,.500,1.167,1,0,45.00,1,27.00,0,0,0,0,0,.667,.---,0,1,.600,1.00,27.00,9,"0.1 IP, 0 ER, K, BB",2,0,27.00,3.67,0,.---,0
830485,Trent Buchanan,2025,Glendale Desert Dogs,Mesa Solar Sox,2025-10-28,False,False,825599,R,1,2,.444,0,1,3,0,0,0,.---,0,0,0,16.20,0,0,1,1,0,0,0,0.40,0,0,1,27.00,0,0,0.00,1,1,0.1,0,0,10,.667,1.167,1,0,30.00,0,0.00,0,0,0,0,0,.500,.---,0,0,.600,0.00,0.00,6,"0.1 IP, 0 ER, 0 K, BB",1,0,27.00,3.90,0,.---,0
830485,Trent Buchanan,2025,Glendale Desert Dogs,Scottsdale Scorpions,2025-10-30,False,False,825612,R,0,3,.381,0,2,5,0,0,1,1.000,0,0,0,11.57,0,0,1,1,0,0,2,0.80,0,0,0,0.00,0,0,0.00,1,0,1.1,0,0,21,.400,.400,4,0,15.75,0,0.00,0,0,0,0,0,.000,.000,0,1,.480,0.50,6.75,10,"1.1 IP, 0 ER, K, 2 BB",0,0,13.50,3.21,0,.---,0
830485,Trent Buchanan,2025,Glendale Desert Dogs,Surprise Saguaros,2025-11-02,True,False,825658,R,1,3,.375,0,0,3,0,0,0,.---,0,0,0,10.13,1,0,1,1,0,0,0,0.67,0,0,1,13.50,0,0,0.00,1,0,0.2,0,0,11,.333,.666,2,0,16.50,0,0.00,0,0,0,0,0,.333,.---,0,1,.640,-.--,13.50,7,"0.2 IP, 0 ER, K, 0 BB",1,0,0.00,3.00,0,.---,0
830485,Trent Buchanan,2025,Glendale Desert Dogs,Mesa Solar Sox,2025-11-05,False,True,825594,R,1,5,.379,0,0,5,0,0,0,.---,0,1,2,11.37,1,0,1,1,0,0,2,0.86,0,0,2,18.00,0,1,9.00,2,2,1.0,0,0,16,.400,1.600,3,0,16.00,2,18.00,0,0,0,0,0,1.200,.---,0,0,.630,-.--,0.00,10,"1.0 IP, 2 ER, 0 K, 0 BB",6,0,0.00,2.84,0,.---,0
830485,Trent Buchanan,2025,Glendale Desert Dogs,Scottsdale Scorpions,2025-11-11,False,True,825608,R,3,5,.353,0,2,7,0,0,0,.---,0,1,1,10.57,1,0,1,1,0,0,0,0.60,0,0,1,6.75,0,0,0.00,1,0,1.1,0,0,33,.429,.829,4,0,24.75,1,6.75,0,0,0,0,0,.400,.---,0,1,.520,0.50,6.75,17,"1.1 IP, ER, K, 2 BB",2,0,13.50,2.74,0,.---,0
805812,Dylan Questad,2025,Peoria Javelinas,Salt River Rafters,2025-10-10,True,True,825651,R,2,4,.250,0,1,5,0,0,0,.---,0,0,0,0.00,2,0,1,1,0,0,1,0.50,0,0,1,9.00,0,0,0.00,0,0,1.0,0,0,26,.400,.650,3,0,26.00,0,0.00,0,0,0,0,0,.250,.---,0,0,.540,0.00,0.00,14,"1.0 IP, 0 ER, 0 K, BB",1,0,9.00,2.00,0,.---,0
805812,Dylan Questad,2025,Peoria Javelinas,Salt River Rafters,2025-10-18,True,False,825644,R,0,2,.167,0,3,5,0,0,0,.---,0,0,3,16.20,0,0,1,1,0,0,1,1.00,0,0,0,0.00,1,0,0.00,0,0,0.2,0,1,27,.600,.600,2,0,40.50,3,40.50,0,0,0,0,0,.000,.---,0,1,.410,0.33,13.50,11,"0.2 IP, 3 ER, K, 3 BB",0,0,40.50,3.00,0,.000,0
805812,Dylan Questad,2025,Peoria Javelinas,Scottsdale Scorpions,2025-10-23,True,False,825638,R,0,5,.182,0,4,9,0,0,0,.---,0,0,4,21.00,0,0,1,1,0,0,1,1.50,0,0,1,6.75,0,0,0.00,0,0,1.1,0,0,40,.556,.756,4,0,30.00,4,27.00,0,0,0,0,0,.200,.---,0,3,.450,0.75,20.25,18,"1.1 IP, 4 ER, 3 K, 4 BB",1,0,27.00,3.33,0,.---,0
805812,Dylan Questad,2025,Peoria Javelinas,Glendale Desert Dogs,2025-10-31,False,False,825659,R,0,3,.286,0,2,5,0,0,0,.000,0,0,2,24.30,0,0,1,1,1,0,1,2.00,0,0,2,54.00,0,0,0.00,0,0,0.1,0,0,22,.800,1.467,1,0,66.00,2,54.00,0,0,0,0,0,.667,1.000,3,0,.360,0.00,0.00,8,"0.1 IP, 2 ER, 0 K, 2 BB",2,0,54.00,4.20,0,.---,0
805812,Dylan Questad,2025,Peoria Javelinas,Mesa Solar Sox,2025-11-07,True,True,825640,R,3,7,.238,0,3,10,0,0,0,.000,0,0,0,15.19,2,0,1,1,0,0,2,1.20,0,0,1,4.50,1,0,0.00,0,0,2.0,0,0,39,.400,.543,6,0,19.50,0,0.00,0,0,0,0,0,.143,1.000,2,1,.440,0.33,4.50,17,"2.0 IP, 0 ER, K, 3 BB",1,0,13.50,3.38,0,.---,0
682981,Derek Diamond,2025,Salt River Rafters,Glendale Desert Dogs,2025-10-07,True,True,825635,R,2,2,.000,0,1,4,1,0,0,.000,0,0,0,0.00,2,0,1,1,0,0,1,0.50,0,0,0,0.00,0,0,0.00,0,0,1.0,0,0,14,.250,.250,3,0,14.00,1,9.00,0,1,1,0,0,.000,1.000,1,0,.570,0.00,0.00,8,"1.0 IP, 0 ER, 0 K, BB",0,0,9.00,1.00,0,.---,0
682981,Derek Diamond,2025,Salt River Rafters,Peoria Javelinas,2025-10-10,False,False,825651,R,1,6,.375,0,2,9,0,0,0,.---,0,0,3,10.13,0,0,1,1,0,1,1,0.67,0,0,3,16.20,0,0,0.00,3,0,1.2,0,0,32,.556,1.056,5,0,19.20,3,16.20,0,1,0,0,0,.500,.---,0,2,.500,1.00,10.80,16,"1.2 IP, 3 ER, 2 K, 2 BB",3,0,10.80,2.25,1,.---,0
682981,Derek Diamond,2025,Salt River Rafters,Surprise Saguaros,2025-10-16,True,False,825633,R,1,2,.400,0,2,4,0,0,0,.---,0,0,0,9.00,1,0,1,1,0,0,0,0.50,0,0,1,27.00,0,0,0.00,0,0,0.1,0,0,16,.750,1.250,1,0,48.00,0,0.00,0,0,0,0,0,.500,.---,0,0,.500,0.00,0.00,8,"0.1 IP, 0 ER, 0 K, 2 BB",1,0,54.00,3.00,0,.---,0
682981,Derek Diamond,2025,Salt River Rafters,Glendale Desert Dogs,2025-10-19,False,True,825647,R,3,6,.313,0,1,7,0,0,0,.---,0,0,0,5.40,2,0,1,1,0,0,1,0.43,0,0,1,4.50,0,0,0.00,0,0,2.0,0,0,31,.286,.453,6,1,15.50,0,0.00,0,0,0,0,0,.167,.---,0,1,.650,1.00,4.50,20,"2.0 IP, 0 ER, K, BB",1,0,4.50,2.20,0,1.000,1
682981,Derek Diamond,2025,Salt River Rafters,Glendale Desert Dogs,2025-10-23,True,True,825630,R,3,8,.333,1,0,8,0,0,0,.---,0,0,1,5.14,2,0,1,1,0,1,1,0.40,0,0,3,13.50,0,0,0.00,0,0,2.0,0,0,32,.375,1.000,6,0,16.00,1,4.50,0,0,0,0,0,.625,.---,0,1,.630,-.--,4.50,20,"2.0 IP, ER, K, 0 BB",5,1,0.00,2.00,0,.---,0
682981,Derek Diamond,2025,Salt River Rafters,Glendale Desert Dogs,2025-10-26,False,False,825660,R,2,3,.333,0,2,6,0,0,0,.000,0,0,1,5.63,1,1,1,1,0,0,0,0.33,0,0,1,9.00,0,0,0.00,0,0,1.0,0,0,25,.500,.833,3,0,25.00,1,9.00,0,1,0,0,0,.333,1.000,1,1,.480,0.50,9.00,12,"1.0 IP, ER, K, 2 BB",1,0,18.00,2.13,1,.---,0
682981,Derek Diamond,2025,Salt River Rafters,Scottsdale Scorpions,2025-10-31,True,False,825626,R,1,9,.389,0,0,10,0,0,0,.000,0,0,3,7.45,1,0,1,1,0,1,2,0.46,0,0,5,27.00,0,0,0.00,0,0,1.2,0,0,29,.500,1.056,5,0,17.40,4,21.60,0,1,0,0,0,.556,1.000,2,2,.790,-.--,10.80,23,"1.2 IP, 3 ER, 2 K, 0 BB",5,0,0.00,2.28,0,.---,0
682981,Derek Diamond,2025,Salt River Rafters,Surprise Saguaros,2025-11-04,False,False,825579,R,1,7,.395,0,2,10,0,0,0,.000,0,0,4,9.53,0,0,1,1,0,0,3,0.64,0,0,3,16.20,1,0,0.00,0,0,1.2,0,0,44,.500,1.214,5,0,26.40,4,21.60,0,1,0,0,0,.714,1.000,1,1,.610,0.50,5.40,27,"1.2 IP, 4 ER, K, 2 BB",5,1,10.80,2.38,0,.---,0
682981,Derek Diamond,2025,Salt River Rafters,Surprise Saguaros,2025-11-11,True,True,825617,R,5,9,.365,0,1,10,0,0,0,.---,0,1,0,7.90,2,0,1,1,0,0,1,0.53,0,0,2,7.71,1,0,0.00,3,0,2.1,0,0,26,.300,.633,7,0,11.14,0,0.00,0,0,0,0,0,.333,.---,0,1,.690,1.00,3.86,18,"2.1 IP, 0 ER, K, BB",3,0,3.86,2.20,0,.---,0
807724,Justin Chambers,2025,Glendale Desert Dogs,Salt River Rafters,2025-10-14,False,False,825636,R,0,4,.000,0,1,5,0,0,0,.000,0,0,0,0.00,0,0,1,1,0,0,1,1.00,0,0,0,0.00,0,0,0.00,1,0,1.1,0,0,20,.200,.200,4,0,15.00,0,0.00,0,0,0,0,0,.000,1.000,1,3,.600,3.00,20.25,12,"1.1 IP, 0 ER, 3 K, BB",0,0,6.75,0.75,0,.---,0
807724,Justin Chambers,2025,Glendale Desert Dogs,Salt River Rafters,2025-10-19,True,False,825647,R,1,3,.143,0,2,5,0,0,0,.000,0,1,3,13.50,0,0,1,1,0,0,1,2.00,0,0,1,13.50,0,0,0.00,0,0,0.2,0,1,18,.600,1.267,2,0,27.00,3,40.50,0,0,0,0,0,.667,1.000,2,0,.390,0.00,0.00,7,"0.2 IP, 3 ER, 0 K, 2 BB",2,0,27.00,2.00,0,.000,0
807724,Justin Chambers,2025,Glendale Desert Dogs,Peoria Javelinas,2025-10-22,False,False,825643,R,0,3,.100,0,0,3,0,0,0,.---,0,0,0,9.00,0,0,1,1,0,0,3,5.00,0,0,0,0.00,0,0,0.00,0,0,1.0,0,0,8,.000,.000,3,0,8.00,0,0.00,0,0,0,0,0,.000,.---,0,0,.630,-.--,0.00,5,"1.0 IP, 0 ER, 0 K, 0 BB",0,0,0.00,1.33,0,.---,0
807724,Justin Chambers,2025,Glendale Desert Dogs,Salt River Rafters,2025-10-26,True,True,825660,R,0,3,.077,0,0,3,0,0,0,.---,0,0,0,6.75,0,0,1,1,0,1,2,7.00,0,0,0,0.00,0,0,0.00,0,0,1.0,0,0,10,.000,.000,3,0,10.00,0,0.00,0,0,0,0,0,.000,.---,0,1,.800,-.--,9.00,8,"1.0 IP, 0 ER, K, 0 BB",0,0,0.00,1.00,0,.---,0
807724,Justin Chambers,2025,Glendale Desert Dogs,Scottsdale Scorpions,2025-10-30,False,False,825612,R,1,9,.182,0,0,9,0,0,0,.000,0,1,2,7.94,1,0,1,1,0,0,4,5.50,0,0,3,16.20,0,0,0.00,0,0,1.2,0,1,43,.333,.777,5,0,25.80,2,10.80,0,0,0,0,0,.444,1.000,2,1,.600,-.--,5.40,26,"1.2 IP, 2 ER, K, 0 BB",4,0,0.00,1.24,1,.000,0
807724,Justin Chambers,2025,Glendale Desert Dogs,Peoria Javelinas,2025-11-04,True,True,825657,R,0,3,.160,0,1,4,0,0,0,.---,0,0,0,6.75,0,0,1,1,0,0,1,6.00,0,0,0,0.00,1,0,0.00,0,0,1.0,0,0,17,.250,.250,3,0,17.00,0,0.00,0,0,0,0,0,.000,.---,0,2,.710,2.00,18.00,12,"1.0 IP, 0 ER, 2 K, BB",0,0,9.00,1.20,0,.---,0
807724,Justin Chambers,2025,Glendale Desert Dogs,Scottsdale Scorpions,2025-11-07,True,True,825655,R,1,4,.172,0,0,4,0,0,0,.---,0,0,0,5.87,1,0,1,1,0,0,1,4.33,0,0,1,9.00,1,0,0.00,0,0,1.0,0,0,9,.250,.500,3,0,9.00,0,0.00,0,0,0,0,0,.250,.---,0,1,.670,-.--,9.00,6,"1.0 IP, 0 ER, K, 0 BB",1,0,0.00,1.17,0,.---,0
807724,Justin Chambers,2025,Glendale Desert Dogs,Mesa Solar Sox,2025-11-10,True,False,825653,R,0,2,.161,0,1,3,0,0,0,.---,0,0,0,5.40,0,0,1,1,0,0,0,4.33,0,0,0,0.00,0,0,0.00,2,0,0.2,0,0,12,.333,.333,2,0,18.00,0,0.00,0,0,0,0,0,.000,.---,0,2,.580,2.00,27.00,7,"0.2 IP, 0 ER, 2 K, BB",0,0,13.50,1.20,0,.---,0
807724,Justin Chambers,2025,Glendale Desert Dogs,Peoria Javelinas,2025-11-12,False,False,825573,D,0,8,.375,0,0,10,1,0,0,.---,0,0,0,0.00,0,0,1,1,0,0,3,3.00,1,1,3,16.20,0,0,0.00,3,3,1.2,0,1,30,.444,.819,5,0,18.00,1,5.40,1,0,1,0,0,.375,.---,0,3,.630,-.--,16.20,19,"1.2 IP, 0 ER, 3 K, 0 BB",3,0,0.00,1.80,0,.000,0
806641,Kolton Curtis,2025,Surprise Saguaros,Mesa Solar Sox,2025-10-15,True,True,825589,R,1,3,.000,0,2,5,0,0,0,.---,0,0,0,0.00,0,0,1,1,0,0,1,1.00,0,0,0,0.00,0,0,0.00,0,0,1.0,0,0,19,.400,.400,3,0,19.00,0,0.00,0,0,0,0,0,.000,.---,0,1,.530,0.50,9.00,10,"1.0 IP, 0 ER, K, 2 BB",0,0,18.00,2.00,0,.---,0
806641,Kolton Curtis,2025,Surprise Saguaros,Scottsdale Scorpions,2025-10-19,False,False,825615,R,2,11,.500,0,3,14,0,0,0,.000,0,3,8,30.86,2,0,1,1,1,0,0,0.33,0,0,7,47.25,0,0,0.00,0,0,1.1,0,1,43,.714,1.623,4,0,32.25,9,60.75,0,0,0,0,0,.909,1.000,3,2,.510,0.67,13.50,22,"1.1 IP, 8 ER, 2 K, 3 BB",10,0,20.25,5.14,0,.000,0
806641,Kolton Curtis,2025,Surprise Saguaros,Mesa Solar Sox,2025-10-25,True,False,825585,R,2,7,.333,0,2,9,0,0,0,.---,0,0,0,16.62,2,0,1,1,0,0,4,1.00,0,0,0,0.00,0,0,0.00,0,0,2.0,0,0,36,.222,.222,6,0,18.00,1,4.50,0,0,0,0,0,.000,.---,0,1,.420,0.50,4.50,15,"2.0 IP, 0 ER, K, 2 BB",0,0,9.00,3.23,2,.---,0
806641,Kolton Curtis,2025,Surprise Saguaros,Mesa Solar Sox,2025-10-31,True,False,825582,R,0,6,.333,0,2,10,0,0,0,.000,0,0,2,15.88,0,0,1,1,0,0,1,1.20,2,2,2,13.50,0,0,0.00,2,2,1.1,0,0,44,.600,.933,4,0,33.00,2,13.50,0,0,0,0,0,.333,1.000,3,3,.480,1.50,20.25,21,"1.1 IP, 2 ER, 3 K, 2 BB",2,0,13.50,3.18,1,.---,0
806641,Kolton Curtis,2025,Surprise Saguaros,Salt River Rafters,2025-11-07,True,True,825576,R,0,8,.314,0,0,8,0,0,0,.---,0,0,0,11.74,0,0,1,1,0,1,4,2.00,0,0,2,9.00,1,0,0.00,0,0,2.0,0,0,25,.250,.500,6,0,12.50,1,4.50,0,0,0,0,0,.250,.---,0,2,.760,-.--,9.00,19,"2.0 IP, 0 ER, 2 K, 0 BB",2,0,0.00,2.61,1,.---,0
678738,Juan Sanchez,2025,Scottsdale Scorpions,Glendale Desert Dogs,2025-10-09,False,False,825666,R,0,4,.250,0,1,5,0,0,0,.---,0,0,1,9.00,0,0,1,1,0,0,0,-.--,0,0,1,9.00,0,1,9.00,2,2,1.0,0,0,28,.400,1.400,3,0,28.00,1,9.00,0,0,0,0,0,1.000,.---,0,3,.540,3.00,27.00,15,"1.0 IP, ER, 3 K, BB",4,0,9.00,2.00,0,.---,0
678738,Juan Sanchez,2025,Scottsdale Scorpions,Glendale Desert Dogs,2025-10-16,True,True,825621,R,0,4,.250,0,1,5,0,0,1,1.000,0,0,0,3.38,0,0,1,1,0,1,1,1.00,0,0,1,5.40,1,0,0.00,2,0,1.2,0,0,21,.400,.650,5,0,12.60,0,0.00,0,0,0,0,0,.250,.000,0,2,.620,2.00,10.80,13,"1.2 IP, 0 ER, 2 K, BB",1,0,5.40,1.50,0,.---,0
678738,Juan Sanchez,2025,Scottsdale Scorpions,Peoria Javelinas,2025-10-21,False,True,825646,R,2,6,.286,0,0,7,0,0,1,1.000,0,1,0,1.93,1,0,1,1,0,1,1,1.00,1,1,2,9.00,0,0,0.00,1,0,2.0,0,0,19,.429,.929,6,1,9.50,0,0.00,0,0,0,0,0,.500,.000,0,1,.840,-.--,4.50,16,"2.0 IP, 0 ER, K, 0 BB",3,0,0.00,1.29,0,1.000,1
678738,Juan Sanchez,2025,Scottsdale Scorpions,Surprise Saguaros,2025-10-28,True,True,825613,R,1,4,.222,0,0,5,0,0,0,.000,0,0,0,1.50,1,0,1,1,0,0,0,0.67,1,1,0,0.00,0,0,0.00,1,0,1.1,0,0,17,.200,.200,4,0,12.75,0,0.00,0,0,0,0,0,.000,1.000,1,3,.760,-.--,20.25,13,"1.1 IP, 0 ER, 3 K, 0 BB",0,0,0.00,1.00,0,1.000,1
678738,Juan Sanchez,2025,Scottsdale Scorpions,Peoria Javelinas,2025-11-02,True,True,825610,R,1,3,.238,0,2,5,0,0,1,1.000,0,0,0,1.29,0,0,1,1,0,0,0,0.50,0,0,1,9.00,1,0,0.00,0,0,1.0,0,0,24,.600,.933,3,1,24.00,0,0.00,0,0,0,0,0,.333,.000,0,1,.580,0.50,9.00,14,"1.0 IP, 0 ER, K, 2 BB",1,0,18.00,1.29,1,.---,0
678738,Juan Sanchez,2025,Scottsdale Scorpions,Mesa Solar Sox,2025-11-06,False,True,825593,R,2,6,.222,0,0,6,0,0,0,.---,0,0,0,1.00,2,0,1,1,0,1,2,0.67,0,0,1,4.50,1,0,0.00,0,0,2.0,0,0,24,.167,.334,6,0,12.00,0,0.00,0,0,0,0,0,.167,.---,0,1,.630,-.--,4.50,15,"2.0 IP, 0 ER, K, 0 BB",1,0,0.00,1.11,0,.---,0
678738,Juan Sanchez,2025,Scottsdale Scorpions,Salt River Rafters,2025-11-10,False,False,825623,R,2,3,.233,1,0,5,0,0,0,.---,0,0,2,2.70,1,0,1,1,0,0,1,0.63,1,1,1,9.00,0,0,0.00,0,0,1.0,0,1,18,.400,.733,3,0,18.00,2,18.00,0,1,0,0,0,.333,.---,0,0,.560,-.--,0.00,10,"1.0 IP, 2 ER, 0 K, 0 BB",1,0,0.00,1.10,1,.000,0
804592,Hunter Hoopes,2025,Peoria Javelinas,Salt River Rafters,2025-10-10,True,True,825651,R,1,3,.000,0,1,4,0,0,0,.---,0,0,0,0.00,1,1,1,1,0,0,1,1.00,0,0,0,0.00,0,0,0.00,0,0,1.0,0,0,12,.250,.250,3,0,12.00,0,0.00,0,0,0,0,0,.000,.---,0,1,.580,1.00,9.00,7,"1.0 IP, 0 ER, K, BB",0,0,9.00,1.00,0,.---,0
804592,Hunter Hoopes,2025,Peoria Javelinas,Salt River Rafters,2025-10-17,False,True,825632,R,1,6,.000,0,1,7,0,0,0,.---,0,0,0,0.00,1,0,1,1,0,0,1,1.00,0,0,0,0.00,0,0,0.00,0,0,2.0,0,0,31,.143,.143,6,0,15.50,0,0.00,0,0,0,0,0,.000,.---,0,4,.650,4.00,18.00,20,"2.0 IP, 0 ER, 4 K, BB",0,0,4.50,0.67,0,.---,0
804592,Hunter Hoopes,2025,Peoria Javelinas,Scottsdale Scorpions,2025-10-21,True,False,825646,R,1,6,.200,0,1,8,1,0,0,.000,0,0,3,6.75,1,0,1,1,0,0,1,1.00,1,1,3,27.00,0,0,0.00,0,0,1.0,0,1,31,.625,1.125,3,0,31.00,4,36.00,0,0,1,0,0,.500,1.000,1,1,.580,1.00,9.00,18,"1.0 IP, 3 ER, K, BB",3,0,9.00,1.50,0,.000,0
804592,Hunter Hoopes,2025,Peoria Javelinas,Glendale Desert Dogs,2025-10-25,False,True,825662,R,3,5,.250,0,1,6,0,0,0,.---,0,0,1,7.20,2,0,1,1,0,0,0,0.50,0,0,2,18.00,0,1,9.00,0,0,1.0,0,0,24,.500,1.500,3,0,24.00,1,9.00,0,0,0,0,0,1.000,.---,0,0,.460,0.00,0.00,11,"1.0 IP, ER, 0 K, BB",5,0,9.00,1.80,0,.---,0
804592,Hunter Hoopes,2025,Peoria Javelinas,Glendale Desert Dogs,2025-10-31,False,False,825659,R,1,7,.333,0,1,8,0,0,0,.---,0,1,4,12.00,1,0,1,1,0,0,1,0.57,0,0,4,36.00,0,0,0.00,0,0,1.0,0,1,30,.625,1.339,3,0,30.00,4,36.00,0,0,0,0,0,.714,.---,0,1,.670,1.00,9.00,20,"1.0 IP, 4 ER, K, BB",5,0,9.00,2.33,0,.000,0
804592,Hunter Hoopes,2025,Peoria Javelinas,Glendale Desert Dogs,2025-11-04,False,False,825657,R,1,3,.300,0,3,6,0,0,0,.---,0,0,1,11.57,0,1,1,1,0,0,2,0.75,0,0,0,0.00,0,0,0.00,0,0,1.0,0,0,24,.500,.500,3,0,24.00,1,9.00,0,0,0,0,0,.000,.---,0,0,.330,0.00,0.00,8,"1.0 IP, ER, 0 K, 3 BB",0,0,27.00,2.43,0,.---,0
804592,Hunter Hoopes,2025,Peoria Javelinas,Surprise Saguaros,2025-11-10,False,True,825575,R,0,3,.273,0,0,3,0,0,0,.---,0,0,0,10.13,0,0,1,1,0,0,0,0.75,0,0,0,0.00,1,0,0.00,0,0,1.0,0,0,15,.000,.000,3,0,15.00,0,0.00,0,0,0,0,0,.000,.---,0,3,.670,-.--,27.00,10,"1.0 IP, 0 ER, 3 K, 0 BB",0,0,0.00,2.13,0,.---,0
696505,Cory Wall,2025,Glendale Desert Dogs,Scottsdale Scorpions,2025-10-09,True,True,825666,R,1,5,.400,0,2,8,0,0,0,.---,0,1,2,18.00,0,0,1,1,0,0,1,1.00,1,1,2,18.00,0,0,0.00,0,0,1.0,0,0,27,.625,1.225,3,0,27.00,2,18.00,0,0,0,0,0,.600,.---,0,1,.480,0.50,9.00,13,"1.0 IP, 2 ER, K, 2 BB",3,0,18.00,4.00,1,.---,0
696505,Cory Wall,2025,Glendale Desert Dogs,Mesa Solar Sox,2025-10-18,True,False,825663,R,0,1,.333,0,3,4,0,0,0,.000,0,0,3,33.75,0,0,1,1,0,0,0,1.00,0,0,0,0.00,1,0,0.00,0,0,0.1,0,0,19,.750,.750,1,0,57.00,3,81.00,0,0,0,0,0,.000,1.000,1,1,.320,0.33,27.00,6,"0.1 IP, 3 ER, K, 3 BB",0,0,81.00,5.25,1,.---,0
696505,Cory Wall,2025,Glendale Desert Dogs,Surprise Saguaros,2025-10-21,False,False,825581,R,4,5,.364,0,0,6,0,0,0,.000,0,0,1,20.25,2,0,1,1,0,0,0,0.20,0,0,2,13.50,0,0,0.00,3,0,1.1,0,1,20,.333,.733,4,0,15.00,1,6.75,0,1,0,0,0,.400,1.000,1,0,.650,-.--,0.00,13,"1.1 IP, ER, 0 K, 0 BB",2,0,0.00,3.38,0,.000,0
696505,Cory Wall,2025,Glendale Desert Dogs,Peoria Javelinas,2025-10-25,True,False,825662,R,0,4,.400,0,1,5,0,0,0,.000,0,0,4,30.00,0,0,1,1,0,0,2,0.60,0,0,2,54.00,0,0,0.00,0,0,0.1,0,1,17,.600,1.100,1,0,51.00,4,108.00,0,0,0,0,0,.500,1.000,1,0,.470,0.00,0.00,8,"0.1 IP, 4 ER, 0 K, BB",2,0,27.00,4.00,0,.000,0
801367,Matt Jachec,2025,Surprise Saguaros,Mesa Solar Sox,2025-10-14,False,False,825604,R,3,4,.500,0,0,5,0,0,0,.000,0,0,1,9.00,1,1,1,1,0,0,0,0.00,0,0,2,18.00,0,0,0.00,0,0,1.0,0,0,19,.400,.900,3,0,19.00,1,9.00,0,1,0,0,0,.500,1.000,1,0,.740,-.--,0.00,14,"1.0 IP, ER, 0 K, 0 BB",2,0,0.00,2.00,0,.---,0
801367,Matt Jachec,2025,Surprise Saguaros,Glendale Desert Dogs,2025-10-17,True,False,825587,R,0,1,.400,0,0,1,0,0,0,.---,0,0,0,6.75,0,0,1,1,0,0,1,0.33,0,0,0,0.00,0,0,0.00,1,0,0.1,0,0,2,.000,.000,1,0,6.00,0,0.00,0,0,0,0,0,.000,.---,0,0,.500,-.--,0.00,1,"0.1 IP, 0 ER, 0 K, 0 BB",0,0,0.00,1.50,0,.---,0
801367,Matt Jachec,2025,Surprise Saguaros,Glendale Desert Dogs,2025-10-21,True,True,825581,R,2,6,.273,0,1,8,0,0,0,.---,0,0,0,2.70,0,1,1,1,0,0,2,0.60,0,0,1,4.50,0,0,0.00,1,0,2.0,0,0,28,.250,.417,6,0,14.00,1,4.50,0,1,1,1,0,.167,.---,0,2,.710,2.00,9.00,20,"2.0 IP, 0 ER, 2 K, BB",1,0,4.50,1.20,0,.---,0
801367,Matt Jachec,2025,Surprise Saguaros,Mesa Solar Sox,2025-10-25,True,False,825585,R,1,3,.214,0,0,3,0,0,0,.---,0,0,0,2.08,0,0,1,1,0,0,1,0.67,0,0,0,0.00,0,0,0.00,0,0,1.0,0,0,14,.000,.000,3,0,14.00,0,0.00,0,0,0,0,0,.000,.---,0,1,.710,-.--,9.00,10,"1.0 IP, 0 ER, K, 0 BB",0,0,0.00,0.92,0,.---,0
801367,Matt Jachec,2025,Surprise Saguaros,Mesa Solar Sox,2025-10-31,True,False,825582,R,1,8,.273,1,0,8,0,0,0,.000,0,1,0,1.42,1,0,1,1,0,0,2,0.86,0,0,3,13.50,0,0,0.00,0,0,2.0,0,0,27,.375,.875,6,1,13.50,0,0.00,0,0,0,0,0,.500,1.000,1,2,.700,-.--,9.00,19,"2.0 IP, 0 ER, 2 K, 0 BB",4,0,0.00,1.11,0,.---,0
801367,Matt Jachec,2025,Surprise Saguaros,Salt River Rafters,2025-11-04,True,True,825579,R,1,2,.250,0,1,3,0,0,0,.---,0,0,0,1.23,0,0,1,1,0,1,1,0.88,0,0,0,0.00,0,0,0.00,3,0,1.0,0,0,12,.333,.333,3,0,12.00,0,0.00,0,0,0,0,0,.000,.---,0,0,.580,0.00,0.00,7,"1.0 IP, 0 ER, 0 K, BB",0,0,9.00,1.09,0,.---,0
801367,Matt Jachec,2025,Surprise Saguaros,Salt River Rafters,2025-11-07,True,True,825576,R,1,3,.222,0,0,3,0,0,0,.---,0,0,0,1.08,1,1,1,1,0,0,0,0.78,0,0,0,0.00,0,0,0.00,0,0,1.0,0,0,13,.000,.000,3,0,13.00,0,0.00,0,0,0,0,0,.000,.---,0,2,.690,-.--,18.00,9,"1.0 IP, 0 ER, 2 K, 0 BB",0,0,0.00,0.96,0,.---,0
801367,Matt Jachec,2025,Surprise Saguaros,Mesa Solar Sox,2025-11-13,True,True,825580,L,2,4,.250,0,1,5,1,0,0,.000,0,0,0,0.00,1,0,1,1,0,0,1,0.50,0,0,1,6.75,0,0,0.00,3,2,1.1,0,0,21,.400,.650,4,0,15.75,0,0.00,0,0,1,0,0,.250,1.000,1,0,.710,0.00,0.00,15,"1.1 IP, 0 ER, 0 K, BB",1,0,6.75,1.50,0,.---,0
691765,Jackson Baumeister,2025,Mesa Solar Sox,Surprise Saguaros,2025-10-14,True,True,825604,R,2,5,.200,0,5,10,0,0,1,1.000,0,1,1,5.40,1,0,1,1,1,0,0,0.00,0,0,1,5.40,0,0,0.00,0,0,1.2,0,0,43,.600,1.000,5,0,25.80,1,5.40,0,0,0,0,0,.400,.000,0,2,.440,0.40,10.80,19,"1.2 IP, ER, 2 K, 5 BB",2,0,27.00,3.60,0,.---,0
691765,Jackson Baumeister,2025,Mesa Solar Sox,Salt River Rafters,2025-10-21,True,False,825601,R,4,11,.188,0,2,15,0,0,2,1.000,0,0,1,3.18,2,0,1,1,1,0,1,0.17,1,1,2,4.50,0,0,0.00,0,0,4.0,0,1,64,.333,.515,12,0,16.00,1,2.25,0,1,0,0,0,.182,.000,0,5,.590,2.50,11.25,38,"4.0 IP, ER, 5 K, 2 BB",2,0,4.50,1.76,0,.000,0
691765,Jackson Baumeister,2025,Mesa Solar Sox,Glendale Desert Dogs,2025-10-28,True,True,825599,R,2,11,.222,0,1,12,0,0,0,.---,0,0,0,2.08,1,0,1,1,0,0,4,0.63,0,0,3,9.00,1,0,0.00,0,0,3.0,0,0,48,.333,.606,9,0,16.00,0,0.00,0,0,0,0,0,.273,.---,0,2,.670,2.00,6.00,32,"3.0 IP, 0 ER, 2 K, BB",3,0,3.00,1.62,0,.---,0
691765,Jackson Baumeister,2025,Mesa Solar Sox,Scottsdale Scorpions,2025-11-04,True,True,825596,R,0,5,.313,0,1,6,0,0,0,.---,0,0,4,6.00,0,0,1,1,1,0,0,0.63,0,0,4,108.00,0,1,27.00,0,0,0.1,0,0,18,.833,2.233,1,0,54.00,5,135.00,0,0,0,0,0,1.400,.---,0,1,.610,1.00,27.00,11,"0.1 IP, 4 ER, K, BB",7,0,27.00,2.11,0,.---,0
685396,Nate Peterson,2025,Surprise Saguaros,Mesa Solar Sox,2025-10-15,True,True,825589,R,2,6,.167,0,1,7,0,0,1,.500,0,0,1,4.50,2,0,1,1,0,0,3,1.50,0,0,1,4.50,0,0,0.00,0,0,2.0,0,0,27,.286,.453,6,1,13.50,1,4.50,0,0,0,0,0,.167,.500,1,0,.590,0.00,0.00,16,"2.0 IP, ER, 0 K, BB",1,0,4.50,1.00,0,.---,0
685396,Nate Peterson,2025,Surprise Saguaros,Scottsdale Scorpions,2025-10-22,True,True,825586,R,3,10,.188,0,1,11,0,0,0,.000,0,0,0,1.93,1,0,1,1,0,0,2,1.00,0,0,2,6.75,0,0,0.00,0,0,2.2,0,0,52,.273,.473,8,0,19.50,0,0.00,0,0,0,0,0,.200,1.000,1,3,.580,3.00,10.13,30,"2.2 IP, 0 ER, 3 K, BB",2,0,3.38,1.07,0,1.000,1
685396,Nate Peterson,2025,Surprise Saguaros,Scottsdale Scorpions,2025-10-29,True,True,825583,R,0,4,.250,1,3,7,0,0,0,.---,0,1,3,6.75,0,0,1,1,0,0,1,1.20,0,0,2,27.00,1,0,0.00,0,0,0.2,0,0,35,.714,1.464,2,0,52.50,3,40.50,0,0,0,0,0,.750,.---,0,1,.510,0.33,13.50,18,"0.2 IP, 3 ER, K, 3 BB",3,0,40.50,1.88,1,.---,0
685396,Nate Peterson,2025,Surprise Saguaros,Scottsdale Scorpions,2025-11-05,True,False,825577,R,3,11,.258,0,2,13,0,0,0,.000,0,2,2,6.48,1,0,1,1,0,1,3,1.13,0,0,3,9.00,0,1,3.00,0,0,3.0,0,0,46,.385,1.112,9,0,15.33,2,6.00,0,0,0,0,0,.727,1.000,1,2,.570,1.00,6.00,26,"3.0 IP, 2 ER, 2 K, 2 BB",8,0,6.00,1.80,0,.---,0
694788,Carlson Reed,2025,Salt River Rafters,Scottsdale Scorpions,2025-10-15,False,True,825622,R,0,9,.444,0,2,11,0,0,0,.000,0,2,1,4.50,0,0,1,1,0,1,3,3.00,0,0,4,18.00,0,0,0.00,0,0,2.0,0,0,49,.545,1.212,6,0,24.50,2,9.00,0,0,0,0,0,.667,1.000,2,2,.530,1.00,9.00,26,"2.0 IP, ER, 2 K, 2 BB",6,0,9.00,3.00,0,.---,0
694788,Carlson Reed,2025,Salt River Rafters,Mesa Solar Sox,2025-10-22,True,True,825631,R,6,12,.238,0,2,14,0,0,0,.---,0,0,0,1.50,4,0,1,1,1,1,1,0.67,0,0,1,2.25,0,0,0.00,0,0,4.0,0,0,48,.214,.297,12,0,12.00,0,0.00,0,0,0,0,0,.083,.---,0,4,.600,2.00,9.00,29,"4.0 IP, 0 ER, 4 K, 2 BB",1,0,4.50,1.50,0,1.000,1
694788,Carlson Reed,2025,Salt River Rafters,Peoria Javelinas,2025-10-29,True,False,825628,R,1,13,.206,0,3,16,0,0,0,.---,0,1,1,1.80,1,1,1,1,0,1,7,1.57,0,0,2,4.50,0,0,0.00,0,0,4.0,0,0,60,.313,.544,12,0,15.00,1,2.25,0,0,0,0,0,.231,.---,0,3,.520,1.00,6.75,31,"4.0 IP, ER, 3 K, 3 BB",3,0,6.75,1.40,1,.---,0
694788,Carlson Reed,2025,Salt River Rafters,Peoria Javelinas,2025-11-05,True,True,825625,R,2,12,.174,0,1,13,0,0,1,1.000,0,0,0,1.29,0,0,1,1,1,0,6,1.89,0,0,1,2.25,0,0,0.00,0,0,4.0,0,0,44,.154,.237,12,0,11.00,0,0.00,0,0,0,0,0,.083,.000,0,3,.610,3.00,6.75,27,"4.0 IP, 0 ER, 3 K, BB",1,0,2.25,1.14,0,.---,0
674265,Kevin Abel,2025,Peoria Javelinas,Glendale Desert Dogs,2025-10-22,True,True,825643,R,1,4,.250,0,2,6,0,0,0,.---,0,0,0,0.00,1,0,1,1,0,0,0,0.00,0,0,1,9.00,0,0,0.00,0,0,1.0,0,0,27,.500,.750,3,0,27.00,0,0.00,0,0,0,0,0,.250,.---,0,2,.440,1.00,18.00,12,"1.0 IP, 0 ER, 2 K, 2 BB",1,0,18.00,3.00,0,1.000,1
674265,Kevin Abel,2025,Peoria Javelinas,Salt River Rafters,2025-10-28,True,True,825639,R,1,6,.200,0,2,8,0,0,0,.000,0,0,0,0.00,0,0,1,1,0,1,2,1.00,0,0,1,4.50,1,0,0.00,0,0,2.0,0,0,37,.375,.542,6,0,18.50,0,0.00,0,0,0,0,0,.167,1.000,1,2,.570,1.00,9.00,21,"2.0 IP, 0 ER, 2 K, 2 BB",1,0,9.00,2.00,0,.---,0
674265,Kevin Abel,2025,Peoria Javelinas,Scottsdale Scorpions,2025-11-02,False,False,825610,R,0,2,.167,0,1,3,0,0,0,.---,0,0,0,0.00,0,0,1,1,0,1,1,1.50,0,0,0,0.00,0,0,0.00,0,0,1.0,0,0,10,.333,.333,3,0,10.00,0,0.00,0,0,0,0,0,.000,.---,0,1,.500,1.00,9.00,5,"1.0 IP, 0 ER, K, BB",0,0,9.00,1.75,0,.---,0
674265,Kevin Abel,2025,Peoria Javelinas,Glendale Desert Dogs,2025-11-12,True,True,825573,D,2,4,.250,0,0,4,0,0,0,.---,0,1,0,0.00,1,0,1,1,0,0,0,0.00,0,0,1,9.00,0,0,0.00,0,0,1.0,0,0,19,.250,.750,3,0,19.00,0,0.00,0,0,0,0,0,.500,.---,0,1,.530,-.--,9.00,10,"1.0 IP, 0 ER, K, 0 BB",2,0,0.00,1.00,0,.---,0
674265,Kevin Abel,2025,Peoria Javelinas,Surprise Saguaros,2025-11-14,False,False,825572,W,1,4,.250,0,0,4,0,0,0,.---,0,0,0,0.00,1,0,1,1,0,0,1,1.00,0,0,1,9.00,1,0,0.00,0,0,1.0,0,0,16,.250,.500,3,0,16.00,0,0.00,0,0,0,0,0,.250,.---,0,1,.690,-.--,9.00,11,"1.0 IP, 0 ER, K, 0 BB",1,0,0.00,1.00,0,.---,0
805955,Carson Dorsey,2025,Peoria Javelinas,Mesa Solar Sox,2025-10-08,False,True,825606,R,3,13,.385,0,1,14,0,0,0,.---,0,1,4,12.00,2,0,1,1,0,1,4,1.33,0,0,5,15.00,0,1,3.00,0,0,3.0,0,0,61,.429,1.121,9,0,20.33,4,12.00,0,0,0,0,0,.692,.---,0,1,.660,1.00,3.00,40,"3.0 IP, 4 ER, K, BB",9,0,3.00,2.00,0,.---,0
805955,Carson Dorsey,2025,Peoria Javelinas,Mesa Solar Sox,2025-10-16,False,True,825603,R,3,10,.261,0,2,12,0,0,1,1.000,0,0,0,6.00,3,0,1,1,0,0,3,1.17,0,0,1,3.00,1,0,0.00,0,0,3.0,0,0,56,.250,.350,9,0,18.67,0,0.00,0,0,0,0,0,.100,.000,0,3,.590,1.50,9.00,33,"3.0 IP, 0 ER, 3 K, 2 BB",1,0,6.00,1.50,0,.---,0
805955,Carson Dorsey,2025,Peoria Javelinas,Glendale Desert Dogs,2025-10-22,True,True,825643,R,3,14,.243,0,1,15,0,0,0,.---,0,0,2,5.40,2,1,1,1,0,1,6,1.44,0,0,3,6.75,0,0,0.00,0,0,4.0,0,0,66,.267,.481,12,0,16.50,2,4.50,0,0,1,1,0,.214,.---,0,2,.590,2.00,4.50,39,"4.0 IP, 2 ER, 2 K, BB",3,0,2.25,1.30,0,.---,0
805955,Carson Dorsey,2025,Peoria Javelinas,Salt River Rafters,2025-10-29,False,True,825628,R,4,12,.184,0,3,15,0,0,0,.---,0,0,0,3.86,2,1,1,1,0,0,5,1.38,0,0,0,0.00,0,0,0.00,0,0,4.0,0,0,63,.200,.200,12,0,15.75,0,0.00,0,0,1,1,0,.000,.---,0,3,.620,1.00,6.75,39,"4.0 IP, 0 ER, 3 K, 3 BB",0,0,6.75,1.14,0,.---,0
805955,Carson Dorsey,2025,Peoria Javelinas,Salt River Rafters,2025-11-05,False,False,825625,R,1,15,.203,0,2,17,0,0,0,.---,0,1,1,3.50,1,0,1,1,1,1,6,1.71,0,0,4,9.00,0,0,0.00,0,0,4.0,0,0,67,.353,.686,12,0,16.75,1,2.25,0,0,0,0,0,.333,.---,0,4,.610,2.00,9.00,41,"4.0 IP, ER, 4 K, 2 BB",5,0,4.50,1.22,1,.---,0
805955,Carson Dorsey,2025,Peoria Javelinas,Mesa Solar Sox,2025-11-11,False,False,825592,R,3,15,.228,0,4,19,0,0,0,.000,0,1,2,3.68,1,0,1,1,1,2,3,1.59,0,0,5,11.25,0,0,0.00,0,0,4.0,0,0,70,.474,.874,12,0,17.50,2,4.50,0,0,0,0,0,.400,1.000,1,4,.600,1.00,9.00,42,"4.0 IP, 2 ER, 4 K, 4 BB",6,0,9.00,1.41,1,.---,0
809138,Isaac Stebens,2025,Salt River Rafters,Mesa Solar Sox,2025-10-09,True,False,825637,R,1,2,.000,0,1,4,0,0,1,.500,0,0,0,0.00,0,0,1,1,0,0,0,0.00,1,1,0,0.00,0,0,0.00,0,0,1.0,0,0,16,.500,.500,3,0,16.00,0,0.00,0,0,0,0,0,.000,.500,1,1,.560,1.00,9.00,9,"1.0 IP, 0 ER, K, BB",0,0,9.00,1.00,0,.---,0
809138,Isaac Stebens,2025,Salt River Rafters,Scottsdale Scorpions,2025-10-15,False,True,825622,R,0,4,.167,0,1,5,0,0,0,.---,0,0,0,0.00,0,0,1,1,0,0,0,0.00,0,0,1,9.00,0,0,0.00,1,1,1.0,0,0,20,.400,.650,3,0,20.00,0,0.00,0,0,0,0,0,.250,.---,0,3,.650,3.00,27.00,13,"1.0 IP, 0 ER, 3 K, BB",1,0,9.00,1.50,0,.---,0
809138,Isaac Stebens,2025,Salt River Rafters,Peoria Javelinas,2025-10-17,True,False,825632,R,0,4,.300,0,2,8,0,0,0,.000,0,0,3,11.57,0,0,1,1,0,0,1,1.00,2,2,2,54.00,0,0,0.00,1,1,0.1,0,0,27,.750,1.250,1,0,81.00,4,108.00,0,0,0,0,0,.500,1.000,2,1,.520,0.50,27.00,14,"0.1 IP, 3 ER, K, 2 BB",2,0,54.00,3.00,0,.---,0
809138,Isaac Stebens,2025,Salt River Rafters,Mesa Solar Sox,2025-10-21,False,False,825605,R,2,3,.308,0,1,4,0,0,1,1.000,0,0,0,8.10,1,0,1,1,0,0,0,0.33,0,0,1,9.00,0,0,0.00,0,0,1.0,0,0,16,.500,.833,3,0,16.00,0,0.00,0,0,0,0,0,.333,.000,0,0,.440,0.00,0.00,7,"1.0 IP, 0 ER, 0 K, BB",1,0,9.00,2.70,0,.---,0
809138,Isaac Stebens,2025,Salt River Rafters,Glendale Desert Dogs,2025-10-23,True,True,825630,R,0,1,.286,0,0,1,0,0,0,.000,0,0,0,7.36,0,0,1,1,0,0,0,0.33,0,0,0,0.00,0,0,0.00,1,0,0.1,0,0,4,.000,.000,1,0,12.00,0,0.00,0,0,0,0,0,.000,1.000,1,1,.750,-.--,27.00,3,"0.1 IP, 0 ER, K, 0 BB",0,0,0.00,2.45,0,1.000,1
809138,Isaac Stebens,2025,Salt River Rafters,Peoria Javelinas,2025-10-28,False,False,825639,R,1,7,.286,0,1,8,0,0,0,.000,0,1,0,5.40,0,0,1,1,0,1,3,1.00,0,0,2,13.50,0,0,0.00,2,2,1.1,0,0,28,.375,.804,4,0,21.00,1,6.75,0,0,0,0,0,.429,1.000,3,1,.570,1.00,6.75,16,"1.1 IP, 0 ER, K, BB",3,0,6.75,2.40,0,.---,0
809138,Isaac Stebens,2025,Salt River Rafters,Mesa Solar Sox,2025-11-02,False,False,825597,R,1,4,.320,0,0,4,0,0,0,.---,0,0,0,4.50,1,0,1,1,0,1,1,1.00,0,0,2,18.00,0,0,0.00,0,0,1.0,0,0,6,.500,1.000,3,0,6.00,0,0.00,0,0,0,0,0,.500,.---,0,0,.670,-.--,0.00,4,"1.0 IP, 0 ER, 0 K, 0 BB",2,0,0.00,2.33,0,.---,0
809138,Isaac Stebens,2025,Salt River Rafters,Surprise Saguaros,2025-11-07,False,False,825576,R,2,3,.286,0,0,3,0,0,0,.---,0,0,0,3.86,2,0,1,1,0,0,1,0.86,0,0,0,0.00,0,0,0.00,0,0,1.0,0,0,14,.000,.000,3,0,14.00,0,0.00,0,0,0,0,0,.000,.---,0,0,.430,-.--,0.00,6,"1.0 IP, 0 ER, 0 K, 0 BB",0,0,0.00,2.00,0,.---,0
693686,Spencer Miles,2025,Scottsdale Scorpions,Glendale Desert Dogs,2025-10-09,False,False,825666,R,1,3,.000,0,0,3,0,0,0,.---,0,0,0,0.00,1,1,1,1,0,0,0,0.00,0,0,0,0.00,0,0,0.00,0,0,1.0,0,0,13,.000,.000,3,0,13.00,0,0.00,0,0,0,0,0,.000,.---,0,2,.620,-.--,18.00,8,"1.0 IP, 0 ER, 2 K, 0 BB",0,0,0.00,0.00,0,.---,0
693686,Spencer Miles,2025,Scottsdale Scorpions,Glendale Desert Dogs,2025-10-16,True,True,825621,R,0,7,.100,0,1,8,0,0,0,.000,0,0,0,0.00,0,0,1,1,1,0,5,5.00,0,0,1,4.50,0,0,0.00,0,0,2.0,0,0,28,.250,.393,6,0,14.00,1,4.50,0,0,0,0,0,.143,1.000,1,1,.610,1.00,4.50,17,"2.0 IP, 0 ER, K, BB",1,0,4.50,0.67,1,.---,0
693686,Spencer Miles,2025,Scottsdale Scorpions,Peoria Javelinas,2025-10-23,False,True,825638,R,0,8,.111,0,0,8,0,0,0,.---,0,0,0,0.00,0,0,1,1,1,0,3,8.00,0,0,1,4.50,0,0,0.00,0,0,2.0,0,0,33,.125,.250,6,0,16.50,0,0.00,0,0,0,0,0,.125,.---,0,4,.760,-.--,18.00,25,"2.0 IP, 0 ER, 4 K, 0 BB",1,0,0.00,0.60,0,1.000,1
693686,Spencer Miles,2025,Scottsdale Scorpions,Glendale Desert Dogs,2025-10-30,True,True,825612,R,2,9,.222,0,0,9,0,0,0,.---,0,1,3,4.05,1,0,1,1,1,0,2,3.33,0,0,4,21.60,0,0,0.00,0,0,1.2,0,0,37,.444,1.222,5,0,22.20,3,16.20,0,0,0,0,0,.778,.---,0,1,.650,-.--,5.40,24,"1.2 IP, 3 ER, K, 0 BB",7,1,0.00,1.05,0,.---,0
693686,Spencer Miles,2025,Scottsdale Scorpions,Mesa Solar Sox,2025-11-06,False,True,825593,R,0,9,.250,0,0,9,0,0,0,.000,0,0,1,4.15,0,0,1,1,1,0,2,4.00,0,0,3,13.50,0,0,0.00,0,0,2.0,0,0,29,.333,.666,6,0,14.50,1,4.50,0,0,0,0,0,.333,1.000,1,4,.720,-.--,18.00,21,"2.0 IP, ER, 4 K, 0 BB",3,0,0.00,1.15,0,1.000,1
693686,Spencer Miles,2025,Scottsdale Scorpions,Peoria Javelinas,2025-11-13,True,False,825571,L,0,7,.429,0,2,9,0,0,0,.---,0,1,4,27.00,0,0,1,1,1,0,3,3.00,0,0,3,20.25,0,1,6.75,0,0,1.1,0,1,37,.556,1.556,4,0,27.75,4,27.00,0,0,0,0,0,1.000,.---,0,1,.570,0.50,6.75,21,"1.1 IP, 4 ER, K, 2 BB",7,0,13.50,3.75,0,.000,0
808063,Maikel Miralles,2025,Peoria Javelinas,Surprise Saguaros,2025-10-09,True,False,825652,R,3,14,.286,0,1,18,0,1,0,.000,0,2,3,6.75,3,0,1,1,0,0,6,2.00,0,0,4,9.00,0,0,0.00,0,0,4.0,0,0,56,.294,.723,12,0,14.00,4,9.00,0,2,0,0,0,.429,1.000,2,3,.700,3.00,6.75,39,"4.0 IP, 3 ER, 3 K, BB",6,0,2.25,1.25,0,.---,0
808063,Maikel Miralles,2025,Peoria Javelinas,Salt River Rafters,2025-10-17,False,True,825632,R,2,13,.296,0,5,18,0,0,0,.---,0,3,2,6.43,1,0,1,1,0,1,4,2.00,0,0,4,12.00,1,0,0.00,0,0,3.0,0,0,63,.500,1.038,9,0,21.00,3,9.00,0,0,0,0,0,.538,.---,0,3,.460,0.60,9.00,29,"3.0 IP, 2 ER, 3 K, 5 BB",7,0,15.00,2.00,1,.---,0
808063,Maikel Miralles,2025,Peoria Javelinas,Scottsdale Scorpions,2025-10-23,True,False,825638,R,2,10,.351,0,2,12,0,0,0,.---,0,1,6,11.42,1,0,1,1,1,0,3,1.86,0,0,5,27.00,0,2,10.80,0,0,1.2,0,1,43,.583,1.783,5,0,25.80,6,32.40,0,0,0,0,0,1.200,.---,0,0,.490,0.00,0.00,21,"1.2 IP, 6 ER, 0 K, 2 BB",12,0,10.80,2.42,1,.000,0
808063,Maikel Miralles,2025,Peoria Javelinas,Surprise Saguaros,2025-10-30,True,False,825642,R,4,12,.265,0,1,13,0,0,0,.000,0,0,0,7.82,3,0,1,1,0,0,5,1.64,0,0,0,0.00,0,0,0.00,0,0,4.0,0,0,49,.077,.077,12,0,12.25,0,0.00,0,0,0,0,0,.000,1.000,1,3,.650,3.00,6.75,32,"4.0 IP, 0 ER, 3 K, BB",0,0,2.25,1.74,0,.---,0
808063,Maikel Miralles,2025,Peoria Javelinas,Glendale Desert Dogs,2025-11-06,True,False,825641,R,0,9,.345,0,1,10,0,0,0,.000,0,2,7,12.15,0,0,1,1,1,0,2,1.82,0,0,7,94.50,0,0,0.00,0,0,0.2,0,1,30,.800,1.800,2,0,45.00,7,94.50,0,0,0,0,0,1.000,1.000,1,0,.670,0.00,0.00,20,"0.2 IP, 7 ER, 0 K, BB",9,0,13.50,2.25,0,.000,0
808063,Maikel Miralles,2025,Peoria Javelinas,Glendale Desert Dogs,2025-11-12,True,True,825573,D,2,6,.333,0,2,8,0,0,0,.---,0,1,3,27.00,1,0,1,1,1,0,2,1.00,0,0,2,18.00,0,1,9.00,0,0,1.0,0,0,25,.500,1.500,3,0,25.00,4,36.00,0,0,0,0,0,1.000,.---,0,0,.480,0.00,0.00,12,"1.0 IP, 3 ER, 0 K, 2 BB",6,0,18.00,4.00,0,.---,0
702045,Rorik Maltrud,2025,Surprise Saguaros,Mesa Solar Sox,2025-10-07,False,True,825607,R,2,11,.455,0,1,12,0,0,0,.---,0,0,3,13.50,1,0,1,1,0,0,2,1.00,0,0,5,22.50,0,1,4.50,0,0,2.0,0,0,35,.500,1.227,6,0,17.50,3,13.50,0,0,0,0,0,.727,.---,0,2,.710,2.00,9.00,25,"2.0 IP, 3 ER, 2 K, BB",8,0,4.50,3.00,0,.---,0
702045,Rorik Maltrud,2025,Surprise Saguaros,Salt River Rafters,2025-10-16,False,True,825633,R,3,13,.458,0,0,14,0,0,0,.000,0,1,4,14.54,2,0,1,1,0,0,2,0.80,0,0,6,23.14,0,1,3.86,0,0,2.1,0,0,57,.429,1.198,7,0,24.43,5,19.29,0,1,0,0,0,.769,1.000,1,3,.630,-.--,11.57,36,"2.1 IP, 4 ER, 3 K, 0 BB",10,0,0.00,2.77,0,.---,0
702045,Rorik Maltrud,2025,Surprise Saguaros,Mesa Solar Sox,2025-10-23,False,True,825600,R,1,14,.421,0,1,15,0,0,0,.---,0,2,3,12.27,1,0,1,1,1,0,4,1.33,0,0,5,15.00,0,1,3.00,0,0,3.0,0,0,51,.400,1.114,9,0,17.00,3,9.00,0,0,0,0,0,.714,.---,0,4,.710,4.00,12.00,36,"3.0 IP, 3 ER, 4 K, BB",10,0,3.00,2.45,1,1.000,1
702045,Rorik Maltrud,2025,Surprise Saguaros,Peoria Javelinas,2025-10-30,False,False,825642,R,1,3,.390,0,0,3,0,0,0,.---,0,0,0,10.80,1,0,1,1,0,0,2,1.43,0,0,0,0.00,0,0,0.00,0,0,1.0,0,0,6,.000,.000,3,0,6.00,0,0.00,0,0,0,0,0,.000,.---,0,0,.670,-.--,0.00,4,"1.0 IP, 0 ER, 0 K, 0 BB",0,0,0.00,2.16,0,.---,0
702045,Rorik Maltrud,2025,Surprise Saguaros,Salt River Rafters,2025-11-11,False,False,825617,R,2,3,.364,0,0,3,0,0,0,.---,0,0,0,9.64,1,0,1,1,0,0,0,1.11,0,0,0,0.00,0,0,0.00,0,0,1.0,0,0,7,.000,.000,3,0,7.00,0,0.00,0,0,0,0,0,.000,.---,0,1,.860,-.--,9.00,6,"1.0 IP, 0 ER, K, 0 BB",0,0,0.00,1.93,0,.---,0
691103,Koen Moreno,2025,Mesa Solar Sox,Peoria Javelinas,2025-10-08,True,False,825606,R,7,13,.154,0,2,15,0,0,1,.500,0,0,0,0.00,4,0,1,1,1,0,1,0.14,0,0,2,4.50,0,0,0.00,0,0,4.0,0,0,59,.267,.421,12,0,14.75,0,0.00,0,0,0,0,0,.154,.500,1,3,.590,1.50,6.75,35,"4.0 IP, 0 ER, 3 K, 2 BB",2,0,4.50,1.00,0,.---,0
691103,Koen Moreno,2025,Mesa Solar Sox,Peoria Javelinas,2025-10-16,True,False,825603,R,3,11,.167,0,2,13,0,0,0,.000,0,1,0,0.00,1,0,1,1,0,0,2,0.30,0,0,2,6.00,0,0,0.00,0,0,3.0,0,0,47,.308,.581,9,0,15.67,0,0.00,0,0,0,0,0,.273,1.000,2,4,.600,2.00,12.00,28,"3.0 IP, 0 ER, 4 K, 2 BB",3,0,6.00,1.14,1,.---,0
691103,Koen Moreno,2025,Mesa Solar Sox,Surprise Saguaros,2025-10-23,True,False,825600,R,2,15,.231,0,1,17,0,0,0,.000,0,1,5,4.50,1,0,1,1,1,0,2,0.42,1,1,5,15.00,0,1,3.00,0,0,3.0,0,1,69,.412,1.012,9,0,23.00,5,15.00,0,0,0,0,0,.600,1.000,1,6,.640,6.00,18.00,44,"3.0 IP, 5 ER, 6 K, BB",9,0,3.00,1.40,2,.000,0
691103,Koen Moreno,2025,Mesa Solar Sox,Salt River Rafters,2025-10-30,False,True,825627,R,2,9,.208,0,1,10,0,0,1,1.000,0,0,1,4.15,1,0,1,1,1,0,2,0.50,0,0,1,3.00,0,1,3.00,0,0,3.0,0,0,49,.200,.644,9,0,16.33,1,3.00,0,0,0,0,0,.444,.000,0,4,.530,4.00,12.00,26,"3.0 IP, ER, 4 K, BB",4,0,3.00,1.23,0,.---,0
691103,Koen Moreno,2025,Mesa Solar Sox,Scottsdale Scorpions,2025-11-06,True,False,825593,R,1,3,.196,0,1,4,0,0,0,.---,0,0,0,3.86,1,0,1,1,0,0,1,0.53,0,0,0,0.00,0,0,0.00,0,0,1.0,0,0,21,.250,.250,3,0,21.00,0,0.00,0,0,0,0,0,.000,.---,0,1,.570,1.00,9.00,12,"1.0 IP, 0 ER, K, BB",0,0,9.00,1.21,0,.---,0
691103,Koen Moreno,2025,Mesa Solar Sox,Surprise Saguaros,2025-11-13,False,False,825580,L,3,10,.100,0,4,14,0,0,0,.000,0,0,1,3.00,1,0,1,1,0,0,1,0.33,0,0,1,3.00,0,0,0.00,0,0,3.0,0,0,66,.357,.457,9,0,22.00,1,3.00,0,0,0,0,0,.100,1.000,1,5,.520,1.25,15.00,34,"3.0 IP, ER, 5 K, 4 BB",1,0,12.00,1.67,0,.---,0
701557,Carlos Lequerica,2025,Scottsdale Scorpions,Salt River Rafters,2025-10-08,True,True,825619,R,0,3,.333,0,1,4,0,0,0,.---,0,0,0,0.00,0,0,1,1,0,0,1,1.00,0,0,1,13.50,1,0,0.00,2,2,0.2,0,0,19,.500,.833,2,0,28.50,0,0.00,0,0,0,0,0,.333,.---,0,1,.580,1.00,13.50,11,"0.2 IP, 0 ER, K, BB",1,0,13.50,3.00,0,.---,0
701557,Carlos Lequerica,2025,Scottsdale Scorpions,Peoria Javelinas,2025-10-14,False,True,825649,R,2,4,.286,0,1,5,0,0,0,.---,0,0,0,0.00,0,0,1,1,0,0,0,0.50,0,0,1,9.00,0,0,0.00,0,0,1.0,0,0,19,.400,.650,3,0,19.00,0,0.00,0,0,0,0,0,.250,.---,0,1,.530,1.00,9.00,10,"1.0 IP, 0 ER, K, BB",1,0,9.00,2.40,0,.---,0
701557,Carlos Lequerica,2025,Scottsdale Scorpions,Mesa Solar Sox,2025-10-17,False,True,825595,R,1,6,.231,0,0,6,0,0,0,.---,0,0,0,0.00,1,0,1,1,0,1,3,1.33,0,0,1,4.50,0,0,0.00,0,0,2.0,0,0,15,.167,.334,6,0,7.50,0,0.00,0,0,0,0,0,.167,.---,0,1,.800,-.--,4.50,12,"2.0 IP, 0 ER, K, 0 BB",1,0,0.00,1.36,0,.---,0
701557,Carlos Lequerica,2025,Scottsdale Scorpions,Peoria Javelinas,2025-10-21,False,False,825616,R,2,8,.286,0,1,9,0,0,0,.---,0,2,2,3.38,1,0,1,1,0,1,3,1.40,0,0,3,16.20,0,0,0.00,2,2,1.2,0,0,27,.444,1.069,5,0,16.20,3,16.20,0,0,0,0,0,.625,.---,0,0,.590,0.00,0.00,16,"1.2 IP, 2 ER, 0 K, BB",5,0,5.40,1.69,0,.---,0
701557,Carlos Lequerica,2025,Scottsdale Scorpions,Salt River Rafters,2025-10-24,False,True,825629,R,2,6,.259,0,1,8,0,0,0,.---,0,0,0,2.45,0,1,1,1,0,0,1,1.14,0,0,1,4.50,0,0,0.00,0,0,2.0,0,0,42,.250,.417,6,0,21.00,1,4.50,0,1,0,0,0,.167,.---,0,3,.600,3.00,13.50,25,"2.0 IP, 0 ER, 3 K, BB",1,0,4.50,1.50,0,1.000,1
701557,Carlos Lequerica,2025,Scottsdale Scorpions,Surprise Saguaros,2025-10-29,False,False,825583,R,1,8,.314,0,0,8,0,0,0,.000,0,1,2,4.00,0,0,1,1,0,1,2,1.25,0,0,4,21.60,0,0,0.00,1,1,1.2,0,0,36,.500,1.125,5,0,21.60,2,10.80,0,0,0,0,0,.625,1.000,1,1,.560,-.--,5.40,20,"1.2 IP, 2 ER, K, 0 BB",5,0,0.00,1.67,0,.---,0
701557,Carlos Lequerica,2025,Scottsdale Scorpions,Mesa Solar Sox,2025-11-04,False,False,825596,R,0,4,.359,0,0,4,0,0,0,.---,0,0,1,4.82,0,0,1,1,0,0,1,1.38,0,0,3,81.00,0,0,0.00,3,3,0.1,0,0,19,.750,1.500,1,0,57.00,1,27.00,0,0,0,0,0,.750,.---,0,0,.740,-.--,0.00,14,"0.1 IP, ER, 0 K, 0 BB",3,0,0.00,1.93,1,.---,0
701557,Carlos Lequerica,2025,Scottsdale Scorpions,Glendale Desert Dogs,2025-11-07,False,False,825655,R,3,9,.354,0,1,10,1,0,0,.---,0,1,2,5.56,2,0,1,1,0,0,2,1.18,0,0,3,13.50,0,1,4.50,0,0,2.0,0,1,35,.400,1.400,6,0,17.50,2,9.00,0,0,1,0,0,1.000,.---,0,1,.600,1.00,4.50,21,"2.0 IP, 2 ER, K, BB",9,1,4.50,1.94,0,.000,0
812163,Jonathan Russell,2025,Mesa Solar Sox,Scottsdale Scorpions,2025-10-10,False,False,825620,R,0,3,.000,0,0,3,0,0,0,.---,0,0,0,0.00,0,1,1,1,0,0,2,2.00,0,0,0,0.00,0,0,0.00,0,0,1.0,0,0,6,.000,.000,3,0,6.00,0,0.00,0,0,0,0,0,.000,.---,0,1,.830,-.--,9.00,5,"1.0 IP, 0 ER, K, 0 BB",0,0,0.00,0.00,0,.---,0
812163,Jonathan Russell,2025,Mesa Solar Sox,Scottsdale Scorpions,2025-10-17,True,False,825595,R,1,8,.273,0,1,10,0,0,0,.000,0,0,1,3.00,0,0,1,1,0,1,2,4.00,1,1,3,13.50,0,0,0.00,0,0,2.0,0,0,41,.500,.875,6,0,20.50,2,9.00,0,0,0,0,0,.375,1.000,1,2,.660,2.00,9.00,27,"2.0 IP, ER, 2 K, BB",3,0,4.50,1.33,0,.---,0
812163,Jonathan Russell,2025,Mesa Solar Sox,Salt River Rafters,2025-10-21,True,False,825601,R,1,7,.444,0,1,9,0,0,0,.---,0,0,6,15.75,1,1,1,1,0,0,2,3.00,0,0,5,45.00,0,1,9.00,0,0,1.0,0,0,27,.667,1.810,3,0,27.00,6,54.00,0,1,0,0,0,1.143,.---,0,0,.700,0.00,0.00,19,"1.0 IP, 6 ER, 0 K, BB",8,0,9.00,2.50,0,.---,0
812163,Jonathan Russell,2025,Mesa Solar Sox,Surprise Saguaros,2025-10-25,False,True,825585,R,1,4,.455,0,0,4,1,0,0,.---,0,1,1,14.40,0,0,1,1,0,0,1,2.33,0,0,2,18.00,0,0,0.00,0,0,1.0,0,0,11,.500,1.250,3,0,11.00,1,9.00,0,0,1,0,0,.750,.---,0,0,.820,-.--,0.00,9,"1.0 IP, ER, 0 K, 0 BB",3,0,0.00,2.40,0,1.000,1
812163,Jonathan Russell,2025,Mesa Solar Sox,Glendale Desert Dogs,2025-11-01,True,True,825598,R,0,3,.400,0,0,3,0,0,0,.---,0,0,0,12.00,0,0,1,1,0,0,3,3.33,0,0,0,0.00,0,0,0.00,0,0,1.0,0,0,16,.000,.000,3,0,16.00,0,0.00,0,0,0,0,0,.000,.---,0,0,.630,-.--,0.00,10,"1.0 IP, 0 ER, 0 K, 0 BB",0,0,0.00,2.00,0,.---,0
812163,Jonathan Russell,2025,Mesa Solar Sox,Peoria Javelinas,2025-11-07,False,False,825640,R,0,5,.400,0,1,6,0,0,0,.000,0,1,2,12.86,0,0,1,1,0,0,1,3.67,0,0,2,18.00,0,0,0.00,0,0,1.0,0,0,21,.500,1.500,3,0,21.00,2,18.00,0,0,0,0,0,1.000,1.000,1,2,.570,2.00,18.00,12,"1.0 IP, 2 ER, 2 K, BB",5,1,9.00,2.14,0,.---,0
680893,Hueston Morrill,2025,Mesa Solar Sox,Salt River Rafters,2025-10-09,False,True,825637,R,0,1,1.000,0,0,1,0,0,1,1.000,0,0,0,0.00,0,0,1,1,0,0,0,-.--,0,0,1,27.00,0,0,0.00,1,1,0.1,0,0,5,1.000,2.000,1,0,15.00,0,0.00,0,0,0,0,0,1.000,.000,0,0,.600,-.--,0.00,3,"0.1 IP, 0 ER, 0 K, 0 BB",1,0,0.00,3.00,0,.---,0
680893,Hueston Morrill,2025,Mesa Solar Sox,Surprise Saguaros,2025-10-15,False,False,825589,R,0,3,.500,0,1,5,0,0,1,1.000,0,0,0,0.00,0,0,1,1,0,0,2,2.00,1,1,1,9.00,0,0,0.00,0,0,1.0,0,0,24,.600,.933,3,0,24.00,0,0.00,0,0,0,0,0,.333,.000,0,0,.540,0.00,0.00,13,"1.0 IP, 0 ER, 0 K, BB",1,0,9.00,2.25,0,.---,0
680893,Hueston Morrill,2025,Mesa Solar Sox,Peoria Javelinas,2025-10-19,False,True,825645,R,3,3,.286,0,0,3,0,0,0,.---,0,0,0,0.00,2,1,1,1,0,0,0,0.67,0,0,0,0.00,0,0,0.00,0,0,1.0,0,0,12,.000,.000,3,0,12.00,0,0.00,0,0,0,0,0,.000,.---,0,0,.580,-.--,0.00,7,"1.0 IP, 0 ER, 0 K, 0 BB",0,0,0.00,1.29,0,.---,0
680893,Hueston Morrill,2025,Mesa Solar Sox,Salt River Rafters,2025-10-22,False,False,825631,R,4,6,.308,0,0,6,0,0,0,.---,0,0,0,0.00,3,0,1,1,0,0,0,0.29,0,0,2,13.50,0,0,0.00,3,0,1.1,0,0,14,.333,.666,4,0,10.50,0,0.00,0,0,0,0,0,.333,.---,0,0,.790,-.--,0.00,11,"1.1 IP, 0 ER, 0 K, 0 BB",2,0,0.00,1.36,0,.---,0
680893,Hueston Morrill,2025,Mesa Solar Sox,Surprise Saguaros,2025-10-25,False,True,825585,R,2,3,.250,0,1,4,0,0,0,.---,0,0,0,0.00,2,1,1,1,0,0,1,0.33,0,0,0,0.00,0,0,0.00,0,0,1.0,0,0,10,.250,.250,3,0,10.00,0,0.00,0,0,1,1,0,.000,.---,0,0,.600,0.00,0.00,6,"1.0 IP, 0 ER, 0 K, BB",0,0,9.00,1.29,0,.---,0
680893,Hueston Morrill,2025,Mesa Solar Sox,Glendale Desert Dogs,2025-11-01,True,True,825598,R,3,10,.346,0,1,11,1,0,0,.---,0,2,3,4.05,1,1,1,1,0,0,1,0.33,0,0,5,22.50,0,0,0.00,0,0,2.0,0,0,32,.545,1.445,6,0,16.00,3,13.50,0,0,1,0,0,.900,.---,0,1,.690,1.00,4.50,22,"2.0 IP, 3 ER, K, BB",9,1,4.50,1.80,1,1.000,1
680893,Hueston Morrill,2025,Mesa Solar Sox,Glendale Desert Dogs,2025-11-05,True,False,825594,R,2,3,.310,0,1,5,0,0,0,.---,0,0,0,3.52,0,1,1,1,0,0,0,0.29,1,1,0,0.00,0,0,0.00,0,0,1.0,0,0,18,.400,.400,3,0,18.00,0,0.00,0,0,0,0,0,.000,.---,0,1,.610,1.00,9.00,11,"1.0 IP, 0 ER, K, BB",0,0,9.00,1.70,0,.---,0
680893,Hueston Morrill,2025,Mesa Solar Sox,Glendale Desert Dogs,2025-11-10,False,True,825653,R,2,4,.303,0,1,5,0,0,0,.---,0,0,0,3.12,2,1,1,1,0,0,0,0.25,0,0,1,9.00,0,0,0.00,0,0,1.0,0,0,17,.400,.650,3,0,17.00,0,0.00,0,0,1,1,0,.250,.---,0,1,.590,1.00,9.00,10,"1.0 IP, 0 ER, K, BB",1,0,9.00,1.73,0,.---,0
680893,Hueston Morrill,2025,Mesa Solar Sox,Salt River Rafters,2025-11-12,True,True,825574,D,1,5,.400,0,0,5,0,0,0,.---,0,0,0,0.00,0,1,1,1,0,0,1,1.00,0,0,2,18.00,0,0,0.00,0,0,1.0,0,0,16,.400,.800,3,0,16.00,0,0.00,0,0,1,1,0,.400,.---,0,1,.750,-.--,9.00,12,"1.0 IP, 0 ER, K, 0 BB",2,0,0.00,2.00,0,.---,0
691629,Miguelangel Boadas,2025,Peoria Javelinas,Salt River Rafters,2025-10-10,True,True,825651,R,4,10,.100,0,2,12,0,0,0,.---,0,1,0,0.00,1,0,1,1,0,0,2,0.50,0,0,1,3.00,1,0,0.00,0,0,3.0,0,0,35,.250,.450,9,0,11.67,0,0.00,0,0,0,0,0,.200,.---,0,3,.570,1.50,9.00,20,"3.0 IP, 0 ER, 3 K, 2 BB",2,0,6.00,1.00,0,.---,0
691629,Miguelangel Boadas,2025,Peoria Javelinas,Salt River Rafters,2025-10-18,True,False,825644,R,3,11,.238,0,3,16,0,0,0,.---,0,0,2,3.00,2,0,1,1,0,2,2,0.57,2,2,4,12.00,0,0,0.00,0,0,3.0,0,0,44,.563,.927,9,0,14.67,2,6.00,0,0,0,0,0,.364,.---,0,2,.570,0.67,6.00,25,"3.0 IP, 2 ER, 2 K, 3 BB",4,0,9.00,1.67,0,.---,0
691629,Miguelangel Boadas,2025,Peoria Javelinas,Glendale Desert Dogs,2025-10-25,False,True,825662,R,2,12,.182,0,1,13,0,0,0,.---,0,0,0,1.80,1,0,1,1,0,1,8,1.33,0,0,1,2.25,0,0,0.00,0,0,4.0,0,0,53,.154,.237,12,0,13.25,0,0.00,0,0,0,0,0,.083,.---,0,1,.640,1.00,2.25,34,"4.0 IP, 0 ER, K, BB",1,0,2.25,1.20,0,1.000,1
691629,Miguelangel Boadas,2025,Peoria Javelinas,Surprise Saguaros,2025-11-01,False,False,825578,R,2,5,.158,0,3,8,0,0,0,.---,0,0,0,1.54,1,0,1,1,0,0,1,1.18,0,0,0,0.00,0,0,0.00,0,0,1.2,0,0,43,.375,.375,5,0,25.80,1,5.40,0,0,0,0,0,.000,.---,0,2,.530,0.67,10.80,23,"1.2 IP, 0 ER, 2 K, 3 BB",0,0,16.20,1.29,0,.---,0
691629,Miguelangel Boadas,2025,Peoria Javelinas,Surprise Saguaros,2025-11-14,False,False,825572,W,0,11,.182,0,0,11,0,0,0,.---,0,0,0,0.00,0,0,1,1,1,0,5,5.00,0,0,2,6.00,0,0,0.00,0,0,3.0,0,0,45,.182,.364,9,0,15.00,0,0.00,0,0,0,0,0,.182,.---,0,4,.670,-.--,12.00,30,"3.0 IP, 0 ER, 4 K, 0 BB",2,0,0.00,0.67,0,.---,0
822067,A.J. Causey,2025,Surprise Saguaros,Glendale Desert Dogs,2025-10-08,True,True,825591,R,0,4,.250,0,0,5,0,0,0,.000,0,0,1,9.00,0,0,1,1,0,0,1,1.00,1,1,1,9.00,0,0,0.00,0,0,1.0,0,0,25,.400,.650,3,0,25.00,1,9.00,0,0,0,0,0,.250,1.000,2,2,.560,-.--,18.00,14,"1.0 IP, ER, 2 K, 0 BB",1,0,0.00,1.00,0,.---,0
822067,A.J. Causey,2025,Surprise Saguaros,Mesa Solar Sox,2025-10-15,True,True,825589,R,0,0,.250,0,0,0,0,0,1,1.000,0,0,0,6.75,0,0,1,1,0,0,0,1.00,0,0,0,0.00,1,0,0.00,1,0,0.1,0,0,1,.000,.000,1,0,3.00,0,0.00,0,0,0,0,0,.000,.000,0,0,.000,-.--,0.00,0,"0.1 IP, 0 ER, 0 K, 0 BB",0,0,0.00,0.75,0,.---,0
822067,A.J. Causey,2025,Surprise Saguaros,Scottsdale Scorpions,2025-10-18,False,False,825614,R,1,9,.462,0,1,10,0,0,0,.000,0,0,5,20.25,0,0,1,1,0,0,1,2.00,0,0,5,33.75,0,1,6.75,1,0,1.1,0,0,37,.600,1.711,4,0,27.75,5,33.75,0,0,0,0,0,1.111,1.000,2,2,.620,2.00,13.50,23,"1.1 IP, 5 ER, 2 K, BB",10,1,6.75,2.63,0,.---,0
822067,A.J. Causey,2025,Surprise Saguaros,Scottsdale Scorpions,2025-10-22,True,True,825586,R,0,7,.350,0,0,7,0,0,0,.---,0,0,1,13.50,0,1,1,1,0,0,2,4.00,0,0,1,4.50,0,1,4.50,0,0,2.0,0,0,26,.143,.714,6,0,13.00,1,4.50,0,0,0,0,0,.571,.---,0,4,.650,-.--,18.00,17,"2.0 IP, ER, 4 K, 0 BB",4,0,0.00,1.71,0,.---,0
822067,A.J. Causey,2025,Surprise Saguaros,Peoria Javelinas,2025-10-26,True,True,825584,R,3,6,.308,0,0,7,0,0,0,.---,0,0,0,9.95,2,1,1,1,0,0,1,1.25,1,1,1,5.40,0,0,0.00,3,0,1.2,0,0,28,.286,.453,5,0,16.80,0,0.00,0,0,0,0,0,.167,.---,0,1,.610,-.--,5.40,17,"1.2 IP, 0 ER, K, 0 BB",1,0,0.00,1.42,0,1.000,1
822067,A.J. Causey,2025,Surprise Saguaros,Peoria Javelinas,2025-10-30,False,False,825642,R,0,3,.276,0,0,3,0,0,0,.---,0,0,0,8.59,0,1,1,1,0,0,1,1.50,0,0,0,0.00,0,0,0.00,0,0,1.0,0,0,19,.000,.000,3,0,19.00,0,0.00,0,0,0,0,0,.000,.---,0,2,.580,-.--,18.00,11,"1.0 IP, 0 ER, 2 K, 0 BB",0,0,0.00,1.23,0,.---,0
822067,A.J. Causey,2025,Surprise Saguaros,Peoria Javelinas,2025-11-01,True,True,825578,R,0,2,.290,0,0,2,0,0,0,.---,0,0,0,8.22,0,1,1,1,0,0,1,1.75,0,0,1,27.00,0,0,0.00,2,0,0.1,0,0,5,.500,1.000,1,0,15.00,0,0.00,0,0,1,1,0,.500,.---,0,0,.600,-.--,0.00,3,"0.1 IP, 0 ER, 0 K, 0 BB",1,0,0.00,1.30,0,.---,0
822067,A.J. Causey,2025,Surprise Saguaros,Salt River Rafters,2025-11-04,True,True,825579,R,2,4,.286,0,0,5,0,0,0,.---,0,0,0,7.27,2,1,1,1,0,0,0,1.17,1,1,1,9.00,0,0,0.00,0,0,1.0,0,0,15,.400,.650,3,0,15.00,0,0.00,0,0,0,0,0,.250,.---,0,1,.600,-.--,9.00,9,"1.0 IP, 0 ER, K, 0 BB",1,0,0.00,1.27,0,.---,0
822067,A.J. Causey,2025,Surprise Saguaros,Peoria Javelinas,2025-11-10,True,False,825575,R,2,5,.300,0,0,5,0,0,0,.---,0,2,1,7.45,2,0,1,1,0,0,0,0.88,0,0,2,18.00,0,0,0.00,0,0,1.0,0,1,21,.400,1.200,3,0,21.00,1,9.00,0,0,0,0,0,.800,.---,0,1,.670,-.--,9.00,14,"1.0 IP, ER, K, 0 BB",4,0,0.00,1.34,0,.000,0
822067,A.J. Causey,2025,Surprise Saguaros,Mesa Solar Sox,2025-11-13,True,True,825580,L,1,3,.000,0,0,3,0,0,0,.---,0,0,0,0.00,1,1,1,1,0,0,1,1.00,0,0,0,0.00,0,0,0.00,0,0,1.0,0,0,11,.000,.000,3,0,11.00,0,0.00,0,0,0,0,0,.000,.---,0,1,.640,-.--,9.00,7,"1.0 IP, 0 ER, K, 0 BB",0,0,0.00,0.00,0,1.000,1
823801,Tanner Smith,2025,Peoria Javelinas,Scottsdale Scorpions,2025-10-06,False,True,825618,R,1,3,.333,0,0,3,0,0,0,.---,0,0,0,0.00,0,0,1,1,0,0,0,0.00,0,0,1,9.00,1,0,0.00,0,0,1.0,0,0,10,.333,.666,3,1,10.00,0,0.00,0,0,0,0,0,.333,.---,0,1,.600,-.--,9.00,6,"1.0 IP, 0 ER, K, 0 BB",1,0,0.00,1.00,0,.---,0
823801,Tanner Smith,2025,Peoria Javelinas,Scottsdale Scorpions,2025-10-14,True,False,825649,R,2,3,.167,0,0,3,0,0,0,.---,0,0,0,0.00,0,0,1,1,0,0,0,0.00,0,0,0,0.00,0,0,0.00,0,0,1.0,0,0,10,.000,.000,3,0,10.00,0,0.00,0,0,0,0,0,.000,.---,0,1,.600,-.--,9.00,6,"1.0 IP, 0 ER, K, 0 BB",0,0,0.00,0.50,0,.---,0
823801,Tanner Smith,2025,Peoria Javelinas,Salt River Rafters,2025-10-17,False,True,825632,R,2,3,.111,0,1,4,0,0,0,.---,0,0,0,0.00,1,1,1,1,0,0,0,0.00,0,0,0,0.00,0,0,0.00,0,0,1.0,0,0,17,.250,.250,3,0,17.00,0,0.00,0,0,0,0,0,.000,.---,0,1,.650,1.00,9.00,11,"1.0 IP, 0 ER, K, BB",0,0,9.00,0.67,0,.---,0
823801,Tanner Smith,2025,Peoria Javelinas,Scottsdale Scorpions,2025-10-21,True,True,825616,R,0,5,.143,0,1,6,0,0,0,.---,0,0,0,0.00,0,0,1,1,0,1,1,0.20,0,0,1,5.40,1,0,0.00,3,0,1.2,0,0,27,.333,.533,5,0,16.20,0,0.00,0,0,0,0,0,.200,.---,0,3,.590,3.00,16.20,16,"1.2 IP, 0 ER, 3 K, BB",1,0,5.40,0.86,0,.---,0
823801,Tanner Smith,2025,Peoria Javelinas,Surprise Saguaros,2025-10-26,False,False,825584,R,0,5,.211,0,0,5,0,0,0,.000,0,0,1,1.59,0,1,1,1,0,0,0,0.20,0,0,2,18.00,0,1,9.00,0,0,1.0,0,1,20,.400,1.400,3,0,20.00,1,9.00,0,0,0,0,0,1.000,1.000,1,3,.600,-.--,27.00,12,"1.0 IP, ER, 3 K, 0 BB",5,0,0.00,1.06,0,.000,0
823801,Tanner Smith,2025,Peoria Javelinas,Surprise Saguaros,2025-11-01,False,False,825578,R,0,6,.240,0,0,6,0,0,0,.000,0,0,0,1.35,0,0,1,1,0,0,1,0.40,0,0,2,18.00,0,0,0.00,0,0,1.0,0,0,17,.333,.666,3,0,17.00,2,18.00,0,0,0,0,0,.333,1.000,1,3,.710,-.--,27.00,12,"1.0 IP, 0 ER, 3 K, 0 BB",2,0,0.00,1.20,1,.---,0
823801,Tanner Smith,2025,Peoria Javelinas,Salt River Rafters,2025-11-05,False,False,825625,R,1,5,.233,0,1,6,1,0,0,.000,0,0,2,3.52,1,0,1,1,0,0,2,0.67,0,0,1,9.00,0,0,0.00,0,0,1.0,0,1,21,.333,.533,3,0,21.00,2,18.00,0,0,1,0,0,.200,1.000,1,1,.620,1.00,9.00,13,"1.0 IP, 2 ER, K, BB",1,0,9.00,1.30,2,.000,0
823801,Tanner Smith,2025,Peoria Javelinas,Scottsdale Scorpions,2025-11-13,False,True,825571,L,0,4,.250,0,1,6,0,0,1,1.000,0,0,1,9.00,0,0,1,1,0,0,2,2.00,1,1,1,9.00,0,0,0.00,0,0,1.0,0,0,18,.500,.750,3,0,18.00,1,9.00,0,0,0,0,0,.250,.000,0,1,.610,1.00,9.00,11,"1.0 IP, ER, K, BB",1,0,9.00,2.00,0,.---,0
815794,Hyun-Seok Jang,2025,Glendale Desert Dogs,Salt River Rafters,2025-10-14,False,False,825636,R,1,3,.333,0,2,5,0,0,0,.---,0,0,1,13.50,1,0,1,1,0,0,1,1.00,0,0,1,13.50,0,1,13.50,0,0,0.2,0,0,26,.600,1.933,2,0,39.00,1,13.50,0,0,0,0,0,1.333,.---,0,0,.500,0.00,0.00,13,"0.2 IP, ER, 0 K, 2 BB",4,0,27.00,4.50,0,.---,0
815794,Hyun-Seok Jang,2025,Glendale Desert Dogs,Surprise Saguaros,2025-10-21,False,False,825664,R,1,5,.375,0,1,6,0,0,0,.---,0,0,3,21.60,1,0,1,1,1,0,0,0.50,0,0,2,18.00,0,2,18.00,0,0,1.0,0,0,25,.500,2.100,3,0,25.00,3,27.00,0,0,0,0,0,1.600,.---,0,2,.600,2.00,18.00,15,"1.0 IP, 3 ER, 2 K, BB",8,0,9.00,3.60,0,.---,0
815794,Hyun-Seok Jang,2025,Glendale Desert Dogs,Salt River Rafters,2025-10-26,True,True,825660,R,3,10,.222,0,2,12,0,0,0,.000,0,1,0,7.71,2,0,1,1,1,0,6,1.40,0,0,1,3.00,0,0,0.00,0,0,3.0,0,0,42,.250,.450,9,0,14.00,0,0.00,0,0,0,0,0,.200,1.000,1,0,.550,0.00,0.00,23,"3.0 IP, 0 ER, 0 K, 2 BB",2,0,6.00,1.93,1,1.000,1
815794,Hyun-Seok Jang,2025,Glendale Desert Dogs,Surprise Saguaros,2025-11-02,True,False,825658,R,2,11,.310,0,1,12,0,0,0,.---,0,3,3,9.00,1,0,1,1,1,0,1,1.14,0,0,5,19.29,0,0,0.00,0,0,2.1,0,1,53,.500,1.227,7,1,22.71,3,11.57,0,0,0,0,0,.727,.---,0,3,.570,3.00,11.57,30,"2.1 IP, 3 ER, 3 K, BB",8,0,3.86,2.14,0,.000,0
815794,Hyun-Seok Jang,2025,Glendale Desert Dogs,Scottsdale Scorpions,2025-11-11,False,True,825608,R,1,7,.306,1,3,10,0,0,0,.---,0,0,2,9.00,1,0,1,1,1,1,2,1.25,0,0,2,9.00,0,0,0.00,0,0,2.0,0,0,56,.500,.786,6,0,28.00,2,9.00,0,0,0,0,0,.286,.---,0,2,.550,0.67,9.00,31,"2.0 IP, 2 ER, 2 K, 3 BB",2,0,13.50,2.22,1,.---,0
691384,Luis Perales,2025,Salt River Rafters,Glendale Desert Dogs,2025-10-07,True,True,825635,R,0,4,.250,0,3,7,0,0,1,.500,0,0,0,0.00,0,0,1,1,1,0,1,1.00,0,0,1,6.75,0,0,0.00,0,0,1.1,0,0,33,.571,.821,4,0,24.75,0,0.00,0,0,0,0,0,.250,.500,1,2,.520,0.67,13.50,17,"1.1 IP, 0 ER, 2 K, 3 BB",1,0,20.25,3.00,0,.---,0
691384,Luis Perales,2025,Salt River Rafters,Glendale Desert Dogs,2025-10-14,True,True,825636,R,0,6,.100,0,1,7,0,0,0,.000,0,0,1,2.70,0,0,1,1,1,0,2,3.00,0,0,0,0.00,0,0,0.00,0,0,2.0,0,0,31,.143,.143,6,0,15.50,1,4.50,0,0,0,0,0,.000,1.000,1,4,.680,4.00,18.00,21,"2.0 IP, ER, 4 K, BB",0,0,4.50,1.50,1,.---,0
691384,Luis Perales,2025,Salt River Rafters,Glendale Desert Dogs,2025-10-19,False,True,825647,R,1,9,.211,0,3,12,0,0,0,.000,0,0,3,6.75,0,0,1,1,1,0,2,5.00,0,0,3,13.50,0,1,4.50,0,0,2.0,0,0,51,.500,1.167,6,0,25.50,3,13.50,0,0,0,0,0,.667,1.000,1,3,.570,1.00,13.50,29,"2.0 IP, 3 ER, 3 K, 3 BB",6,0,13.50,2.06,0,.---,0
691384,Luis Perales,2025,Salt River Rafters,Glendale Desert Dogs,2025-10-26,False,False,825660,R,2,13,.281,0,1,14,0,0,0,.000,0,0,2,6.75,1,0,1,1,1,0,4,3.00,0,0,5,16.88,0,0,0.00,0,0,2.2,0,1,54,.429,.967,8,1,20.25,3,10.13,0,0,0,0,0,.538,1.000,2,2,.610,2.00,6.75,33,"2.2 IP, 2 ER, 2 K, BB",7,1,3.38,2.13,1,.000,0
691384,Luis Perales,2025,Salt River Rafters,Scottsdale Scorpions,2025-11-01,False,False,825611,R,2,11,.326,0,2,14,0,0,0,.---,0,1,5,9.58,1,0,1,1,1,0,0,1.80,0,0,5,19.29,0,1,3.86,0,0,2.1,0,0,55,.500,1.500,7,0,23.57,5,19.29,0,1,0,0,0,1.000,.---,0,5,.650,2.50,19.29,36,"2.1 IP, 5 ER, 5 K, 2 BB",11,1,7.71,2.32,0,.---,0
691384,Luis Perales,2025,Salt River Rafters,Surprise Saguaros,2025-11-07,False,False,825576,R,0,5,.333,0,1,6,0,0,0,.000,0,1,2,10.32,0,0,1,1,1,0,0,1.80,0,0,2,18.00,0,0,0.00,0,0,1.0,0,1,23,.500,1.100,3,0,23.00,2,18.00,0,0,0,0,0,.600,1.000,1,3,.700,3.00,27.00,16,"1.0 IP, 2 ER, 3 K, BB",3,0,9.00,2.38,1,.000,0
698952,Jose T. Perez,2025,Scottsdale Scorpions,Glendale Desert Dogs,2025-10-09,False,False,825666,R,2,5,.600,0,2,7,0,0,0,.000,0,0,2,27.00,0,0,1,1,0,0,0,0.00,0,0,3,40.50,0,0,0.00,0,0,0.2,0,0,30,.714,1.314,2,0,45.00,2,27.00,0,0,0,0,0,.600,1.000,1,0,.500,0.00,0.00,15,"0.2 IP, 2 ER, 0 K, 2 BB",3,0,27.00,7.50,2,.---,0
698952,Jose T. Perez,2025,Scottsdale Scorpions,Glendale Desert Dogs,2025-10-16,True,True,825621,R,2,5,.400,0,1,8,0,0,0,.---,0,0,0,9.00,0,0,1,1,0,0,1,0.25,2,2,1,6.75,1,0,0.00,0,0,1.1,0,0,30,.500,.700,4,0,22.50,0,0.00,0,0,0,0,0,.200,.---,0,1,.500,1.00,6.75,15,"1.1 IP, 0 ER, K, BB",1,0,6.75,3.50,2,.---,0
698952,Jose T. Perez,2025,Scottsdale Scorpions,Surprise Saguaros,2025-10-19,True,True,825615,R,1,7,.353,0,2,9,0,0,0,.---,0,0,1,6.75,0,0,1,1,0,1,2,0.60,0,0,2,9.00,0,1,4.50,0,0,2.0,0,0,35,.444,1.158,6,0,17.50,1,4.50,0,0,0,0,0,.714,.---,0,2,.510,1.00,9.00,18,"2.0 IP, ER, 2 K, 2 BB",5,0,9.00,2.75,0,.---,0
698952,Jose T. Perez,2025,Scottsdale Scorpions,Mesa Solar Sox,2025-10-26,True,True,825609,R,2,3,.300,0,2,6,0,0,0,.000,0,0,0,5.40,1,0,1,1,0,0,1,0.57,1,1,0,0.00,0,0,0.00,0,0,1.0,0,0,21,.500,.500,3,0,21.00,0,0.00,0,0,0,0,0,.000,1.000,2,0,.430,0.00,0.00,9,"1.0 IP, 0 ER, 0 K, 2 BB",0,0,18.00,2.60,1,1.000,1
698952,Jose T. Perez,2025,Scottsdale Scorpions,Peoria Javelinas,2025-11-02,True,True,825610,R,1,4,.292,0,0,4,0,0,0,.---,0,0,0,4.50,1,0,1,1,0,0,0,0.50,0,0,1,9.00,1,0,0.00,0,0,1.0,0,0,16,.250,1.000,3,0,16.00,0,0.00,0,0,0,0,0,.750,.---,0,2,.750,-.--,18.00,12,"1.0 IP, 0 ER, 2 K, 0 BB",3,1,0.00,2.33,0,.---,0
698952,Jose T. Perez,2025,Scottsdale Scorpions,Glendale Desert Dogs,2025-11-07,False,False,825655,R,0,3,.296,0,1,4,0,0,1,.500,0,0,0,3.86,0,0,1,1,0,0,2,0.75,0,0,1,9.00,0,0,0.00,0,0,1.0,0,0,15,.500,.833,3,0,15.00,0,0.00,0,0,0,0,0,.333,.500,1,0,.530,0.00,0.00,8,"1.0 IP, 0 ER, 0 K, BB",1,0,9.00,2.29,0,.---,0
698952,Jose T. Perez,2025,Scottsdale Scorpions,Glendale Desert Dogs,2025-11-11,True,False,825608,R,3,6,.303,0,0,8,0,0,0,.000,0,1,2,5.19,3,0,1,1,0,0,1,0.64,1,1,2,10.80,0,0,0.00,0,0,1.2,0,0,28,.375,.875,5,0,16.80,2,10.80,0,1,0,0,0,.500,1.000,1,1,.640,-.--,5.40,18,"1.2 IP, 2 ER, K, 0 BB",3,0,0.00,2.08,1,.---,0
806281,Blaze Pontes,2025,Mesa Solar Sox,Surprise Saguaros,2025-10-07,True,False,825607,R,0,2,.000,0,0,2,0,0,0,.---,0,0,0,0.00,0,0,1,1,0,0,1,1.00,0,0,0,0.00,0,0,0.00,2,1,0.2,0,0,10,.000,.000,2,0,15.00,0,0.00,0,0,0,0,0,.000,.---,0,1,.500,-.--,13.50,5,"0.2 IP, 0 ER, K, 0 BB",0,0,0.00,0.00,0,.---,0
806281,Blaze Pontes,2025,Mesa Solar Sox,Salt River Rafters,2025-10-09,False,True,825637,R,1,1,.000,0,1,2,0,0,0,.---,0,0,0,0.00,0,0,1,1,0,0,0,1.00,0,0,0,0.00,0,0,0.00,0,0,0.1,0,0,8,.500,.500,1,0,24.00,0,0.00,0,0,0,0,0,.000,.---,0,0,.500,0.00,0.00,4,"0.1 IP, 0 ER, 0 K, BB",0,0,27.00,1.00,0,.---,0
806281,Blaze Pontes,2025,Mesa Solar Sox,Surprise Saguaros,2025-10-15,False,False,825589,R,0,3,.000,0,1,4,0,0,0,.---,0,0,0,0.00,0,0,1,1,0,0,0,1.00,0,0,0,0.00,0,0,0.00,0,0,1.0,0,0,21,.250,.250,3,0,21.00,0,0.00,0,0,0,0,0,.000,.---,0,3,.570,3.00,27.00,12,"1.0 IP, 0 ER, 3 K, BB",0,0,9.00,1.00,1,.---,0
806281,Blaze Pontes,2025,Mesa Solar Sox,Scottsdale Scorpions,2025-10-17,True,False,825595,R,1,3,.111,0,0,3,0,0,0,.---,0,0,0,0.00,0,0,1,1,0,1,1,1.00,0,0,1,9.00,0,0,0.00,0,0,1.0,0,0,7,.333,.666,3,0,7.00,0,0.00,0,0,0,0,0,.333,.---,0,0,.710,-.--,0.00,5,"1.0 IP, 0 ER, 0 K, 0 BB",1,0,0.00,1.00,0,.---,0
806281,Blaze Pontes,2025,Mesa Solar Sox,Salt River Rafters,2025-10-21,True,True,825605,R,0,7,.250,0,0,7,1,0,0,.---,0,0,1,2.08,0,0,1,1,0,0,3,2.50,0,0,3,20.25,0,0,0.00,1,1,1.1,0,0,24,.429,1.143,4,0,18.00,1,6.75,0,0,1,0,0,.714,.---,0,1,.670,-.--,6.75,16,"1.1 IP, ER, K, 0 BB",5,1,0.00,1.38,1,.---,0
806281,Blaze Pontes,2025,Mesa Solar Sox,Scottsdale Scorpions,2025-10-26,False,False,825609,R,0,7,.348,0,1,8,0,0,0,.000,0,0,3,6.75,0,1,1,1,0,0,1,3.00,0,0,4,36.00,0,1,9.00,0,0,1.0,0,1,33,.625,1.625,3,0,33.00,3,27.00,0,0,0,0,0,1.000,1.000,1,2,.640,2.00,18.00,21,"1.0 IP, 3 ER, 2 K, BB",7,0,9.00,2.06,0,.000,0
806281,Blaze Pontes,2025,Mesa Solar Sox,Glendale Desert Dogs,2025-11-01,True,True,825598,R,1,7,.333,0,1,8,0,0,0,.---,0,0,0,4.91,1,0,1,1,0,1,4,3.33,0,0,2,9.00,0,0,0.00,0,0,2.0,0,0,31,.375,.661,6,0,15.50,0,0.00,0,0,0,0,0,.286,.---,0,0,.550,0.00,0.00,17,"2.0 IP, 0 ER, 0 K, BB",2,0,4.50,1.91,0,.---,0
806281,Blaze Pontes,2025,Mesa Solar Sox,Glendale Desert Dogs,2025-11-05,True,False,825594,R,1,6,.361,0,0,6,0,0,1,.500,0,0,0,4.15,0,0,1,1,0,0,0,2.50,0,0,3,20.25,0,0,0.00,2,1,1.1,0,0,23,.500,1.000,4,0,17.25,0,0.00,0,0,0,0,0,.500,.500,1,2,.610,-.--,13.50,14,"1.1 IP, 0 ER, 2 K, 0 BB",3,0,0.00,1.96,0,.---,0
806281,Blaze Pontes,2025,Mesa Solar Sox,Peoria Javelinas,2025-11-11,True,True,825592,R,1,3,.333,0,0,3,0,0,0,.---,0,0,0,3.72,1,0,1,1,0,0,1,2.20,0,0,0,0.00,0,0,0.00,0,0,1.0,0,0,14,.000,.000,3,0,14.00,0,0.00,0,0,0,0,0,.000,.---,0,1,.640,-.--,9.00,9,"1.0 IP, 0 ER, K, 0 BB",0,0,0.00,1.76,0,.---,0
689223,Derek True,2025,Scottsdale Scorpions,Mesa Solar Sox,2025-10-10,True,True,825620,R,0,3,.333,0,1,4,0,0,0,.---,0,0,0,0.00,0,0,1,1,0,0,0,-.--,0,0,1,13.50,0,0,0.00,0,0,0.2,0,0,25,.500,.833,2,0,37.50,0,0.00,0,0,0,0,0,.333,.---,0,2,.560,2.00,27.00,14,"0.2 IP, 0 ER, 2 K, BB",1,0,13.50,3.00,0,.---,0
689223,Derek True,2025,Scottsdale Scorpions,Mesa Solar Sox,2025-10-17,False,True,825595,R,1,4,.286,0,0,4,0,0,0,.---,0,0,0,0.00,0,0,1,1,0,0,1,1.00,0,0,1,9.00,0,0,0.00,0,0,1.0,0,0,15,.250,.500,3,0,15.00,0,0.00,0,0,0,0,0,.250,.---,0,1,.670,-.--,9.00,10,"1.0 IP, 0 ER, K, 0 BB",1,0,0.00,1.80,1,.---,0
689223,Derek True,2025,Scottsdale Scorpions,Peoria Javelinas,2025-10-21,False,True,825646,R,0,3,.200,0,0,3,0,0,0,.---,0,0,0,0.00,0,1,1,1,0,0,0,1.00,0,0,0,0.00,0,0,0.00,0,0,1.0,0,0,12,.000,.000,3,0,12.00,0,0.00,0,0,0,0,0,.000,.---,0,3,.750,-.--,27.00,9,"1.0 IP, 0 ER, 3 K, 0 BB",0,0,0.00,1.13,0,.---,0
689223,Derek True,2025,Scottsdale Scorpions,Mesa Solar Sox,2025-10-26,True,True,825609,R,2,4,.214,0,0,4,0,0,0,.---,0,0,0,0.00,1,1,1,1,0,0,0,0.33,0,0,1,9.00,0,0,0.00,0,0,1.0,0,0,9,.250,.500,3,0,9.00,0,0.00,0,0,1,1,0,.250,.---,0,1,.890,-.--,9.00,8,"1.0 IP, 0 ER, K, 0 BB",1,0,0.00,1.09,0,.---,0
689223,Derek True,2025,Scottsdale Scorpions,Salt River Rafters,2025-10-31,False,True,825626,R,1,5,.316,0,1,6,0,0,0,.---,0,1,2,3.86,1,1,1,1,0,1,1,0.50,0,0,3,27.00,0,0,0.00,0,0,1.0,0,0,28,.667,1.467,3,0,28.00,2,18.00,0,0,0,0,0,.800,.---,0,0,.570,0.00,0.00,16,"1.0 IP, 2 ER, 0 K, BB",4,0,9.00,1.71,0,.---,0
689223,Derek True,2025,Scottsdale Scorpions,Surprise Saguaros,2025-11-05,False,True,825577,R,0,6,.360,0,0,6,0,0,0,.000,0,0,1,4.76,0,0,1,1,0,0,0,0.50,0,0,3,27.00,0,0,0.00,0,0,1.0,0,0,26,.500,1.000,3,0,26.00,1,9.00,0,0,0,0,0,.500,1.000,1,3,.730,-.--,27.00,19,"1.0 IP, ER, 3 K, 0 BB",3,0,0.00,1.94,0,.---,0
689223,Derek True,2025,Scottsdale Scorpions,Glendale Desert Dogs,2025-11-11,True,False,825608,R,0,6,.419,0,1,7,0,0,1,.333,0,1,3,8.10,0,0,1,1,1,0,0,0.50,0,0,4,36.00,0,0,0.00,0,0,1.0,0,0,31,.714,1.547,3,0,31.00,3,27.00,0,0,0,0,0,.833,.667,2,2,.550,2.00,18.00,17,"1.0 IP, 3 ER, 2 K, BB",5,0,9.00,2.40,0,.---,0
700675,Jimmy Kingsbury,2025,Peoria Javelinas,Mesa Solar Sox,2025-10-08,False,True,825606,R,0,3,.333,0,1,4,0,0,0,.---,0,0,0,0.00,0,0,1,1,0,1,2,2.00,0,0,1,9.00,0,0,0.00,0,0,1.0,0,0,17,.500,.833,3,0,17.00,0,0.00,0,0,0,0,0,.333,.---,0,0,.530,0.00,0.00,9,"1.0 IP, 0 ER, 0 K, BB",1,0,9.00,2.00,0,.---,0
700675,Jimmy Kingsbury,2025,Peoria Javelinas,Scottsdale Scorpions,2025-10-14,True,False,825649,R,2,7,.400,0,0,8,0,0,0,.---,0,1,2,6.75,1,0,1,1,0,0,3,2.50,0,0,3,16.20,0,0,0.00,1,1,1.2,0,0,27,.375,1.232,5,0,16.20,2,10.80,0,1,0,0,0,.857,.---,0,0,.630,-.--,0.00,17,"1.2 IP, 2 ER, 0 K, 0 BB",6,1,0.00,1.88,0,.---,0
700675,Jimmy Kingsbury,2025,Peoria Javelinas,Mesa Solar Sox,2025-10-19,True,False,825645,R,0,7,.353,0,1,8,0,0,1,1.000,0,0,1,5.79,0,0,1,1,0,0,3,4.00,0,0,2,9.00,0,1,4.50,0,0,2.0,0,0,40,.375,1.089,6,0,20.00,1,4.50,0,0,0,0,0,.714,.000,0,2,.600,2.00,9.00,24,"2.0 IP, ER, 2 K, BB",5,0,4.50,1.71,0,.---,0
700675,Jimmy Kingsbury,2025,Peoria Javelinas,Scottsdale Scorpions,2025-10-23,True,False,825638,R,1,5,.318,0,0,5,0,0,0,.000,0,0,0,4.50,1,0,1,1,0,0,1,3.00,0,0,1,6.75,0,0,0.00,3,0,1.1,0,0,18,.200,.400,4,0,13.50,0,0.00,0,0,0,0,0,.200,1.000,2,2,.780,-.--,13.50,14,"1.1 IP, 0 ER, 2 K, 0 BB",1,0,0.00,1.50,0,.---,0
700675,Jimmy Kingsbury,2025,Peoria Javelinas,Salt River Rafters,2025-10-28,True,True,825639,R,0,5,.259,0,0,5,0,0,0,.---,0,0,0,3.52,0,0,1,1,0,0,3,4.00,0,0,0,0.00,0,0,0.00,2,0,1.2,0,0,15,.000,.000,5,0,9.00,0,0.00,0,0,0,0,0,.000,.---,0,2,.800,-.--,10.80,12,"1.2 IP, 0 ER, 2 K, 0 BB",0,0,0.00,1.17,0,1.000,1
700675,Jimmy Kingsbury,2025,Peoria Javelinas,Surprise Saguaros,2025-11-01,False,False,825578,R,2,4,.258,0,0,4,0,0,1,.333,0,0,0,3.00,1,0,1,1,0,0,0,2.40,0,0,1,6.75,0,0,0.00,2,1,1.1,0,0,19,.250,.500,4,0,14.25,0,0.00,0,0,0,0,0,.250,.667,2,1,.630,-.--,6.75,12,"1.1 IP, 0 ER, K, 0 BB",1,0,0.00,1.11,0,.---,0
700675,Jimmy Kingsbury,2025,Peoria Javelinas,Salt River Rafters,2025-11-05,False,False,825625,R,1,6,.216,0,0,6,0,0,0,.---,0,0,0,2.45,0,0,1,1,0,0,3,2.50,0,0,0,0.00,0,0,0.00,0,0,2.0,0,0,15,.000,.000,6,0,7.50,0,0.00,0,0,0,0,0,.000,.---,0,2,.730,-.--,9.00,11,"2.0 IP, 0 ER, 2 K, 0 BB",0,0,0.00,0.91,0,.---,0
700675,Jimmy Kingsbury,2025,Peoria Javelinas,Glendale Desert Dogs,2025-11-12,True,True,825573,D,1,7,.143,0,0,7,0,0,0,.---,0,0,0,0.00,0,0,1,1,0,0,4,4.00,0,0,1,4.50,0,0,0.00,0,0,2.0,0,0,31,.143,.286,6,0,15.50,0,0.00,0,0,0,0,0,.143,.---,0,1,.520,-.--,4.50,16,"2.0 IP, 0 ER, K, 0 BB",1,0,0.00,0.50,0,.---,0
688692,Jared Simpson,2025,Scottsdale Scorpions,Peoria Javelinas,2025-10-06,True,False,825618,R,2,6,.000,0,0,6,0,0,0,.---,0,0,0,0.00,0,0,1,1,0,0,1,0.50,0,0,0,0.00,0,0,0.00,2,0,2.0,0,0,26,.000,.000,6,0,13.00,0,0.00,0,0,0,0,0,.000,.---,0,3,.730,-.--,13.50,19,"2.0 IP, 0 ER, 3 K, 0 BB",0,0,0.00,0.00,1,.---,0
688692,Jared Simpson,2025,Scottsdale Scorpions,Mesa Solar Sox,2025-10-10,True,True,825620,R,1,1,.000,0,0,1,0,0,0,.---,0,0,0,0.00,1,1,1,1,0,0,0,0.33,0,0,0,0.00,0,0,0.00,2,0,0.1,0,0,4,.000,.000,1,0,12.00,0,0.00,0,0,0,0,0,.000,.---,0,0,1.000,-.--,0.00,4,"0.1 IP, 0 ER, 0 K, 0 BB",0,0,0.00,0.00,0,.---,0
688692,Jared Simpson,2025,Scottsdale Scorpions,Mesa Solar Sox,2025-10-17,False,True,825595,R,1,7,.214,0,0,7,0,0,0,.---,0,0,0,0.00,0,0,1,1,0,2,3,1.00,0,0,3,13.50,0,0,0.00,0,0,2.0,0,0,23,.429,.858,6,0,11.50,0,0.00,0,0,0,0,0,.429,.---,0,0,.740,-.--,0.00,17,"2.0 IP, 0 ER, 0 K, 0 BB",3,0,0.00,0.69,0,.---,0
688692,Jared Simpson,2025,Scottsdale Scorpions,Peoria Javelinas,2025-10-21,False,True,825646,R,3,6,.150,0,1,8,0,0,0,.000,0,0,0,0.00,2,0,1,1,0,0,0,0.57,1,1,0,0.00,1,0,0.00,0,0,2.0,0,0,24,.250,.250,6,0,12.00,0,0.00,0,0,0,0,0,.000,1.000,1,3,.670,3.00,13.50,16,"2.0 IP, 0 ER, 3 K, BB",0,0,4.50,0.63,0,.---,0
688692,Jared Simpson,2025,Scottsdale Scorpions,Salt River Rafters,2025-10-24,False,True,825629,R,2,4,.167,0,0,4,0,0,1,1.000,0,0,0,0.00,1,0,1,1,0,0,0,0.44,0,0,1,6.75,0,0,0.00,1,0,1.1,0,0,10,.250,.500,4,0,7.50,0,0.00,0,0,0,0,0,.250,.000,0,1,.800,-.--,6.75,8,"1.1 IP, 0 ER, K, 0 BB",1,0,0.00,0.65,0,.---,0
688692,Jared Simpson,2025,Scottsdale Scorpions,Surprise Saguaros,2025-10-28,True,True,825613,R,1,4,.179,0,1,5,0,0,0,.---,0,0,0,0.00,1,1,1,1,0,1,2,0.60,0,0,1,9.00,0,0,0.00,0,0,1.0,0,0,19,.400,.650,3,0,19.00,1,9.00,0,0,1,1,0,.250,.---,0,0,.580,0.00,0.00,11,"1.0 IP, 0 ER, 0 K, BB",1,0,9.00,0.81,0,.---,0
688692,Jared Simpson,2025,Scottsdale Scorpions,Salt River Rafters,2025-11-01,True,True,825611,R,1,6,.176,0,0,8,0,0,0,.---,0,0,0,0.00,1,0,1,1,0,0,3,0.82,1,1,1,4.50,0,0,0.00,2,1,2.0,0,0,32,.250,.417,6,0,16.00,0,0.00,0,1,0,0,0,.167,.---,0,2,.590,-.--,9.00,19,"2.0 IP, 0 ER, 2 K, 0 BB",1,0,0.00,0.75,0,.---,0
688692,Jared Simpson,2025,Scottsdale Scorpions,Surprise Saguaros,2025-11-05,False,True,825577,R,2,6,.175,0,2,9,0,1,0,.---,0,0,0,0.00,2,1,1,1,0,0,0,0.69,0,0,1,4.50,0,0,0.00,0,0,2.0,0,0,43,.375,.542,6,0,21.50,0,0.00,0,0,0,0,0,.167,.---,0,3,.580,1.50,13.50,25,"2.0 IP, 0 ER, 3 K, 2 BB",1,0,9.00,0.87,0,.---,0
688692,Jared Simpson,2025,Scottsdale Scorpions,Salt River Rafters,2025-11-10,False,False,825623,R,0,4,.227,0,1,5,0,0,0,.---,0,0,2,1.38,0,0,1,1,0,0,0,0.69,0,0,3,81.00,0,0,0.00,0,0,0.1,0,0,26,.800,1.550,1,0,78.00,2,54.00,0,0,0,0,0,.750,.---,0,1,.650,1.00,27.00,17,"0.1 IP, 2 ER, K, BB",3,0,27.00,1.15,0,.---,0
688692,Jared Simpson,2025,Scottsdale Scorpions,Peoria Javelinas,2025-11-13,True,False,825571,L,2,4,.000,0,3,8,0,0,1,1.000,0,0,0,0.00,1,0,1,1,0,0,1,0.50,0,0,0,0.00,0,0,0.00,3,2,2.0,0,0,43,.375,.375,6,1,21.50,0,0.00,0,1,0,0,0,.000,.000,0,2,.530,0.67,9.00,23,"2.0 IP, 0 ER, 2 K, 3 BB",0,0,13.50,1.50,0,.---,0
694696,Cade Smith,2025,Mesa Solar Sox,Surprise Saguaros,2025-10-14,True,True,825604,R,2,9,.000,0,1,10,0,0,0,.---,0,0,0,0.00,2,0,1,1,0,0,2,1.00,0,0,0,0.00,1,0,0.00,0,0,3.0,0,0,48,.100,.100,9,0,16.00,0,0.00,0,0,0,0,0,.000,.---,0,5,.540,5.00,15.00,26,"3.0 IP, 0 ER, 5 K, BB",0,0,3.00,0.33,0,.---,0
694696,Cade Smith,2025,Mesa Solar Sox,Salt River Rafters,2025-10-21,True,True,825605,R,2,12,.048,0,0,12,0,0,0,.---,0,0,1,1.35,1,0,1,1,1,0,4,1.50,0,0,1,2.45,0,0,0.00,0,0,3.2,0,0,54,.083,.166,11,0,14.73,1,2.45,0,0,0,0,0,.083,.---,0,5,.610,-.--,12.27,33,"3.2 IP, ER, 5 K, 0 BB",1,0,0.00,0.30,0,.---,0
694696,Cade Smith,2025,Mesa Solar Sox,Glendale Desert Dogs,2025-10-28,True,True,825599,R,5,11,.094,0,0,11,0,0,0,.---,0,1,0,0.93,2,0,1,1,1,0,3,1.00,0,0,2,6.00,0,0,0.00,0,0,3.0,0,0,46,.182,.455,9,0,15.33,0,0.00,0,0,0,0,0,.273,.---,0,1,.650,-.--,3.00,30,"3.0 IP, 0 ER, K, 0 BB",3,0,0.00,0.41,0,1.000,1
694696,Cade Smith,2025,Mesa Solar Sox,Scottsdale Scorpions,2025-11-04,True,True,825596,R,2,12,.159,0,1,13,0,0,0,.---,0,1,2,2.13,1,0,1,1,0,1,3,1.09,0,0,4,12.00,0,0,0.00,0,0,3.0,0,0,52,.385,.802,9,0,17.33,2,6.00,0,0,0,0,0,.417,.---,0,3,.650,3.00,9.00,34,"3.0 IP, 2 ER, 3 K, BB",5,0,3.00,0.71,2,.---,0
694696,Cade Smith,2025,Mesa Solar Sox,Surprise Saguaros,2025-11-13,False,False,825580,L,4,9,.222,0,4,14,0,0,0,.000,0,1,2,6.75,0,0,1,1,1,1,2,0.50,1,1,2,6.75,0,0,0.00,0,0,2.2,0,0,61,.500,.833,8,0,22.88,2,6.75,0,0,0,0,0,.333,1.000,1,1,.480,0.25,3.38,29,"2.2 IP, 2 ER, K, 4 BB",3,0,13.50,2.25,1,.---,0
806334,Alex Amalfi,2025,Glendale Desert Dogs,Salt River Rafters,2025-10-07,False,False,825635,R,4,14,.357,0,1,16,0,0,0,.000,0,1,3,9.00,3,0,1,1,1,0,3,0.75,1,1,5,15.00,0,1,3.00,0,0,3.0,0,0,46,.438,1.081,9,0,15.33,3,9.00,0,0,0,0,0,.643,1.000,1,2,.700,2.00,6.00,32,"3.0 IP, 3 ER, 2 K, BB",9,0,3.00,2.00,0,.---,0
806334,Alex Amalfi,2025,Glendale Desert Dogs,Peoria Javelinas,2025-10-15,False,True,825648,R,5,10,.333,0,2,12,0,0,0,.000,0,1,3,10.13,4,0,1,1,1,0,1,0.44,0,0,3,11.57,0,1,3.86,0,0,2.1,0,0,54,.417,1.117,7,0,23.14,3,11.57,0,0,0,0,0,.700,1.000,1,1,.590,0.50,3.86,32,"2.1 IP, 3 ER, K, 2 BB",7,0,7.71,2.06,0,.---,0
806334,Alex Amalfi,2025,Glendale Desert Dogs,Surprise Saguaros,2025-10-21,False,False,825581,R,3,11,.343,0,3,14,0,0,0,.000,0,0,2,9.00,2,0,1,1,1,0,1,0.42,0,0,4,13.50,0,0,0.00,0,0,2.2,0,0,56,.500,.864,8,0,21.00,2,6.75,0,0,0,0,0,.364,1.000,2,3,.540,1.00,10.13,30,"2.2 IP, 2 ER, 3 K, 3 BB",4,0,10.13,2.25,0,.---,0
806334,Alex Amalfi,2025,Glendale Desert Dogs,Mesa Solar Sox,2025-10-28,False,False,825599,R,3,7,.333,1,5,12,0,0,0,.000,0,1,4,11.17,3,0,1,1,1,0,2,0.47,0,0,2,10.80,0,0,0.00,0,0,1.2,0,1,59,.583,1.012,5,0,35.40,4,21.60,0,0,0,0,0,.429,1.000,1,0,.490,0.00,0.00,29,"1.2 IP, 4 ER, 0 K, 5 BB",3,0,27.00,2.59,1,.000,0
806334,Alex Amalfi,2025,Glendale Desert Dogs,Mesa Solar Sox,2025-11-05,False,True,825594,R,5,11,.321,0,2,14,0,0,0,.---,0,1,2,9.95,4,0,1,1,1,1,3,0.50,1,1,3,9.00,0,0,0.00,0,0,3.0,0,0,58,.429,.793,9,0,19.33,2,6.00,0,0,0,0,0,.364,.---,0,0,.570,0.00,0.00,33,"3.0 IP, 2 ER, 0 K, 2 BB",4,0,6.00,2.37,1,1.000,1
806334,Alex Amalfi,2025,Glendale Desert Dogs,Peoria Javelinas,2025-11-12,False,False,825573,D,6,15,.200,0,0,15,0,0,0,.---,0,0,2,4.50,2,0,1,1,1,0,1,0.17,0,0,3,6.75,0,1,2.25,0,0,4.0,0,0,51,.200,.600,12,0,12.75,2,4.50,0,0,0,0,0,.400,.---,0,5,.670,-.--,11.25,34,"4.0 IP, 2 ER, 5 K, 0 BB",6,0,0.00,0.75,0,.---,0
815456,Ben Shields,2025,Salt River Rafters,Peoria Javelinas,2025-10-29,True,False,825628,R,1,5,.800,0,1,6,0,0,0,.000,0,1,5,135.00,1,0,1,1,1,0,0,0.00,0,0,4,108.00,0,0,0.00,0,0,0.1,0,1,30,.833,1.833,1,0,90.00,5,135.00,0,0,0,0,0,1.000,1.000,2,0,.530,0.00,0.00,16,"0.1 IP, 5 ER, 0 K, BB",5,0,27.00,15.00,0,.000,0
692137,L.P. Langevin,2025,Surprise Saguaros,Glendale Desert Dogs,2025-10-08,True,True,825591,R,0,3,.000,0,1,4,0,0,0,.000,0,0,0,0.00,0,0,1,1,0,0,0,-.--,0,0,0,0.00,0,0,0.00,0,0,1.0,0,0,17,.250,.250,3,0,17.00,0,0.00,0,0,0,0,0,.000,1.000,2,3,.530,3.00,27.00,9,"1.0 IP, 0 ER, 3 K, BB",0,0,9.00,1.00,0,.---,0
692137,L.P. Langevin,2025,Surprise Saguaros,Salt River Rafters,2025-10-16,False,True,825633,R,0,0,.000,0,0,0,0,0,0,.---,0,0,0,0.00,0,0,0,0,0,0,0,-.--,0,0,0,-.--,0,0,-.--,2,0,0.0,0,0,0,.000,.000,0,0,-.--,0,-.--,0,0,0,0,0,.000,.---,0,0,-.--,-.--,-.--,0,"0.0 IP, 0 ER, 0 K, 0 BB",0,0,-.--,1.00,0,.---,0
692137,L.P. Langevin,2025,Surprise Saguaros,Scottsdale Scorpions,2025-10-19,False,False,825615,R,0,3,.000,0,2,5,0,0,0,.---,0,0,0,0.00,0,0,1,1,0,1,3,3.00,0,0,0,0.00,0,0,0.00,0,0,1.0,0,0,25,.400,.400,3,0,25.00,1,9.00,0,0,0,0,0,.000,.---,0,0,.480,0.00,0.00,12,"1.0 IP, 0 ER, 0 K, 2 BB",0,0,18.00,1.50,0,.---,0
692137,L.P. Langevin,2025,Surprise Saguaros,Mesa Solar Sox,2025-10-25,True,False,825585,R,3,4,.100,0,2,6,0,0,0,.---,0,0,0,0.00,1,0,1,1,0,0,0,1.00,0,0,1,9.00,0,0,0.00,0,0,1.0,0,0,30,.500,.750,3,0,30.00,0,0.00,0,0,0,0,0,.250,.---,0,0,.630,0.00,0.00,19,"1.0 IP, 0 ER, 0 K, 2 BB",1,0,18.00,2.00,0,.---,0
692137,L.P. Langevin,2025,Surprise Saguaros,Scottsdale Scorpions,2025-10-29,True,True,825583,R,0,4,.071,0,2,6,1,0,0,.---,0,0,0,0.00,0,0,1,1,0,0,0,1.00,0,0,0,0.00,0,0,0.00,3,1,1.1,0,0,33,.333,.333,4,0,24.75,0,0.00,0,0,1,0,0,.000,.---,0,4,.520,2.00,27.00,17,"1.1 IP, 0 ER, 4 K, 2 BB",0,0,13.50,1.85,0,1.000,1
692137,L.P. Langevin,2025,Surprise Saguaros,Peoria Javelinas,2025-11-01,True,True,825578,R,0,3,.118,0,3,6,0,0,0,.---,0,0,2,3.60,0,0,1,1,0,0,0,1.00,0,0,1,13.50,0,0,0.00,0,0,0.2,0,0,31,.667,1.000,2,0,46.50,2,27.00,0,0,0,0,0,.333,.---,0,2,.480,0.67,27.00,15,"0.2 IP, 2 ER, 2 K, 3 BB",1,0,40.50,2.40,1,.---,0
692137,L.P. Langevin,2025,Surprise Saguaros,Scottsdale Scorpions,2025-11-05,True,False,825577,R,2,6,.130,0,2,8,0,0,0,.---,0,0,3,6.75,1,0,1,1,0,0,1,0.80,0,0,1,5.40,0,1,5.40,0,0,1.2,0,0,36,.375,1.042,5,0,21.60,3,16.20,0,0,0,0,0,.667,.---,0,2,.440,1.00,10.80,16,"1.2 IP, 3 ER, 2 K, 2 BB",4,0,10.80,2.25,0,.---,0
801221,Pedro Garcia,2025,Scottsdale Scorpions,Surprise Saguaros,2025-10-29,False,False,825583,R,3,5,.400,0,0,7,0,0,0,.000,0,0,3,27.00,2,1,1,1,0,0,1,0.33,1,1,2,18.00,0,0,0.00,0,0,1.0,0,1,16,.429,.829,3,0,16.00,3,27.00,0,1,0,0,0,.400,1.000,1,0,.750,-.--,0.00,12,"1.0 IP, 3 ER, 0 K, 0 BB",2,0,0.00,2.00,0,.000,0
801221,Pedro Garcia,2025,Scottsdale Scorpions,Mesa Solar Sox,2025-11-04,False,False,825596,R,1,7,.500,0,1,8,0,0,0,.000,0,0,5,36.00,1,0,1,1,0,0,1,0.50,0,0,4,36.00,0,1,9.00,0,0,1.0,0,0,26,.625,1.625,3,0,26.00,5,45.00,0,0,0,0,0,1.000,1.000,1,1,.690,1.00,9.00,18,"1.0 IP, 5 ER, K, BB",7,0,9.00,3.50,0,.---,0
801221,Pedro Garcia,2025,Scottsdale Scorpions,Glendale Desert Dogs,2025-11-07,False,False,825655,R,3,6,.333,0,1,7,0,0,0,.---,0,0,0,18.00,2,0,1,1,0,0,3,0.71,0,0,0,0.00,0,0,0.00,0,0,2.0,0,0,29,.143,.143,6,0,14.50,0,0.00,0,0,0,0,0,.000,.---,0,0,.690,0.00,0.00,20,"2.0 IP, 0 ER, 0 K, BB",0,0,4.50,2.00,0,.---,0
801221,Pedro Garcia,2025,Scottsdale Scorpions,Glendale Desert Dogs,2025-11-11,True,False,825608,R,0,6,.333,0,1,7,0,0,0,.---,0,1,1,15.19,0,0,1,1,0,0,2,1.00,0,0,2,13.50,0,0,0.00,0,0,1.1,0,0,25,.429,.929,4,0,18.75,1,6.75,0,0,0,0,0,.500,.---,0,2,.680,2.00,13.50,17,"1.1 IP, ER, 2 K, BB",3,0,6.75,2.06,0,.---,0
689557,Zane Morehouse,2025,Surprise Saguaros,Peoria Javelinas,2025-10-09,False,True,825652,R,0,4,.250,0,0,5,0,0,0,.---,0,0,0,0.00,0,0,1,1,0,0,2,2.00,1,1,1,9.00,0,0,0.00,0,0,1.0,0,0,20,.400,.650,3,0,20.00,0,0.00,0,0,0,0,0,.250,.---,0,1,.650,-.--,9.00,13,"1.0 IP, 0 ER, K, 0 BB",1,0,0.00,1.00,0,.---,0
689557,Zane Morehouse,2025,Surprise Saguaros,Salt River Rafters,2025-10-16,False,True,825633,R,0,1,.200,0,1,2,0,0,0,.---,0,0,0,0.00,0,0,1,1,0,0,1,3.00,0,0,0,0.00,0,0,0.00,3,1,0.1,0,0,9,.500,.500,1,0,27.00,0,0.00,0,0,0,0,0,.000,.---,0,0,.330,0.00,0.00,3,"0.1 IP, 0 ER, 0 K, BB",0,0,27.00,1.50,0,.---,0
689557,Zane Morehouse,2025,Surprise Saguaros,Scottsdale Scorpions,2025-10-18,False,False,825614,R,1,2,.286,0,3,6,0,0,0,.000,0,0,3,13.50,1,0,1,1,0,0,0,3.00,0,0,1,13.50,0,0,0.00,0,0,0.2,0,0,26,.667,1.167,2,0,39.00,3,40.50,0,1,0,0,0,.500,1.000,1,1,.460,0.33,13.50,12,"0.2 IP, 3 ER, K, 3 BB",1,0,40.50,3.00,0,.---,0
689557,Zane Morehouse,2025,Surprise Saguaros,Scottsdale Scorpions,2025-10-22,True,True,825586,R,0,1,.250,0,1,2,0,0,0,.---,0,0,0,11.57,0,0,1,1,0,0,1,4.00,0,0,0,0.00,1,0,0.00,2,0,0.1,0,0,13,.500,.500,1,0,39.00,0,0.00,0,0,0,0,0,.000,.---,0,0,.540,0.00,0.00,7,"0.1 IP, 0 ER, 0 K, BB",0,0,27.00,3.00,0,.---,0
689557,Zane Morehouse,2025,Surprise Saguaros,Mesa Solar Sox,2025-10-25,True,False,825585,R,1,3,.182,0,1,4,0,0,0,.---,0,0,0,8.10,0,0,1,1,0,0,0,2.00,0,0,0,0.00,0,0,0.00,0,0,1.0,0,0,19,.250,.250,3,0,19.00,0,0.00,0,0,0,0,0,.000,.---,0,2,.530,2.00,18.00,10,"1.0 IP, 0 ER, 2 K, BB",0,0,9.00,2.40,0,.---,0
689557,Zane Morehouse,2025,Surprise Saguaros,Scottsdale Scorpions,2025-10-29,True,True,825583,R,1,1,.167,0,0,1,0,0,0,.---,0,0,0,7.36,0,1,1,1,0,0,0,1.33,0,0,0,0.00,0,0,0.00,2,0,0.1,0,0,2,.000,.000,1,0,6.00,0,0.00,0,0,1,1,0,.000,.---,0,0,1.000,-.--,0.00,2,"0.1 IP, 0 ER, 0 K, 0 BB",0,0,0.00,2.18,0,.---,0
689557,Zane Morehouse,2025,Surprise Saguaros,Peoria Javelinas,2025-11-01,True,True,825578,R,2,7,.158,0,0,7,0,0,0,.---,0,0,1,6.35,2,0,1,1,0,0,0,0.80,0,0,1,4.50,0,1,4.50,0,0,2.0,0,0,30,.143,.714,6,0,15.00,1,4.50,0,0,0,0,0,.571,.---,0,4,.600,-.--,18.00,18,"2.0 IP, ER, 4 K, 0 BB",4,0,0.00,1.59,0,1.000,1
689557,Zane Morehouse,2025,Surprise Saguaros,Salt River Rafters,2025-11-06,False,True,825624,R,0,1,.150,0,1,2,0,0,0,.---,0,0,0,6.00,0,0,1,1,0,0,1,1.00,0,0,0,0.00,0,0,0.00,2,0,0.1,0,0,9,.500,.500,1,0,27.00,0,0.00,0,0,0,0,0,.000,.---,0,0,.440,0.00,0.00,4,"0.1 IP, 0 ER, 0 K, BB",0,0,27.00,1.67,0,.---,0
694989,Kelena Sauer,2025,Glendale Desert Dogs,Peoria Javelinas,2025-10-25,True,False,825662,R,1,5,.400,0,1,6,1,0,0,.000,0,1,1,9.00,0,0,1,1,0,0,1,1.00,0,0,2,18.00,0,0,0.00,0,0,1.0,0,0,22,.500,1.100,3,0,22.00,1,9.00,0,0,1,0,0,.600,1.000,1,1,.450,1.00,9.00,10,"1.0 IP, ER, K, BB",3,0,9.00,3.00,0,.---,0
694989,Kelena Sauer,2025,Glendale Desert Dogs,Mesa Solar Sox,2025-10-29,True,True,825656,R,2,4,.444,0,0,5,1,0,0,.---,0,0,2,13.50,1,0,1,1,0,0,0,0.33,0,0,2,18.00,0,0,0.00,0,0,1.0,0,0,19,.400,1.400,3,0,19.00,2,18.00,0,1,1,0,0,1.000,.---,0,1,.790,-.--,9.00,15,"1.0 IP, 2 ER, K, 0 BB",4,1,0.00,2.50,0,1.000,1
694989,Kelena Sauer,2025,Glendale Desert Dogs,Surprise Saguaros,2025-11-02,True,False,825658,R,0,4,.385,0,0,4,0,0,0,.---,0,1,0,9.00,0,0,1,1,0,0,1,0.67,0,0,1,9.00,0,0,0.00,0,0,1.0,0,0,19,.250,.750,3,0,19.00,0,0.00,0,0,0,0,0,.500,.---,0,2,.580,-.--,18.00,11,"1.0 IP, 0 ER, 2 K, 0 BB",2,0,0.00,2.00,0,.---,0
694989,Kelena Sauer,2025,Glendale Desert Dogs,Peoria Javelinas,2025-11-06,False,True,825641,R,0,4,.353,0,2,6,0,0,0,.---,0,1,0,6.75,0,0,1,1,0,0,1,1.00,0,0,1,9.00,0,0,0.00,0,0,1.0,0,0,28,.500,1.000,3,0,28.00,0,0.00,0,0,0,0,0,.500,.---,0,2,.570,1.00,18.00,16,"1.0 IP, 0 ER, 2 K, 2 BB",2,0,18.00,2.25,0,.---,0
694989,Kelena Sauer,2025,Glendale Desert Dogs,Peoria Javelinas,2025-11-12,False,False,825573,D,2,9,.333,0,2,11,0,0,0,.---,0,1,2,9.00,1,0,1,1,0,0,2,1.00,0,0,3,13.50,0,0,0.00,0,0,2.0,0,0,42,.455,.899,6,0,21.00,2,9.00,0,0,0,0,0,.444,.---,0,2,.670,1.00,9.00,28,"2.0 IP, 2 ER, 2 K, 2 BB",4,0,9.00,2.50,0,.---,0
690658,Will Johnston,2025,Mesa Solar Sox,Surprise Saguaros,2025-10-07,True,False,825607,R,0,4,.500,0,1,5,0,0,0,.---,0,1,2,18.00,0,0,1,1,0,1,1,1.00,0,0,2,18.00,0,0,0.00,0,0,1.0,0,0,17,.600,1.350,3,0,17.00,2,18.00,0,0,0,0,0,.750,.---,0,1,.650,1.00,9.00,11,"1.0 IP, 2 ER, K, BB",3,0,9.00,3.00,0,.---,0
690658,Will Johnston,2025,Mesa Solar Sox,Surprise Saguaros,2025-10-14,True,True,825604,R,1,3,.286,0,1,4,0,0,0,.---,0,0,0,9.00,1,0,1,1,0,0,0,1.00,0,0,0,0.00,1,0,0.00,0,0,1.0,0,0,21,.250,.250,3,0,21.00,0,0.00,0,0,0,0,0,.000,.---,0,2,.520,2.00,18.00,11,"1.0 IP, 0 ER, 2 K, BB",0,0,9.00,2.00,1,.---,0
690658,Will Johnston,2025,Mesa Solar Sox,Scottsdale Scorpions,2025-10-17,True,False,825595,R,0,4,.273,0,1,5,0,0,0,.---,0,1,0,6.00,0,0,1,1,0,0,2,3.00,0,0,1,9.00,0,0,0.00,0,0,1.0,0,0,25,.400,.900,3,0,25.00,0,0.00,0,0,0,0,0,.500,.---,0,1,.520,1.00,9.00,13,"1.0 IP, 0 ER, K, BB",2,0,9.00,2.00,0,.---,0
690658,Will Johnston,2025,Mesa Solar Sox,Salt River Rafters,2025-10-21,True,False,825601,R,1,3,.214,0,1,4,0,0,0,.000,0,0,0,4.50,1,0,1,1,0,0,0,1.50,0,0,0,0.00,0,0,0.00,0,0,1.0,0,0,14,.250,.250,3,0,14.00,0,0.00,0,0,0,0,0,.000,1.000,1,2,.570,2.00,18.00,8,"1.0 IP, 0 ER, 2 K, BB",0,0,9.00,1.75,1,.---,0
690658,Will Johnston,2025,Mesa Solar Sox,Surprise Saguaros,2025-10-25,False,True,825585,R,0,3,.176,0,0,3,0,0,0,.---,0,0,0,3.60,0,0,1,1,0,0,2,2.50,0,0,0,0.00,1,0,0.00,0,0,1.0,0,0,8,.000,.000,3,0,8.00,0,0.00,0,0,0,0,0,.000,.---,0,1,.750,-.--,9.00,6,"1.0 IP, 0 ER, K, 0 BB",0,0,0.00,1.40,0,.---,0
690658,Will Johnston,2025,Mesa Solar Sox,Salt River Rafters,2025-10-30,False,True,825627,R,1,3,.150,0,0,3,0,0,0,.---,0,0,0,3.00,1,1,1,1,0,0,1,2.00,0,0,0,0.00,0,0,0.00,0,0,1.0,0,0,11,.000,.000,3,0,11.00,0,0.00,0,0,1,1,0,.000,.---,0,1,.730,-.--,9.00,8,"1.0 IP, 0 ER, K, 0 BB",0,0,0.00,1.17,0,.---,0
690658,Will Johnston,2025,Mesa Solar Sox,Scottsdale Scorpions,2025-11-04,True,True,825596,R,0,6,.192,0,0,6,0,0,0,.000,0,0,0,2.35,0,0,1,1,0,1,3,3.00,0,0,2,10.80,0,0,0.00,2,2,1.2,0,0,38,.333,.666,5,0,22.80,0,0.00,0,0,0,0,0,.333,1.000,2,1,.710,-.--,5.40,27,"1.2 IP, 0 ER, K, 0 BB",2,0,0.00,1.17,0,.---,0
690658,Will Johnston,2025,Mesa Solar Sox,Peoria Javelinas,2025-11-07,False,False,825640,R,1,3,.172,0,0,3,0,0,0,.---,0,0,0,2.08,1,1,1,1,0,0,1,2.50,0,0,0,0.00,0,0,0.00,0,0,1.0,0,0,10,.000,.000,3,0,10.00,0,0.00,0,0,0,0,0,.000,.---,0,1,.700,-.--,9.00,7,"1.0 IP, 0 ER, K, 0 BB",0,0,0.00,1.04,0,.---,0
690658,Will Johnston,2025,Mesa Solar Sox,Glendale Desert Dogs,2025-11-10,False,True,825653,R,1,3,.188,0,0,3,0,0,1,1.000,0,0,0,1.86,1,0,1,1,0,0,1,2.20,0,0,1,9.00,0,0,0.00,0,0,1.0,0,0,8,.333,.666,3,0,8.00,0,0.00,0,0,0,0,0,.333,.000,0,0,.880,-.--,0.00,7,"1.0 IP, 0 ER, 0 K, 0 BB",1,0,0.00,1.03,0,1.000,1
690658,Will Johnston,2025,Mesa Solar Sox,Salt River Rafters,2025-11-12,True,True,825574,D,1,3,.000,0,0,3,0,0,0,.---,0,0,0,0.00,0,0,1,1,0,0,1,1.00,0,0,0,0.00,1,0,0.00,0,0,1.0,0,0,14,.000,.000,3,0,14.00,0,0.00,0,0,0,0,0,.000,.---,0,1,.570,-.--,9.00,8,"1.0 IP, 0 ER, K, 0 BB",0,0,0.00,0.00,0,.---,0
692404,Darlin Saladin,2025,Glendale Desert Dogs,Scottsdale Scorpions,2025-10-09,True,True,825666,R,0,7,.143,0,2,9,0,0,0,.---,0,0,0,0.00,0,0,1,1,0,0,4,4.00,0,0,1,4.50,0,0,0.00,0,0,2.0,0,0,52,.333,.476,6,0,26.00,0,0.00,0,0,0,0,0,.143,.---,0,2,.540,1.00,9.00,28,"2.0 IP, 0 ER, 2 K, 2 BB",1,0,9.00,1.50,2,.---,0
692404,Darlin Saladin,2025,Glendale Desert Dogs,Surprise Saguaros,2025-10-17,False,True,825587,R,1,6,.077,0,3,9,0,0,0,.---,0,0,0,0.00,0,0,1,1,0,0,3,7.00,0,0,0,0.00,0,0,0.00,0,0,2.0,0,0,39,.333,.333,6,0,19.50,0,0.00,0,0,0,0,0,.000,.---,0,2,.540,0.67,9.00,21,"2.0 IP, 0 ER, 2 K, 3 BB",0,0,13.50,1.50,0,.---,0
692404,Darlin Saladin,2025,Glendale Desert Dogs,Salt River Rafters,2025-10-23,False,False,825630,R,2,11,.125,0,0,11,0,0,0,.000,0,0,0,0.00,2,0,1,1,0,0,1,2.67,0,0,2,6.00,0,0,0.00,0,0,3.0,0,0,44,.182,.364,9,0,14.67,0,0.00,0,0,0,0,0,.182,1.000,1,6,.660,-.--,18.00,29,"3.0 IP, 0 ER, 6 K, 0 BB",2,0,0.00,1.14,0,.---,0
692404,Darlin Saladin,2025,Glendale Desert Dogs,Peoria Javelinas,2025-10-31,True,True,825659,R,0,12,.167,0,2,14,0,0,0,.000,0,2,1,0.90,0,0,1,1,1,0,3,3.67,0,0,3,9.00,0,0,0.00,0,0,3.0,0,0,55,.357,.774,9,0,18.33,2,6.00,0,0,0,0,0,.417,1.000,1,6,.600,3.00,18.00,33,"3.0 IP, ER, 6 K, 2 BB",5,0,6.00,1.30,0,1.000,1
692404,Darlin Saladin,2025,Glendale Desert Dogs,Peoria Javelinas,2025-11-06,False,True,825641,R,0,3,.154,0,0,3,0,0,0,.---,0,0,0,0.82,0,0,1,1,0,0,2,4.33,0,0,0,0.00,0,0,0.00,0,0,1.0,0,0,15,.000,.000,3,0,15.00,0,0.00,0,0,0,0,0,.000,.---,0,1,.670,-.--,9.00,10,"1.0 IP, 0 ER, K, 0 BB",0,0,0.00,1.18,0,.---,0
690229,LJ McDonough,2025,Glendale Desert Dogs,Salt River Rafters,2025-10-07,False,False,825635,R,0,3,.333,0,0,4,0,0,0,.---,0,0,0,0.00,0,0,1,1,0,1,1,1.00,1,1,1,9.00,0,0,0.00,0,0,1.0,0,0,13,.500,.833,3,0,13.00,0,0.00,0,0,0,0,0,.333,.---,0,1,.620,-.--,9.00,8,"1.0 IP, 0 ER, K, 0 BB",1,0,0.00,1.00,0,.---,0
690229,LJ McDonough,2025,Glendale Desert Dogs,Scottsdale Scorpions,2025-10-09,True,True,825666,R,0,4,.429,0,1,6,0,0,0,.---,0,0,2,9.00,0,1,1,1,0,1,2,3.00,1,1,2,18.00,0,1,9.00,0,0,1.0,0,0,29,.667,1.917,3,0,29.00,2,18.00,0,0,0,0,0,1.250,.---,0,0,.620,0.00,0.00,18,"1.0 IP, 2 ER, 0 K, BB",5,0,9.00,2.00,0,.---,0
690229,LJ McDonough,2025,Glendale Desert Dogs,Scottsdale Scorpions,2025-10-16,False,False,825621,R,0,4,.364,0,0,5,0,0,0,.---,0,1,0,6.00,0,0,1,1,0,0,0,3.00,1,1,1,9.00,0,0,0.00,0,0,1.0,0,0,23,.400,.900,3,0,23.00,0,0.00,0,0,0,0,0,.500,.---,0,3,.650,-.--,27.00,15,"1.0 IP, 0 ER, 3 K, 0 BB",2,0,0.00,1.67,0,.---,0
690229,LJ McDonough,2025,Glendale Desert Dogs,Salt River Rafters,2025-10-19,True,False,825647,R,1,3,.357,0,1,5,0,0,0,.000,0,0,1,6.75,0,0,1,1,0,0,1,4.00,0,0,1,9.00,0,0,0.00,0,0,1.0,0,0,26,.400,.733,3,0,26.00,1,9.00,0,1,0,0,0,.333,1.000,2,1,.620,1.00,9.00,16,"1.0 IP, ER, K, BB",1,0,9.00,1.75,0,.---,0
690229,LJ McDonough,2025,Glendale Desert Dogs,Peoria Javelinas,2025-10-22,False,False,825643,R,2,5,.368,0,0,6,0,0,0,.---,0,0,1,6.75,2,0,1,1,0,0,1,1.67,0,0,2,13.50,0,0,0.00,1,0,1.1,0,0,17,.333,.733,4,0,12.75,2,13.50,0,1,0,0,0,.400,.---,0,1,.590,-.--,6.75,10,"1.1 IP, ER, K, 0 BB",2,0,0.00,1.69,0,.---,0
690229,LJ McDonough,2025,Glendale Desert Dogs,Peoria Javelinas,2025-10-25,True,False,825662,R,2,4,.348,0,0,4,0,0,0,.---,0,1,0,5.68,1,0,1,1,0,0,0,1.00,0,0,1,9.00,0,0,0.00,0,0,1.0,0,0,20,.250,.750,3,0,20.00,0,0.00,0,0,0,0,0,.500,.---,0,1,.800,-.--,9.00,16,"1.0 IP, 0 ER, K, 0 BB",2,0,0.00,1.58,0,.---,0
690229,LJ McDonough,2025,Glendale Desert Dogs,Mesa Solar Sox,2025-10-28,False,False,825599,R,2,5,.357,0,2,7,0,0,1,.250,0,0,0,4.70,0,0,1,1,0,0,1,0.86,0,0,2,13.50,0,0,0.00,3,2,1.1,0,0,30,.571,.971,4,0,22.50,0,0.00,0,0,0,0,0,.400,.750,3,0,.530,0.00,0.00,16,"1.1 IP, 0 ER, 0 K, 2 BB",2,0,13.50,1.83,0,.---,0
690229,LJ McDonough,2025,Glendale Desert Dogs,Mesa Solar Sox,2025-11-01,False,False,825598,R,1,4,.375,0,0,4,0,0,0,.000,0,0,1,5.40,1,1,1,1,0,0,1,0.88,0,0,2,27.00,0,0,0.00,0,0,0.2,0,1,21,.500,1.000,2,0,31.50,1,13.50,0,0,0,0,0,.500,1.000,1,0,.620,-.--,0.00,13,"0.2 IP, ER, 0 K, 0 BB",2,0,0.00,1.92,0,.000,0
690229,LJ McDonough,2025,Glendale Desert Dogs,Peoria Javelinas,2025-11-04,True,True,825657,R,1,6,.316,0,0,6,0,0,0,.---,0,0,0,4.35,0,0,1,1,0,0,2,1.00,0,0,0,0.00,0,0,0.00,0,0,2.0,0,0,30,.000,.000,6,0,15.00,0,0.00,0,0,0,0,0,.000,.---,0,3,.630,-.--,13.50,19,"2.0 IP, 0 ER, 3 K, 0 BB",0,0,0.00,1.55,0,.---,0
690229,LJ McDonough,2025,Glendale Desert Dogs,Scottsdale Scorpions,2025-11-11,False,True,825608,R,0,7,.311,0,1,8,1,0,0,.000,0,0,1,4.50,0,0,1,1,0,0,0,1.00,0,0,2,10.80,0,0,0.00,0,0,1.2,0,0,37,.375,.661,5,0,22.20,1,5.40,0,0,1,0,0,.286,1.000,2,5,.590,5.00,27.00,22,"1.2 IP, ER, 5 K, BB",2,0,5.40,1.58,1,.---,0
813865,Hudson Leach,2025,Scottsdale Scorpions,Mesa Solar Sox,2025-10-10,True,True,825620,R,1,4,.000,0,0,4,0,0,0,.---,0,0,0,0.00,0,0,1,1,0,0,0,0.00,0,0,0,0.00,0,0,0.00,0,0,1.1,0,0,17,.000,.000,4,0,12.75,0,0.00,0,0,0,0,0,.000,.---,0,3,.650,-.--,20.25,11,"1.1 IP, 0 ER, 3 K, 0 BB",0,0,0.00,0.00,0,.---,0
813865,Hudson Leach,2025,Scottsdale Scorpions,Salt River Rafters,2025-10-15,True,False,825622,R,0,4,.250,0,1,5,0,0,0,.---,0,0,2,9.00,0,0,1,1,0,0,0,0.00,0,0,2,27.00,0,1,13.50,2,2,0.2,0,0,23,.600,1.850,2,0,34.50,2,27.00,0,0,0,0,0,1.250,.---,0,2,.650,2.00,27.00,15,"0.2 IP, 2 ER, 2 K, BB",5,0,13.50,1.50,0,.---,0
813865,Hudson Leach,2025,Scottsdale Scorpions,Surprise Saguaros,2025-10-22,False,False,825586,R,0,2,.200,0,1,3,0,0,1,.500,0,0,0,6.00,0,0,1,1,0,0,0,0.00,0,0,0,0.00,0,0,0.00,0,0,1.0,0,0,13,.333,.333,3,0,13.00,0,0.00,0,0,0,0,0,.000,.500,1,2,.620,2.00,18.00,8,"1.0 IP, 0 ER, 2 K, BB",0,0,9.00,1.33,0,.---,0
813865,Hudson Leach,2025,Scottsdale Scorpions,Mesa Solar Sox,2025-10-26,True,True,825609,R,0,6,.313,0,1,7,1,0,0,.---,0,1,1,6.75,0,0,1,1,0,0,1,1.00,0,0,3,27.00,0,0,0.00,0,0,1.0,0,0,29,.571,1.238,3,0,29.00,1,9.00,0,0,1,0,0,.667,.---,0,2,.550,2.00,18.00,16,"1.0 IP, ER, 2 K, BB",4,0,9.00,2.00,0,.---,0
813865,Hudson Leach,2025,Scottsdale Scorpions,Salt River Rafters,2025-11-01,True,True,825611,R,0,3,.263,0,0,3,0,0,0,.---,0,0,0,5.40,0,1,1,1,0,0,0,1.00,0,0,0,0.00,0,0,0.00,0,0,1.0,0,0,13,.000,.000,3,0,13.00,0,0.00,0,0,0,0,0,.000,.---,0,3,.690,-.--,27.00,9,"1.0 IP, 0 ER, 3 K, 0 BB",0,0,0.00,1.60,0,1.000,1
813865,Hudson Leach,2025,Scottsdale Scorpions,Mesa Solar Sox,2025-11-06,False,True,825593,R,1,3,.227,0,0,3,0,0,0,.---,0,0,0,4.50,1,1,1,1,0,0,2,1.50,0,0,0,0.00,0,0,0.00,0,0,1.0,0,0,8,.000,.000,3,0,8.00,0,0.00,0,0,0,0,0,.000,.---,0,0,.630,-.--,0.00,5,"1.0 IP, 0 ER, 0 K, 0 BB",0,0,0.00,1.33,0,.---,0
813865,Hudson Leach,2025,Scottsdale Scorpions,Salt River Rafters,2025-11-10,False,False,825623,R,1,1,.217,0,1,3,0,0,0,.---,0,0,0,4.05,1,1,1,1,0,0,0,1.00,0,0,0,0.00,0,0,0.00,3,1,0.2,0,0,14,.333,.333,2,0,21.00,0,0.00,0,1,0,0,0,.000,.---,0,1,.500,1.00,13.50,7,"0.2 IP, 0 ER, K, BB",0,0,13.50,1.35,1,.---,0
813865,Hudson Leach,2025,Scottsdale Scorpions,Peoria Javelinas,2025-11-13,True,False,825571,L,0,1,1.000,0,0,3,0,0,0,.---,0,0,2,-.--,0,0,1,1,0,0,0,-.--,2,2,1,-.--,0,0,-.--,0,0,0.0,0,0,9,1.000,2.000,0,0,-.--,2,-.--,0,0,0,0,0,1.000,.---,0,0,.330,-.--,-.--,3,"0.0 IP, 2 ER, 0 K, 0 BB",1,0,-.--,-.--,1,.---,0
700327,Welinton Herrera,2025,Salt River Rafters,Glendale Desert Dogs,2025-10-07,True,True,825635,R,0,3,.000,1,1,4,0,0,0,.---,0,0,0,0.00,0,0,1,1,0,0,2,2.00,0,0,0,0.00,1,0,0.00,0,0,1.0,0,0,29,.250,.250,3,0,29.00,0,0.00,0,0,0,0,0,.000,.---,0,1,.620,1.00,9.00,18,"1.0 IP, 0 ER, K, BB",0,0,9.00,1.00,0,.---,0
700327,Welinton Herrera,2025,Salt River Rafters,Peoria Javelinas,2025-10-10,False,False,825651,R,1,5,.250,0,3,8,0,0,0,.---,0,1,1,4.50,0,0,1,1,0,0,0,2.00,0,0,2,18.00,0,0,0.00,3,3,1.0,0,0,35,.625,1.625,3,0,35.00,1,9.00,0,0,0,0,0,1.000,.---,0,2,.570,0.67,18.00,20,"1.0 IP, ER, 2 K, 3 BB",5,1,27.00,3.00,1,.---,0
700327,Welinton Herrera,2025,Salt River Rafters,Surprise Saguaros,2025-10-16,True,False,825633,R,0,4,.250,0,0,4,0,0,0,.---,0,0,0,3.00,0,1,1,1,0,0,1,3.00,0,0,1,9.00,0,0,0.00,0,0,1.0,0,0,24,.250,.500,3,0,24.00,0,0.00,0,0,0,0,0,.250,.---,0,2,.670,-.--,18.00,16,"1.0 IP, 0 ER, 2 K, 0 BB",1,0,0.00,2.33,0,.---,0
700327,Welinton Herrera,2025,Salt River Rafters,Glendale Desert Dogs,2025-10-19,False,True,825647,R,0,6,.222,0,2,8,0,0,0,.---,0,0,0,1.80,0,1,1,1,0,1,1,4.00,0,0,1,4.50,0,0,0.00,0,0,2.0,0,0,38,.375,.542,6,0,19.00,0,0.00,0,0,0,0,0,.167,.---,0,4,.580,2.00,18.00,22,"2.0 IP, 0 ER, 4 K, 2 BB",1,0,9.00,2.00,0,.---,0
700327,Welinton Herrera,2025,Salt River Rafters,Glendale Desert Dogs,2025-10-23,True,True,825630,R,2,3,.190,0,1,4,0,0,0,.---,0,0,0,1.50,2,1,1,1,0,0,1,1.67,0,0,0,0.00,0,0,0.00,0,0,1.0,0,0,14,.250,.250,3,0,14.00,0,0.00,0,0,0,0,0,.000,.---,0,0,.570,0.00,0.00,8,"1.0 IP, 0 ER, 0 K, BB",0,0,9.00,1.83,0,.---,0
700327,Welinton Herrera,2025,Salt River Rafters,Mesa Solar Sox,2025-10-30,True,False,825627,R,0,3,.167,0,0,3,0,0,0,.---,0,0,0,1.29,0,1,1,1,0,0,1,2.00,0,0,0,0.00,0,0,0.00,0,0,1.0,0,0,8,.000,.000,3,0,8.00,0,0.00,0,0,0,0,0,.000,.---,0,2,1.000,-.--,18.00,8,"1.0 IP, 0 ER, 2 K, 0 BB",0,0,0.00,1.57,0,.---,0
700327,Welinton Herrera,2025,Salt River Rafters,Scottsdale Scorpions,2025-11-01,False,False,825611,R,0,4,.250,0,0,4,0,0,0,.---,0,0,1,2.45,0,1,1,1,0,0,0,2.00,0,0,3,81.00,0,0,0.00,0,0,0.1,0,1,19,.750,1.500,1,0,57.00,1,27.00,0,0,0,0,0,.750,.---,0,1,.580,-.--,27.00,11,"0.1 IP, ER, K, 0 BB",3,0,0.00,1.91,0,.000,0
700327,Welinton Herrera,2025,Salt River Rafters,Surprise Saguaros,2025-11-04,False,False,825579,R,0,3,.226,1,1,4,0,0,0,.---,0,0,0,2.16,0,1,1,1,0,0,2,2.67,0,0,0,0.00,0,0,0.00,3,2,1.0,0,0,19,.250,.250,3,0,19.00,0,0.00,0,0,0,0,0,.000,.---,0,1,.580,1.00,9.00,11,"1.0 IP, 0 ER, K, BB",0,0,9.00,1.80,1,.---,0
700327,Welinton Herrera,2025,Salt River Rafters,Scottsdale Scorpions,2025-11-10,True,True,825623,R,0,4,.257,0,0,4,0,0,0,.---,0,0,0,2.00,0,1,1,1,0,0,1,3.00,0,0,2,27.00,0,0,0.00,0,0,0.2,0,0,11,.500,1.000,2,0,16.50,0,0.00,0,0,1,1,0,.500,.---,0,1,.730,-.--,13.50,8,"0.2 IP, 0 ER, K, 0 BB",2,0,0.00,1.89,0,.---,0
802967,Benny Thompson,2025,Salt River Rafters,Mesa Solar Sox,2025-10-22,True,True,825631,R,3,3,.000,0,0,3,0,0,0,.---,0,0,0,0.00,2,0,1,1,0,0,0,0.00,0,0,0,0.00,0,0,0.00,1,0,1.0,0,0,20,.000,.000,3,0,20.00,0,0.00,0,0,0,0,0,.000,.---,0,0,.650,-.--,0.00,13,"1.0 IP, 0 ER, 0 K, 0 BB",0,0,0.00,0.00,0,.---,0
802967,Benny Thompson,2025,Salt River Rafters,Glendale Desert Dogs,2025-10-26,False,False,825660,R,0,1,.000,0,0,1,0,0,0,.---,0,0,0,0.00,0,0,1,1,0,0,0,0.00,0,0,0,0.00,0,0,0.00,1,0,0.1,0,0,8,.000,.000,1,0,24.00,0,0.00,0,0,0,0,0,.000,.---,0,1,.630,-.--,27.00,5,"0.1 IP, 0 ER, K, 0 BB",0,0,0.00,0.00,0,.---,0
802967,Benny Thompson,2025,Salt River Rafters,Peoria Javelinas,2025-10-29,True,False,825628,R,0,1,.000,0,0,1,0,0,0,.---,0,0,0,0.00,0,0,1,1,0,0,0,0.00,0,0,0,0.00,0,0,0.00,1,0,0.1,0,0,3,.000,.000,1,0,9.00,0,0.00,0,0,0,0,0,.000,.---,0,1,1.000,-.--,27.00,3,"0.1 IP, 0 ER, K, 0 BB",0,0,0.00,0.00,0,.---,0
802967,Benny Thompson,2025,Salt River Rafters,Mesa Solar Sox,2025-11-02,False,False,825597,R,1,3,.250,0,3,6,0,0,0,.000,0,1,2,7.71,0,0,1,1,0,0,0,0.00,0,0,2,27.00,0,0,0.00,0,0,0.2,0,1,22,.833,1.833,2,0,33.00,2,27.00,0,0,0,0,0,1.000,1.000,2,0,.360,0.00,0.00,8,"0.2 IP, 2 ER, 0 K, 3 BB",3,0,40.50,2.14,0,.000,0
802967,Benny Thompson,2025,Salt River Rafters,Surprise Saguaros,2025-11-07,False,False,825576,R,0,1,.222,0,4,5,0,0,0,.000,0,0,2,13.50,0,0,1,1,0,0,0,0.00,0,0,0,0.00,0,0,0.00,0,0,0.1,0,0,23,.800,.800,1,0,69.00,4,108.00,0,0,0,0,0,.000,1.000,3,1,.220,0.25,27.00,5,"0.1 IP, 2 ER, K, 4 BB",0,0,108.00,3.38,1,.---,0
688781,Brett Banks,2025,Scottsdale Scorpions,Salt River Rafters,2025-10-08,True,True,825619,R,1,4,.250,0,0,4,0,0,0,.---,0,1,0,0.00,1,0,1,1,0,0,0,0.00,0,0,1,9.00,1,0,0.00,0,0,1.0,0,0,13,.250,.750,3,0,13.00,0,0.00,0,0,0,0,0,.500,.---,0,2,.690,-.--,18.00,9,"1.0 IP, 0 ER, 2 K, 0 BB",2,0,0.00,1.00,0,.---,0
688781,Brett Banks,2025,Scottsdale Scorpions,Salt River Rafters,2025-10-15,True,False,825622,R,1,3,.143,0,0,3,0,0,0,.---,0,0,0,0.00,1,0,1,1,0,0,1,0.50,0,0,0,0.00,1,0,0.00,0,0,1.0,0,0,9,.000,.000,3,0,9.00,0,0.00,0,0,0,0,0,.000,.---,0,1,.670,-.--,9.00,6,"1.0 IP, 0 ER, K, 0 BB",0,0,0.00,0.50,0,.---,0
688781,Brett Banks,2025,Scottsdale Scorpions,Surprise Saguaros,2025-10-18,True,True,825614,R,0,4,.364,0,2,6,0,0,0,.---,0,2,3,11.57,0,0,1,1,0,0,0,0.50,0,0,3,81.00,0,0,0.00,0,0,0.1,0,0,25,.833,2.083,1,0,75.00,3,81.00,0,0,0,0,0,1.250,.---,0,1,.480,0.50,27.00,12,"0.1 IP, 3 ER, K, 2 BB",5,0,54.00,2.57,0,.---,0
688781,Brett Banks,2025,Scottsdale Scorpions,Surprise Saguaros,2025-10-22,False,False,825586,R,1,7,.333,0,0,7,0,0,0,.---,0,1,1,9.00,1,0,1,1,0,0,0,0.33,0,0,2,10.80,0,1,5.40,1,1,1.2,0,0,24,.286,1.143,5,0,14.40,1,5.40,0,0,0,0,0,.857,.---,0,4,.710,-.--,21.60,17,"1.2 IP, ER, 4 K, 0 BB",6,0,0.00,2.00,0,.---,0
688781,Brett Banks,2025,Scottsdale Scorpions,Surprise Saguaros,2025-10-28,True,True,825613,R,0,3,.286,0,2,5,0,0,0,.---,0,0,0,7.20,0,0,1,1,0,0,0,0.33,0,0,0,0.00,1,0,0.00,0,0,1.0,0,0,27,.400,.400,3,0,27.00,0,0.00,0,0,0,0,0,.000,.---,0,3,.590,1.50,27.00,16,"1.0 IP, 0 ER, 3 K, 2 BB",0,0,18.00,2.00,0,.---,0
688781,Brett Banks,2025,Scottsdale Scorpions,Peoria Javelinas,2025-11-02,True,True,825610,R,0,3,.250,0,1,4,0,0,0,.---,0,0,0,6.00,0,1,1,1,0,0,1,0.67,0,0,0,0.00,0,0,0.00,0,0,1.0,0,0,18,.250,.250,3,0,18.00,0,0.00,0,0,1,1,0,.000,.---,0,2,.560,2.00,18.00,10,"1.0 IP, 0 ER, 2 K, BB",0,0,9.00,1.83,0,.---,0
829338,Dariel Fregio,2025,Scottsdale Scorpions,Salt River Rafters,2025-10-08,True,True,825619,R,1,7,.143,0,1,8,0,0,0,.---,0,0,0,0.00,0,1,1,1,0,0,2,2.00,0,0,1,4.50,0,0,0.00,0,0,2.0,0,0,23,.250,.393,6,0,11.50,0,0.00,0,0,0,0,0,.143,.---,0,3,.610,3.00,13.50,14,"2.0 IP, 0 ER, 3 K, BB",1,0,4.50,1.00,0,.---,0
829338,Dariel Fregio,2025,Scottsdale Scorpions,Peoria Javelinas,2025-10-14,False,True,825649,R,0,4,.182,0,0,4,0,0,0,.000,0,0,0,0.00,0,1,1,1,0,0,3,5.00,0,0,1,9.00,0,0,0.00,0,0,1.0,0,0,14,.250,.500,3,0,14.00,0,0.00,0,0,0,0,0,.250,1.000,1,0,.570,-.--,0.00,8,"1.0 IP, 0 ER, 0 K, 0 BB",1,0,0.00,1.00,0,.---,0
829338,Dariel Fregio,2025,Scottsdale Scorpions,Mesa Solar Sox,2025-10-17,False,True,825595,R,1,3,.214,0,0,3,0,0,0,.---,0,0,0,0.00,1,1,1,1,0,1,1,3.00,0,0,1,9.00,0,0,0.00,0,0,1.0,0,0,10,.333,.666,3,0,10.00,0,0.00,0,0,0,0,0,.333,.---,0,0,.600,-.--,0.00,6,"1.0 IP, 0 ER, 0 K, 0 BB",1,0,0.00,1.00,0,.---,0
829338,Dariel Fregio,2025,Scottsdale Scorpions,Surprise Saguaros,2025-10-22,False,False,825586,R,3,10,.292,0,0,10,0,0,0,.---,0,2,2,3.00,1,1,1,1,0,0,2,1.60,0,0,4,18.00,0,0,0.00,0,0,2.0,0,0,32,.400,1.000,6,0,16.00,2,9.00,0,0,0,0,0,.600,.---,0,1,.660,-.--,4.50,21,"2.0 IP, 2 ER, K, 0 BB",6,0,0.00,1.33,0,.---,0
829338,Dariel Fregio,2025,Scottsdale Scorpions,Mesa Solar Sox,2025-10-26,True,True,825609,R,1,3,.259,0,0,3,0,0,0,.---,0,0,0,2.57,1,0,1,1,0,0,1,1.50,0,0,0,0.00,1,0,0.00,0,0,1.0,0,0,8,.000,.000,3,0,8.00,0,0.00,0,0,0,0,0,.000,.---,0,1,.630,-.--,9.00,5,"1.0 IP, 0 ER, K, 0 BB",0,0,0.00,1.14,0,.---,0
829338,Dariel Fregio,2025,Scottsdale Scorpions,Glendale Desert Dogs,2025-10-30,True,True,825612,R,1,5,.250,0,0,5,0,0,0,.---,0,0,0,2.16,1,0,1,1,0,0,3,1.71,0,0,1,6.75,1,0,0.00,1,0,1.1,0,0,17,.200,.400,4,0,12.75,0,0.00,0,0,0,0,0,.200,.---,0,0,.590,-.--,0.00,10,"1.1 IP, 0 ER, 0 K, 0 BB",1,0,0.00,1.08,0,.---,0
829338,Dariel Fregio,2025,Scottsdale Scorpions,Mesa Solar Sox,2025-11-04,False,False,825596,R,1,5,.297,0,3,8,0,0,0,.000,0,0,6,8.00,1,0,1,1,0,0,0,1.50,0,0,3,40.50,0,0,0.00,0,0,0.2,0,1,30,.750,1.350,2,0,45.00,6,81.00,0,0,0,0,0,.600,1.000,3,1,.470,0.33,13.50,14,"0.2 IP, 6 ER, K, 3 BB",3,0,40.50,1.67,0,.000,0
829338,Dariel Fregio,2025,Scottsdale Scorpions,Glendale Desert Dogs,2025-11-07,False,False,825655,R,3,5,.310,0,1,6,0,0,0,.000,0,1,2,9.00,1,0,1,1,1,0,0,1.09,0,0,2,18.00,0,0,0.00,0,0,1.0,0,0,17,.500,1.100,3,0,17.00,2,18.00,0,0,0,0,0,.600,1.000,1,0,.470,0.00,0.00,8,"1.0 IP, 2 ER, 0 K, BB",3,0,9.00,1.80,0,.---,0
829338,Dariel Fregio,2025,Scottsdale Scorpions,Peoria Javelinas,2025-11-13,True,False,825571,L,1,6,.333,0,1,8,0,0,0,.---,0,0,2,13.50,1,0,1,1,0,0,2,2.00,1,1,2,13.50,0,1,6.75,1,0,1.1,0,0,28,.500,1.333,4,0,21.00,2,13.50,0,0,0,0,0,.833,.---,0,1,.610,1.00,6.75,17,"1.1 IP, 2 ER, K, BB",5,0,6.75,2.25,1,.---,0
695316,Jarold Rosado,2025,Glendale Desert Dogs,Surprise Saguaros,2025-10-08,False,False,825591,R,0,4,.500,0,2,6,0,0,0,.---,0,1,4,108.00,0,0,1,1,0,0,1,1.00,0,0,2,54.00,0,1,27.00,0,0,0.1,0,0,25,.667,2.167,1,0,75.00,5,135.00,0,0,0,0,0,1.500,.---,0,1,.440,0.50,27.00,11,"0.1 IP, 4 ER, K, 2 BB",6,0,54.00,12.00,0,.---,0
695316,Jarold Rosado,2025,Glendale Desert Dogs,Peoria Javelinas,2025-10-15,False,True,825648,R,0,3,.286,0,1,4,0,0,0,.---,0,0,0,27.00,0,0,1,1,0,0,2,3.00,0,0,0,0.00,1,0,0.00,0,0,1.0,0,0,22,.250,.250,3,0,22.00,0,0.00,0,0,0,0,0,.000,.---,0,1,.550,1.00,9.00,12,"1.0 IP, 0 ER, K, BB",0,0,9.00,3.75,0,.---,0
695316,Jarold Rosado,2025,Glendale Desert Dogs,Mesa Solar Sox,2025-10-18,True,False,825663,R,1,2,.222,0,1,3,0,0,0,.000,0,0,0,18.00,0,1,1,1,0,0,0,3.00,0,0,0,0.00,0,0,0.00,2,0,0.2,0,0,14,.333,.333,2,0,21.00,0,0.00,0,0,0,0,0,.000,1.000,1,1,.570,1.00,13.50,8,"0.2 IP, 0 ER, K, BB",0,0,13.50,3.00,0,.---,0
695316,Jarold Rosado,2025,Glendale Desert Dogs,Surprise Saguaros,2025-10-21,False,False,825581,R,0,2,.182,0,0,2,0,0,0,.000,0,0,0,13.50,0,1,1,1,0,0,1,4.00,0,0,0,0.00,0,0,0.00,2,0,0.2,0,0,8,.000,.000,2,0,12.00,0,0.00,0,0,0,0,0,.000,1.000,2,1,.500,-.--,13.50,4,"0.2 IP, 0 ER, K, 0 BB",0,0,0.00,2.25,0,.---,0
695316,Jarold Rosado,2025,Glendale Desert Dogs,Salt River Rafters,2025-10-23,False,False,825630,R,2,5,.188,0,0,5,0,0,0,.---,0,0,0,9.00,1,0,1,1,0,0,1,1.67,0,0,1,6.75,0,0,0.00,3,3,1.1,0,0,23,.200,.800,4,0,17.25,0,0.00,0,0,0,0,0,.600,.---,0,1,.520,-.--,6.75,12,"1.1 IP, 0 ER, K, 0 BB",3,1,0.00,1.75,0,.---,0
695316,Jarold Rosado,2025,Glendale Desert Dogs,Mesa Solar Sox,2025-10-29,True,True,825656,R,1,3,.158,0,0,3,0,0,0,.---,0,0,0,7.20,1,0,1,1,0,0,1,1.50,0,0,0,0.00,1,0,0.00,0,0,1.0,0,0,12,.000,.000,3,0,12.00,0,0.00,0,0,0,0,0,.000,.---,0,1,.580,-.--,9.00,7,"1.0 IP, 0 ER, K, 0 BB",0,0,0.00,1.40,0,.---,0
695316,Jarold Rosado,2025,Glendale Desert Dogs,Mesa Solar Sox,2025-11-01,False,False,825598,R,0,2,.190,0,3,5,0,0,0,.000,0,0,4,13.50,0,0,1,1,0,0,0,1.50,0,0,1,27.00,1,0,0.00,0,0,0.1,0,0,21,.800,1.300,1,0,63.00,4,108.00,0,0,0,0,0,.500,1.000,3,1,.330,0.33,27.00,7,"0.1 IP, 4 ER, K, 3 BB",1,0,81.00,2.06,1,.---,0
695316,Jarold Rosado,2025,Glendale Desert Dogs,Peoria Javelinas,2025-11-04,True,True,825657,R,0,2,.174,0,3,5,0,0,0,.000,0,0,0,11.37,0,0,1,1,0,1,2,2.00,0,0,0,0.00,0,0,0.00,0,0,1.0,0,0,22,.600,.600,3,0,22.00,0,0.00,0,0,0,0,0,.000,1.000,1,0,.410,0.00,0.00,9,"1.0 IP, 0 ER, 0 K, 3 BB",0,0,27.00,2.21,0,1.000,1
695316,Jarold Rosado,2025,Glendale Desert Dogs,Mesa Solar Sox,2025-11-10,True,False,825653,R,0,1,.167,0,3,4,0,0,0,.000,0,0,1,12.15,0,0,1,1,0,0,1,2.25,0,0,0,0.00,0,0,0.00,0,0,0.1,0,0,23,.750,.750,1,0,69.00,1,27.00,0,0,0,0,0,.000,1.000,2,0,.390,0.00,0.00,9,"0.1 IP, ER, 0 K, 3 BB",0,0,81.00,2.55,0,.---,0
828471,Jakob Hall,2025,Peoria Javelinas,Salt River Rafters,2025-10-10,True,True,825651,R,1,4,.250,0,0,4,0,0,0,.---,0,0,1,9.00,0,0,1,1,0,0,2,2.00,0,0,1,9.00,0,1,9.00,0,0,1.0,0,0,10,.250,1.250,3,0,10.00,1,9.00,0,0,0,0,0,1.000,.---,0,0,.600,-.--,0.00,6,"1.0 IP, ER, 0 K, 0 BB",4,0,0.00,1.00,0,.---,0
828471,Jakob Hall,2025,Peoria Javelinas,Mesa Solar Sox,2025-10-16,False,True,825603,R,1,1,.200,0,0,2,0,0,0,.---,0,0,0,5.40,1,0,1,1,0,0,1,1.50,0,0,0,0.00,1,0,0.00,2,1,0.2,0,0,4,.000,.000,2,0,6.00,0,0.00,0,1,0,0,0,.000,.---,0,0,.750,-.--,0.00,3,"0.2 IP, 0 ER, 0 K, 0 BB",0,0,0.00,0.60,0,.---,0
828471,Jakob Hall,2025,Peoria Javelinas,Mesa Solar Sox,2025-10-19,True,False,825645,R,1,6,.364,0,1,7,0,0,0,.000,0,0,3,13.50,1,0,1,1,0,0,1,1.33,0,0,3,27.00,0,1,9.00,0,0,1.0,0,0,32,.571,1.571,3,0,32.00,3,27.00,0,0,0,0,0,1.000,1.000,1,1,.560,1.00,9.00,18,"1.0 IP, 3 ER, K, BB",6,0,9.00,1.88,1,.---,0
828471,Jakob Hall,2025,Peoria Javelinas,Glendale Desert Dogs,2025-10-25,False,True,825662,R,1,4,.400,0,0,4,0,0,1,1.000,0,0,0,9.82,0,0,1,1,0,0,0,1.00,0,0,2,18.00,0,0,0.00,0,0,1.0,0,0,12,.500,1.000,3,0,12.00,0,0.00,0,0,0,0,0,.500,.000,0,1,.500,-.--,9.00,6,"1.0 IP, 0 ER, K, 0 BB",2,0,0.00,1.91,0,.---,0
828471,Jakob Hall,2025,Peoria Javelinas,Glendale Desert Dogs,2025-10-31,False,False,825659,R,1,5,.350,0,0,6,0,0,0,.000,0,0,0,6.75,1,0,1,1,0,0,2,1.20,0,0,1,5.40,0,0,0.00,3,1,1.2,0,0,23,.167,.367,5,0,13.80,0,0.00,0,1,0,0,0,.200,1.000,1,2,.610,-.--,10.80,14,"1.2 IP, 0 ER, 2 K, 0 BB",1,0,0.00,1.50,0,.---,0
828471,Jakob Hall,2025,Peoria Javelinas,Glendale Desert Dogs,2025-11-04,False,False,825657,R,1,6,.385,0,0,6,0,0,0,.---,0,1,2,8.53,0,0,1,1,0,0,2,1.33,0,0,3,27.00,0,0,0.00,0,0,1.0,0,1,24,.500,1.167,3,0,24.00,2,18.00,0,0,0,0,0,.667,.---,0,0,.580,-.--,0.00,14,"1.0 IP, 2 ER, 0 K, 0 BB",4,0,0.00,1.74,2,.000,0
828471,Jakob Hall,2025,Peoria Javelinas,Mesa Solar Sox,2025-11-11,False,False,825592,R,2,9,.400,0,0,9,0,0,0,.000,0,1,3,10.13,1,0,1,1,0,0,1,1.13,0,0,4,21.60,0,0,0.00,0,0,1.2,0,1,34,.444,1.000,5,0,20.40,3,16.20,0,0,0,0,0,.556,1.000,2,2,.710,-.--,10.80,24,"1.2 IP, 3 ER, 2 K, 0 BB",5,0,0.00,1.88,0,.000,0
699230,Lorenzo Encarnacion,2025,Salt River Rafters,Peoria Javelinas,2025-10-28,False,False,825639,R,1,3,.000,0,0,3,0,0,0,.---,0,0,0,0.00,0,0,1,1,0,0,2,2.00,0,0,0,0.00,0,0,0.00,0,0,1.0,0,0,8,.000,.000,3,0,8.00,0,0.00,0,0,0,0,0,.000,.---,0,0,.630,-.--,0.00,5,"1.0 IP, 0 ER, 0 K, 0 BB",0,0,0.00,0.00,0,.---,0
699230,Lorenzo Encarnacion,2025,Salt River Rafters,Scottsdale Scorpions,2025-11-01,False,False,825611,R,0,2,.000,0,2,4,0,0,0,.---,0,0,0,0.00,0,0,1,1,0,0,0,2.00,0,0,0,0.00,0,0,0.00,0,0,1.0,0,0,21,.500,.500,3,1,21.00,0,0.00,0,0,0,0,0,.000,.---,0,2,.430,1.00,18.00,9,"1.0 IP, 0 ER, 2 K, 2 BB",0,0,18.00,1.00,1,.---,0
699230,Lorenzo Encarnacion,2025,Salt River Rafters,Peoria Javelinas,2025-11-05,True,True,825625,R,0,2,.000,0,0,2,0,0,0,.---,0,0,0,0.00,0,1,1,1,0,0,0,2.00,0,0,0,0.00,0,0,0.00,3,0,0.2,0,0,11,.000,.000,2,0,16.50,0,0.00,0,0,1,1,0,.000,.---,0,2,.550,-.--,27.00,6,"0.2 IP, 0 ER, 2 K, 0 BB",0,0,0.00,0.75,0,.---,0
699230,Lorenzo Encarnacion,2025,Salt River Rafters,Scottsdale Scorpions,2025-11-10,True,True,825623,R,2,3,.100,0,1,5,0,0,0,.000,0,1,1,2.45,1,0,1,1,0,0,1,1.00,0,0,1,9.00,1,0,0.00,0,0,1.0,0,0,14,.400,1.067,3,0,14.00,1,9.00,0,1,0,0,0,.667,1.000,1,0,.570,0.00,0.00,8,"1.0 IP, ER, 0 K, BB",2,0,9.00,1.09,0,.---,0
671143,Trenton Denholm,2025,Surprise Saguaros,Mesa Solar Sox,2025-10-07,False,True,825607,R,2,9,.444,0,1,10,0,0,0,.---,0,2,2,9.00,1,0,1,1,0,0,0,0.00,0,0,4,18.00,1,0,0.00,0,0,2.0,0,0,32,.500,1.167,6,1,16.00,2,9.00,0,0,0,0,0,.667,.---,0,3,.690,3.00,13.50,22,"2.0 IP, 2 ER, 3 K, BB",6,0,4.50,2.50,1,.---,0
671143,Trenton Denholm,2025,Surprise Saguaros,Salt River Rafters,2025-10-16,False,True,825633,R,0,7,.500,0,1,8,0,0,0,.---,0,0,0,6.75,0,0,1,1,1,0,2,1.00,0,0,4,54.00,0,1,13.50,0,0,0.2,0,0,35,.625,1.625,2,0,52.50,4,54.00,0,0,0,0,0,1.000,.---,0,1,.660,1.00,13.50,23,"0.2 IP, 0 ER, K, BB",7,0,13.50,3.75,0,.---,0
671143,Trenton Denholm,2025,Surprise Saguaros,Mesa Solar Sox,2025-10-23,False,True,825600,R,4,11,.407,0,2,13,0,0,0,.000,0,0,1,4.76,2,0,1,1,0,1,2,0.67,0,0,3,9.00,1,0,0.00,0,0,3.0,0,0,44,.385,.658,9,0,14.67,1,3.00,0,0,0,0,0,.273,1.000,1,2,.660,1.00,6.00,29,"3.0 IP, ER, 2 K, 2 BB",3,0,6.00,2.65,0,.---,0
671143,Trenton Denholm,2025,Surprise Saguaros,Peoria Javelinas,2025-10-30,False,False,825642,R,2,13,.400,0,0,13,0,0,0,.---,0,1,0,3.12,1,0,1,1,1,0,2,0.75,0,0,5,15.00,0,0,0.00,0,0,3.0,0,0,49,.385,.847,9,1,16.33,0,0.00,0,0,0,0,0,.462,.---,0,4,.730,-.--,12.00,36,"3.0 IP, 0 ER, 4 K, 0 BB",6,0,0.00,2.31,1,.---,0
671143,Trenton Denholm,2025,Surprise Saguaros,Salt River Rafters,2025-11-06,False,True,825624,R,2,15,.345,0,2,17,0,0,1,1.000,0,1,0,2.13,0,0,1,1,1,0,4,1.00,0,0,3,6.75,0,0,0.00,0,0,4.0,0,0,68,.294,.561,12,0,17.00,0,0.00,0,0,0,0,0,.267,.000,0,6,.620,3.00,13.50,42,"4.0 IP, 0 ER, 6 K, 2 BB",4,0,4.50,1.97,0,1.000,1
671143,Trenton Denholm,2025,Surprise Saguaros,Mesa Solar Sox,2025-11-13,True,True,825580,L,8,12,.000,0,1,13,0,0,0,.---,0,0,0,0.00,3,0,1,1,1,0,2,0.25,0,0,0,0.00,0,0,0.00,0,0,4.0,0,0,36,.077,.077,12,0,9.00,0,0.00,0,0,0,0,0,.000,.---,0,2,.670,2.00,4.50,24,"4.0 IP, 0 ER, 2 K, BB",0,0,2.25,0.25,0,.---,0
694968,Jack Mahoney,2025,Salt River Rafters,Scottsdale Scorpions,2025-10-08,False,False,825619,R,1,9,.333,0,2,11,0,0,0,.---,0,0,3,13.50,1,0,1,1,0,0,4,4.00,0,0,3,13.50,0,0,0.00,0,0,2.0,0,0,48,.455,.788,6,0,24.00,3,13.50,0,0,0,0,0,.333,.---,0,1,.480,0.50,4.50,23,"2.0 IP, 3 ER, K, 2 BB",3,0,9.00,2.50,0,.---,0
694968,Jack Mahoney,2025,Salt River Rafters,Surprise Saguaros,2025-10-16,True,False,825633,R,2,11,.250,0,2,13,0,0,0,.000,0,0,0,5.40,1,0,1,1,1,0,3,2.33,0,0,2,6.00,0,0,0.00,0,0,3.0,0,0,56,.308,.490,9,0,18.67,0,0.00,0,0,0,0,0,.182,1.000,1,4,.610,2.00,12.00,34,"3.0 IP, 0 ER, 4 K, 2 BB",2,0,6.00,1.80,1,.---,0
694968,Jack Mahoney,2025,Salt River Rafters,Glendale Desert Dogs,2025-10-23,True,True,825630,R,4,14,.265,0,2,17,0,0,0,.---,0,3,1,4.00,2,0,1,1,0,0,5,1.71,0,0,4,9.00,1,0,0.00,0,0,4.0,0,0,66,.353,.853,12,1,16.50,1,2.25,0,1,0,0,0,.500,.---,0,2,.620,1.00,4.50,41,"4.0 IP, ER, 2 K, 2 BB",7,0,4.50,1.67,0,.---,0
694968,Jack Mahoney,2025,Salt River Rafters,Mesa Solar Sox,2025-10-30,True,False,825627,R,3,14,.292,0,1,15,0,0,2,1.000,0,1,2,4.15,3,0,1,1,1,1,5,1.70,0,0,5,11.25,0,0,0.00,0,0,4.0,0,0,52,.400,.971,12,0,13.00,2,4.50,0,0,0,0,0,.571,.000,0,1,.620,1.00,2.25,32,"4.0 IP, 2 ER, K, BB",8,1,2.25,1.62,0,.---,0
694968,Jack Mahoney,2025,Salt River Rafters,Surprise Saguaros,2025-11-06,True,False,825624,R,3,13,.328,0,0,14,0,0,0,.000,0,2,4,5.74,3,0,1,1,1,0,3,1.54,0,0,6,20.25,0,0,0.00,0,0,2.2,0,1,58,.429,1.044,8,0,21.75,4,13.50,0,1,0,0,0,.615,1.000,3,2,.710,-.--,6.75,41,"2.2 IP, 4 ER, 2 K, 0 BB",8,0,0.00,1.72,0,.000,0
694968,Jack Mahoney,2025,Salt River Rafters,Mesa Solar Sox,2025-11-12,False,False,825574,D,6,13,.154,0,1,15,0,0,0,.---,0,0,0,0.00,4,0,1,1,1,1,4,0.67,1,1,2,4.50,0,0,0.00,0,0,4.0,0,0,50,.267,.421,12,0,12.50,0,0.00,0,0,0,0,0,.154,.---,0,1,.600,1.00,2.25,30,"4.0 IP, 0 ER, K, BB",2,0,2.25,0.75,0,.---,0
800811,Jacob Kroeger,2025,Glendale Desert Dogs,Salt River Rafters,2025-10-14,False,False,825636,R,0,2,.000,0,2,4,0,0,0,.---,0,0,0,0.00,0,0,1,1,0,1,2,2.00,0,0,0,0.00,0,0,0.00,0,0,1.0,0,0,21,.500,.500,3,0,21.00,0,0.00,0,0,0,0,0,.000,.---,0,0,.430,0.00,0.00,9,"1.0 IP, 0 ER, 0 K, 2 BB",0,0,18.00,2.00,0,.---,0
800811,Jacob Kroeger,2025,Glendale Desert Dogs,Mesa Solar Sox,2025-10-18,True,False,825663,R,1,7,.000,0,0,7,0,0,0,.000,0,0,0,0.00,1,0,1,1,0,0,1,3.00,0,0,0,0.00,0,0,0.00,0,0,2.0,0,0,24,.000,.000,6,0,12.00,0,0.00,0,0,0,0,0,.000,1.000,1,5,.750,-.--,22.50,18,"2.0 IP, 0 ER, 5 K, 0 BB",0,0,0.00,0.67,1,.---,0
800811,Jacob Kroeger,2025,Glendale Desert Dogs,Peoria Javelinas,2025-10-25,True,False,825662,R,1,9,.278,0,1,10,0,0,0,.---,0,3,5,10.38,1,0,1,1,0,0,3,3.00,0,0,5,33.75,0,0,0.00,2,2,1.1,0,0,38,.600,1.489,4,0,28.50,5,33.75,0,0,0,0,0,.889,.---,0,0,.610,0.00,0.00,23,"1.1 IP, 5 ER, 0 K, BB",8,0,6.75,1.85,1,.---,0
800811,Jacob Kroeger,2025,Glendale Desert Dogs,Mesa Solar Sox,2025-11-01,False,False,825598,R,2,4,.227,0,3,7,0,0,0,.---,0,0,0,7.94,1,0,1,1,0,0,1,1.75,0,0,0,0.00,1,0,0.00,1,0,1.1,0,0,29,.429,.429,4,0,21.75,0,0.00,0,0,0,0,0,.000,.---,0,1,.410,0.33,6.75,12,"1.1 IP, 0 ER, K, 3 BB",0,0,20.25,1.94,0,.---,0
800811,Jacob Kroeger,2025,Glendale Desert Dogs,Scottsdale Scorpions,2025-11-07,True,True,825655,R,0,7,.241,0,0,7,0,0,0,.---,0,0,0,6.14,0,0,1,1,0,0,2,2.25,0,0,2,10.80,0,0,0.00,0,0,1.2,0,0,33,.286,.572,5,0,19.80,0,0.00,0,0,0,0,0,.286,.---,0,3,.670,-.--,16.20,22,"1.2 IP, 0 ER, 3 K, 0 BB",2,0,0.00,1.77,0,1.000,1
687040,Sayer Diederich,2025,Peoria Javelinas,Surprise Saguaros,2025-10-09,True,False,825652,R,0,2,.000,0,1,3,0,0,0,.---,0,0,0,0.00,0,1,1,1,0,1,1,1.00,0,0,0,0.00,0,0,0.00,0,0,1.0,0,0,11,.333,.333,3,0,11.00,0,0.00,0,0,0,0,0,.000,.---,0,1,.640,1.00,9.00,7,"1.0 IP, 0 ER, K, BB",0,0,9.00,1.00,0,.---,0
687040,Sayer Diederich,2025,Peoria Javelinas,Glendale Desert Dogs,2025-10-15,True,False,825648,R,1,4,.167,0,1,5,0,0,0,.---,0,0,1,4.50,0,0,1,1,0,0,2,3.00,0,0,1,9.00,1,0,0.00,0,0,1.0,0,0,21,.400,.650,3,0,21.00,1,9.00,0,0,0,0,0,.250,.---,0,0,.520,0.00,0.00,11,"1.0 IP, ER, 0 K, BB",1,0,9.00,1.50,0,.---,0
687040,Sayer Diederich,2025,Peoria Javelinas,Scottsdale Scorpions,2025-10-21,True,False,825646,R,3,7,.154,0,1,9,0,0,0,.000,0,0,0,2.45,2,0,1,1,0,0,1,1.00,1,1,1,5.40,0,0,0.00,0,0,1.2,0,0,26,.333,.476,5,0,15.60,1,5.40,0,0,0,0,0,.143,1.000,1,2,.540,2.00,10.80,14,"1.2 IP, 0 ER, 2 K, BB",1,0,5.40,1.36,0,.---,0
687040,Sayer Diederich,2025,Peoria Javelinas,Surprise Saguaros,2025-10-26,False,False,825584,R,0,3,.125,0,0,3,0,0,0,.---,0,0,0,1.93,0,0,1,1,0,0,2,1.50,0,0,0,0.00,0,0,0.00,0,0,1.0,0,0,8,.000,.000,3,0,8.00,0,0.00,0,0,0,0,0,.000,.---,0,1,.880,-.--,9.00,7,"1.0 IP, 0 ER, K, 0 BB",0,0,0.00,1.07,0,.---,0
687040,Sayer Diederich,2025,Peoria Javelinas,Surprise Saguaros,2025-11-01,False,False,825578,R,0,4,.150,0,0,4,0,0,0,.---,0,0,0,1.59,0,1,1,1,0,0,1,1.75,0,0,1,9.00,0,0,0.00,0,0,1.0,0,0,16,.250,.500,3,0,16.00,0,0.00,0,0,0,0,0,.250,.---,0,2,.630,-.--,18.00,10,"1.0 IP, 0 ER, 2 K, 0 BB",1,0,0.00,1.06,0,.---,0
687040,Sayer Diederich,2025,Peoria Javelinas,Salt River Rafters,2025-11-05,False,False,825625,R,0,4,.167,0,1,5,0,0,0,.000,0,0,1,2.70,0,1,1,1,0,0,1,2.00,0,0,1,9.00,0,0,0.00,0,0,1.0,0,0,20,.400,.650,3,0,20.00,1,9.00,0,0,0,0,0,.250,1.000,2,2,.550,2.00,18.00,11,"1.0 IP, ER, 2 K, BB",1,0,9.00,1.20,0,.---,0
687040,Sayer Diederich,2025,Peoria Javelinas,Surprise Saguaros,2025-11-10,False,True,825575,R,0,4,.179,0,0,4,0,0,0,.---,0,0,0,2.35,0,1,1,1,0,0,1,2.25,0,0,1,9.00,0,0,0.00,0,0,1.0,0,0,16,.250,.500,3,0,16.00,0,0.00,0,0,1,1,0,.250,.---,0,2,.880,-.--,18.00,14,"1.0 IP, 0 ER, 2 K, 0 BB",1,0,0.00,1.17,0,.---,0
687040,Sayer Diederich,2025,Peoria Javelinas,Surprise Saguaros,2025-11-14,False,False,825572,W,4,5,.400,0,1,8,0,0,0,.---,0,0,2,10.80,3,0,1,1,0,0,0,0.00,0,0,2,10.80,1,0,0.00,1,0,1.2,0,0,28,.375,.775,5,0,16.80,2,10.80,0,2,0,0,0,.400,.---,0,1,.610,1.00,5.40,17,"1.2 IP, 2 ER, K, BB",2,0,5.40,1.80,0,.---,0
801829,Jay Allmer,2025,Salt River Rafters,Glendale Desert Dogs,2025-10-07,True,True,825635,R,2,5,.200,0,0,5,0,0,0,.---,0,0,0,0.00,0,1,1,1,0,0,1,0.50,0,0,1,9.00,0,0,0.00,0,0,1.0,0,0,14,.200,.400,3,0,14.00,0,0.00,0,0,0,0,0,.200,.---,0,1,.860,-.--,9.00,12,"1.0 IP, 0 ER, K, 0 BB",1,0,0.00,1.00,0,.---,0
801829,Jay Allmer,2025,Salt River Rafters,Peoria Javelinas,2025-10-10,False,False,825651,R,0,4,.222,0,4,9,0,0,0,.---,0,0,3,11.57,0,0,1,1,0,1,3,2.00,1,1,1,6.75,0,0,0.00,3,3,1.1,0,0,38,.667,.917,4,0,28.50,3,20.25,0,0,0,0,0,.250,.---,0,0,.450,0.00,0.00,17,"1.1 IP, 3 ER, 0 K, 4 BB",1,0,27.00,2.57,0,.---,0
801829,Jay Allmer,2025,Salt River Rafters,Surprise Saguaros,2025-10-16,True,False,825633,R,0,0,.222,0,2,2,0,0,0,.---,0,0,2,19.29,0,0,1,1,0,0,0,2.00,0,0,0,-.--,0,0,-.--,0,0,0.0,0,0,10,1.000,1.000,0,0,-.--,2,-.--,0,0,0,0,0,.000,.---,0,0,.200,0.00,-.--,2,"0.0 IP, 2 ER, 0 K, 2 BB",0,0,-.--,3.43,0,.---,0
801829,Jay Allmer,2025,Salt River Rafters,Peoria Javelinas,2025-10-28,False,False,825639,R,1,3,.167,0,1,4,0,0,0,.---,0,0,0,13.50,1,1,1,1,0,0,1,1.67,0,0,0,0.00,0,0,0.00,0,0,1.0,0,0,12,.250,.250,3,0,12.00,0,0.00,0,0,0,0,0,.000,.---,0,1,.500,1.00,9.00,6,"1.0 IP, 0 ER, K, BB",0,0,9.00,2.70,0,.---,0
801829,Jay Allmer,2025,Salt River Rafters,Scottsdale Scorpions,2025-11-01,False,False,825611,R,0,4,.188,0,0,4,0,0,0,.---,0,0,0,10.38,0,0,1,1,0,0,3,2.67,0,0,1,9.00,0,0,0.00,0,0,1.0,0,0,14,.250,.500,3,0,14.00,0,0.00,0,0,0,0,0,.250,.---,0,0,.360,-.--,0.00,5,"1.0 IP, 0 ER, 0 K, 0 BB",1,0,0.00,2.31,1,.---,0
801829,Jay Allmer,2025,Salt River Rafters,Surprise Saguaros,2025-11-04,False,False,825579,R,1,2,.222,0,1,3,1,0,0,.000,0,0,1,11.57,1,0,1,1,0,0,0,2.00,0,0,1,27.00,0,0,0.00,1,1,0.1,0,0,12,.667,1.167,1,0,36.00,1,27.00,0,0,1,0,0,.500,1.000,4,0,.500,0.00,0.00,6,"0.1 IP, ER, 0 K, BB",1,0,27.00,2.57,0,.---,0
801829,Jay Allmer,2025,Salt River Rafters,Scottsdale Scorpions,2025-11-10,True,True,825623,R,0,1,.211,0,1,2,0,0,0,.---,0,0,0,10.80,0,0,1,1,0,0,0,2.00,0,0,0,0.00,0,0,0.00,2,0,0.1,0,0,11,.500,.500,1,0,33.00,0,0.00,0,0,0,0,0,.000,.---,0,1,.450,1.00,27.00,5,"0.1 IP, 0 ER, K, BB",0,0,27.00,2.60,0,1.000,1
702910,Jhancarlos Lara,2025,Glendale Desert Dogs,Salt River Rafters,2025-10-07,False,False,825635,R,0,2,.000,0,2,4,0,0,0,.000,0,0,0,0.00,0,0,1,1,0,0,2,2.00,0,0,0,0.00,0,0,0.00,0,0,1.0,0,0,14,.500,.500,3,0,14.00,0,0.00,0,0,0,0,0,.000,1.000,1,0,.360,0.00,0.00,5,"1.0 IP, 0 ER, 0 K, 2 BB",0,0,18.00,2.00,0,.---,0
702910,Jhancarlos Lara,2025,Glendale Desert Dogs,Salt River Rafters,2025-10-14,False,False,825636,R,2,3,.000,0,2,5,0,0,0,.---,0,0,0,0.00,2,0,1,1,0,0,1,1.50,0,0,0,0.00,0,0,0.00,0,0,1.0,0,0,15,.400,.400,3,0,15.00,0,0.00,0,0,0,0,0,.000,.---,0,0,.330,0.00,0.00,5,"1.0 IP, 0 ER, 0 K, 2 BB",0,0,18.00,2.00,1,.---,0
702910,Jhancarlos Lara,2025,Glendale Desert Dogs,Surprise Saguaros,2025-10-17,False,True,825587,R,0,6,.091,0,2,8,0,0,0,.---,0,0,1,2.45,0,0,1,1,0,0,0,1.50,0,0,1,5.40,0,0,0.00,0,0,1.2,0,0,35,.375,.542,5,0,21.00,1,5.40,0,0,0,0,0,.167,.---,0,5,.540,2.50,27.00,19,"1.2 IP, ER, 5 K, 2 BB",1,0,10.80,1.91,0,.---,0
702910,Jhancarlos Lara,2025,Glendale Desert Dogs,Peoria Javelinas,2025-10-22,False,False,825643,R,1,3,.143,0,1,4,0,0,1,.500,0,0,1,3.86,0,0,1,1,0,0,0,1.00,0,0,1,9.00,0,0,0.00,0,0,1.0,0,0,17,.500,.833,3,0,17.00,1,9.00,0,0,0,0,0,.333,.500,1,1,.530,1.00,9.00,9,"1.0 IP, ER, K, BB",1,0,9.00,1.93,0,.---,0
702910,Jhancarlos Lara,2025,Glendale Desert Dogs,Salt River Rafters,2025-10-26,True,True,825660,R,1,4,.167,0,1,5,0,0,0,.000,0,0,0,3.18,1,0,1,1,0,0,0,0.75,0,0,1,9.00,1,0,0.00,0,0,1.0,0,0,20,.400,.650,3,0,20.00,0,0.00,0,0,0,0,0,.250,1.000,1,2,.600,2.00,18.00,12,"1.0 IP, 0 ER, 2 K, BB",1,0,9.00,1.94,0,.---,0
702910,Jhancarlos Lara,2025,Glendale Desert Dogs,Mesa Solar Sox,2025-10-28,False,False,825599,R,0,3,.143,0,1,4,0,0,0,.---,0,0,0,2.70,0,0,1,1,0,0,2,1.25,0,0,0,0.00,0,0,0.00,0,0,1.0,0,0,18,.250,.250,3,0,18.00,0,0.00,0,0,0,0,0,.000,.---,0,1,.500,1.00,9.00,9,"1.0 IP, 0 ER, K, BB",0,0,9.00,1.80,0,.---,0
702910,Jhancarlos Lara,2025,Glendale Desert Dogs,Peoria Javelinas,2025-10-31,True,True,825659,R,1,4,.160,0,0,4,0,0,0,.---,0,0,0,2.35,1,0,1,1,0,0,0,1.00,0,0,1,9.00,1,0,0.00,0,0,1.0,0,0,16,.250,.500,3,0,16.00,0,0.00,0,0,0,0,0,.250,.---,0,2,.630,-.--,18.00,10,"1.0 IP, 0 ER, 2 K, 0 BB",1,0,0.00,1.70,0,.---,0
702910,Jhancarlos Lara,2025,Glendale Desert Dogs,Surprise Saguaros,2025-11-02,True,False,825658,R,0,1,.154,0,1,2,0,0,0,.---,0,0,0,2.16,0,0,1,1,0,1,1,1.20,0,0,0,0.00,0,0,0.00,1,0,0.2,0,0,10,.500,.500,2,0,15.00,0,0.00,0,0,0,0,0,.000,.---,0,0,.500,0.00,0.00,5,"0.2 IP, 0 ER, 0 K, BB",0,0,13.50,1.68,0,.---,0
702910,Jhancarlos Lara,2025,Glendale Desert Dogs,Mesa Solar Sox,2025-11-05,False,True,825594,R,0,3,.138,0,0,3,0,0,0,.---,0,0,0,1.93,0,0,1,1,0,0,0,1.20,0,0,0,0.00,0,0,0.00,0,0,1.0,0,0,15,.000,.000,3,0,15.00,0,0.00,0,0,0,0,0,.000,.---,0,3,.600,-.--,27.00,9,"1.0 IP, 0 ER, 3 K, 0 BB",0,0,0.00,1.50,0,.---,0
702910,Jhancarlos Lara,2025,Glendale Desert Dogs,Scottsdale Scorpions,2025-11-07,True,True,825655,R,0,1,.133,0,0,1,0,0,0,.---,0,0,0,1.86,0,0,1,1,0,0,1,1.40,0,0,0,0.00,1,0,0.00,2,0,0.1,0,0,2,.000,.000,1,0,6.00,0,0.00,0,0,0,0,0,.000,.---,0,0,.500,-.--,0.00,1,"0.1 IP, 0 ER, 0 K, 0 BB",0,0,0.00,1.45,0,.---,0
702910,Jhancarlos Lara,2025,Glendale Desert Dogs,Mesa Solar Sox,2025-11-10,True,False,825653,R,0,3,.152,0,2,5,0,0,0,.000,0,0,1,2.61,0,0,1,1,0,0,0,1.40,0,0,1,13.50,0,0,0.00,2,0,0.2,0,1,24,.600,.933,2,0,36.00,1,13.50,0,0,0,0,0,.333,1.000,1,2,.460,1.00,27.00,11,"0.2 IP, ER, 2 K, 2 BB",1,0,27.00,1.65,1,.000,0
802963,Mathew Peters,2025,Mesa Solar Sox,Peoria Javelinas,2025-10-08,True,False,825606,R,1,2,.500,0,0,2,0,0,0,.---,0,0,0,0.00,1,0,1,1,0,0,0,0.00,0,0,1,27.00,1,0,0.00,2,1,0.1,0,0,5,.500,1.000,1,0,15.00,0,0.00,0,0,0,0,0,.500,.---,0,0,1.000,-.--,0.00,5,"0.1 IP, 0 ER, 0 K, 0 BB",1,0,0.00,3.00,0,.---,0
802963,Mathew Peters,2025,Mesa Solar Sox,Peoria Javelinas,2025-10-16,True,False,825603,R,1,3,.400,0,3,7,0,0,0,.000,0,0,2,18.00,0,0,1,1,0,0,0,0.00,1,1,1,13.50,0,0,0.00,0,0,0.2,0,0,29,.714,1.047,2,0,43.50,2,27.00,0,0,0,0,0,.333,1.000,1,1,.480,0.33,13.50,14,"0.2 IP, 2 ER, K, 3 BB",1,0,40.50,5.00,1,.---,0
802963,Mathew Peters,2025,Mesa Solar Sox,Peoria Javelinas,2025-10-19,False,True,825645,R,7,11,.313,0,1,12,0,0,0,.000,0,0,2,9.82,3,0,1,1,0,0,1,0.11,0,0,3,10.13,1,0,0.00,1,0,2.2,0,0,39,.333,.606,8,0,14.63,2,6.75,0,0,0,0,0,.273,1.000,3,0,.540,0.00,0.00,21,"2.2 IP, 2 ER, 0 K, BB",3,0,3.38,2.45,2,.---,0
802963,Mathew Peters,2025,Mesa Solar Sox,Salt River Rafters,2025-10-22,False,False,825631,R,2,4,.350,0,1,5,0,0,0,.---,0,2,2,11.57,2,1,1,1,0,0,0,0.09,0,0,2,18.00,0,0,0.00,0,0,1.0,0,0,25,.600,1.600,3,0,25.00,2,18.00,0,0,0,0,0,1.000,.---,0,0,.640,0.00,0.00,16,"1.0 IP, 2 ER, 0 K, BB",4,0,9.00,2.57,1,.---,0
802963,Mathew Peters,2025,Mesa Solar Sox,Glendale Desert Dogs,2025-10-28,True,True,825599,R,1,2,.364,0,4,6,0,0,0,.000,0,0,3,16.20,0,0,1,1,0,0,0,0.08,0,0,1,27.00,0,0,0.00,0,0,0.1,0,0,26,.833,1.333,1,0,78.00,3,81.00,0,0,0,0,0,.500,1.000,2,0,.310,0.00,0.00,8,"0.1 IP, 3 ER, 0 K, 4 BB",1,0,108.00,3.40,0,.---,0
802963,Mathew Peters,2025,Mesa Solar Sox,Salt River Rafters,2025-11-02,True,True,825597,R,2,3,.320,0,1,4,0,0,0,.---,0,0,0,13.50,2,0,1,1,0,0,1,0.14,0,0,0,0.00,1,0,0.00,0,0,1.0,0,0,19,.250,.250,3,0,19.00,0,0.00,0,0,0,0,0,.000,.---,0,0,.580,0.00,0.00,11,"1.0 IP, 0 ER, 0 K, BB",0,0,9.00,3.00,0,.---,0
802963,Mathew Peters,2025,Mesa Solar Sox,Peoria Javelinas,2025-11-07,False,False,825640,R,1,7,.281,0,0,7,0,0,0,.---,0,1,0,10.13,0,0,1,1,0,0,4,0.40,0,0,1,4.50,0,0,0.00,0,0,2.0,0,0,29,.143,.429,6,0,14.50,0,0.00,0,0,0,0,0,.286,.---,0,1,.620,-.--,4.50,18,"2.0 IP, 0 ER, K, 0 BB",2,0,0.00,2.38,1,.---,0
802963,Mathew Peters,2025,Mesa Solar Sox,Peoria Javelinas,2025-11-11,True,True,825592,R,0,3,.257,0,3,6,0,0,0,.---,0,0,0,9.00,0,1,1,1,0,0,0,0.40,0,0,0,0.00,0,0,0.00,0,0,1.0,0,0,30,.500,.500,3,0,30.00,0,0.00,0,0,1,1,0,.000,.---,0,3,.400,1.00,27.00,12,"1.0 IP, 0 ER, 3 K, 3 BB",0,0,27.00,2.44,0,.---,0
695632,Brandon Neely,2025,Salt River Rafters,Glendale Desert Dogs,2025-10-07,True,True,825635,R,2,12,.250,0,0,13,0,0,0,.000,0,0,0,0.00,1,0,1,1,0,1,6,3.00,1,1,3,9.00,1,0,0.00,0,0,3.0,0,0,42,.308,.558,9,0,14.00,2,6.00,0,0,0,0,0,.250,1.000,2,1,.640,-.--,3.00,27,"3.0 IP, 0 ER, K, 0 BB",3,0,0.00,1.00,0,.---,0
695632,Brandon Neely,2025,Salt River Rafters,Scottsdale Scorpions,2025-10-15,False,True,825622,R,0,8,.350,0,3,12,0,0,0,.000,0,1,7,13.50,0,0,1,1,1,1,2,4.00,1,1,4,21.60,0,1,5.40,0,0,1.2,0,0,51,.667,1.667,5,0,30.60,7,37.80,0,0,0,0,0,1.000,1.000,1,2,.470,0.67,10.80,24,"1.2 IP, 7 ER, 2 K, 3 BB",8,0,16.20,2.14,0,.---,0
695632,Brandon Neely,2025,Salt River Rafters,Mesa Solar Sox,2025-10-22,True,True,825631,R,0,7,.333,1,1,8,0,0,1,.333,0,0,0,9.45,0,0,1,1,0,0,2,5.00,0,0,2,9.00,0,0,0.00,0,0,2.0,0,0,35,.375,.661,6,0,17.50,0,0.00,0,0,0,0,0,.286,.667,2,3,.600,3.00,13.50,21,"2.0 IP, 0 ER, 3 K, BB",2,0,4.50,1.95,0,.---,0
695632,Brandon Neely,2025,Salt River Rafters,Peoria Javelinas,2025-10-29,True,False,825628,R,1,8,.343,0,2,10,0,0,0,.000,0,0,3,10.80,0,0,1,1,0,0,1,3.67,0,0,3,16.20,0,0,0.00,0,0,1.2,0,0,44,.500,1.125,5,0,26.40,3,16.20,0,0,0,0,0,.625,1.000,3,3,.520,1.50,16.20,23,"1.2 IP, 3 ER, 3 K, 2 BB",5,1,10.80,2.16,0,.---,0
695632,Brandon Neely,2025,Salt River Rafters,Peoria Javelinas,2025-11-05,True,True,825625,R,2,9,.364,0,2,11,1,0,0,.000,0,0,2,10.80,2,0,1,1,0,0,1,2.40,0,0,4,21.60,0,0,0.00,0,0,1.2,0,0,48,.545,.989,5,0,28.80,2,10.80,0,0,1,0,0,.444,1.000,3,2,.520,1.00,10.80,25,"1.2 IP, 2 ER, 2 K, 2 BB",4,0,10.80,2.40,2,.---,0
695632,Brandon Neely,2025,Salt River Rafters,Mesa Solar Sox,2025-11-12,False,False,825574,D,1,4,.250,0,2,6,0,0,0,.000,0,0,3,27.00,1,0,1,1,0,0,1,1.00,0,0,1,9.00,0,1,9.00,0,0,1.0,0,1,29,.500,1.500,3,0,29.00,3,27.00,0,0,0,0,0,1.000,1.000,2,1,.550,0.50,9.00,16,"1.0 IP, 3 ER, K, 2 BB",4,0,18.00,3.00,0,.000,0
806288,Stefan Raeth,2025,Peoria Javelinas,Salt River Rafters,2025-10-10,True,True,825651,R,1,3,.000,0,0,3,0,0,0,.---,0,0,0,0.00,1,0,1,1,0,0,1,1.00,0,0,0,0.00,0,0,0.00,0,0,1.0,0,0,12,.000,.000,3,0,12.00,0,0.00,0,0,0,0,0,.000,.---,0,1,.670,-.--,9.00,8,"1.0 IP, 0 ER, K, 0 BB",0,0,0.00,0.00,0,.---,0
806288,Stefan Raeth,2025,Peoria Javelinas,Glendale Desert Dogs,2025-10-15,True,False,825648,R,3,6,.000,0,3,9,0,0,0,.000,0,0,0,0.00,1,0,1,1,0,0,3,1.00,0,0,0,0.00,0,0,0.00,1,1,1.1,0,0,28,.333,.333,4,0,21.00,0,0.00,0,0,0,0,0,.000,1.000,2,0,.460,0.00,0.00,13,"1.1 IP, 0 ER, 0 K, 3 BB",0,0,20.25,1.29,0,.---,0
806288,Stefan Raeth,2025,Peoria Javelinas,Mesa Solar Sox,2025-10-19,True,False,825645,R,1,5,.000,0,0,5,0,0,0,.---,0,0,0,0.00,1,1,1,1,0,0,1,1.00,0,0,0,0.00,0,0,0.00,3,0,1.2,0,0,17,.000,.000,5,0,10.20,0,0.00,0,0,0,0,0,.000,.---,0,3,.710,-.--,16.20,12,"1.2 IP, 0 ER, 3 K, 0 BB",0,0,0.00,0.75,0,.---,0
806288,Stefan Raeth,2025,Peoria Javelinas,Scottsdale Scorpions,2025-10-23,True,False,825638,R,2,3,.059,0,0,3,0,0,0,.---,0,0,0,0.00,2,1,1,1,0,0,0,0.71,0,0,1,13.50,0,0,0.00,3,3,0.2,0,0,12,.333,.666,2,0,18.00,0,0.00,0,0,0,0,0,.333,.---,0,0,.670,-.--,0.00,8,"0.2 IP, 0 ER, 0 K, 0 BB",1,0,0.00,0.86,1,.---,0
806288,Stefan Raeth,2025,Peoria Javelinas,Surprise Saguaros,2025-10-30,True,False,825642,R,2,4,.095,0,0,4,0,0,0,.---,0,0,0,0.00,2,1,1,1,0,0,0,0.56,0,0,1,9.00,0,0,0.00,0,0,1.0,0,0,11,.250,.500,3,0,11.00,0,0.00,0,0,0,0,0,.250,.---,0,1,.640,-.--,9.00,7,"1.0 IP, 0 ER, K, 0 BB",1,0,0.00,0.88,0,.---,0
806288,Stefan Raeth,2025,Peoria Javelinas,Glendale Desert Dogs,2025-11-04,False,False,825657,R,1,5,.115,0,1,6,0,0,0,.---,0,0,0,0.00,1,0,1,1,0,0,3,0.80,0,0,1,6.75,0,0,0.00,3,0,1.1,0,0,23,.333,.533,4,0,17.25,0,0.00,0,0,0,0,0,.200,.---,0,0,.570,0.00,0.00,13,"1.1 IP, 0 ER, 0 K, BB",1,0,6.75,1.00,0,.---,0
806288,Stefan Raeth,2025,Peoria Javelinas,Glendale Desert Dogs,2025-11-12,True,True,825573,D,1,7,.143,0,0,7,0,0,0,.000,0,0,0,0.00,0,1,1,1,0,0,2,2.00,0,0,1,4.50,0,0,0.00,0,0,2.0,0,0,25,.143,.286,6,0,12.50,0,0.00,0,0,0,0,0,.143,1.000,1,3,.720,-.--,13.50,18,"2.0 IP, 0 ER, 3 K, 0 BB",1,0,0.00,0.50,0,1.000,1
686470,Ryan Hawks,2025,Peoria Javelinas,Scottsdale Scorpions,2025-10-14,True,False,825649,R,0,6,.333,0,0,6,0,0,0,.---,0,1,0,0.00,0,0,1,1,0,0,4,4.00,0,0,2,18.00,0,0,0.00,0,0,1.0,0,0,14,.333,.833,3,0,14.00,1,9.00,0,0,0,0,0,.500,.---,0,0,.790,-.--,0.00,11,"1.0 IP, 0 ER, 0 K, 0 BB",3,0,0.00,2.00,0,.---,0
686470,Ryan Hawks,2025,Peoria Javelinas,Mesa Solar Sox,2025-10-19,True,False,825645,R,2,9,.400,0,1,10,0,0,0,.000,0,0,1,3.00,0,0,1,1,1,1,3,3.50,0,0,4,18.00,0,0,0.00,0,0,2.0,0,0,28,.500,.944,6,0,14.00,1,4.50,0,0,0,0,0,.444,1.000,1,0,.540,0.00,0.00,15,"2.0 IP, ER, 0 K, BB",4,0,4.50,2.33,0,.---,0
686470,Ryan Hawks,2025,Peoria Javelinas,Surprise Saguaros,2025-10-26,False,False,825584,R,2,7,.273,0,0,7,0,0,0,.000,0,0,0,1.80,2,0,1,1,1,0,4,2.75,0,0,0,0.00,0,0,0.00,0,0,2.0,0,0,22,.000,.000,6,0,11.00,0,0.00,0,0,0,0,0,.000,1.000,1,1,.680,-.--,4.50,15,"2.0 IP, 0 ER, K, 0 BB",0,0,0.00,1.40,0,.---,0
686470,Ryan Hawks,2025,Peoria Javelinas,Scottsdale Scorpions,2025-11-02,False,False,825610,R,0,9,.194,0,0,9,0,0,0,.---,0,0,0,1.13,0,0,1,1,0,0,6,4.25,0,0,0,0.00,0,0,0.00,0,0,3.0,0,0,32,.000,.000,9,0,10.67,0,0.00,0,0,0,0,0,.000,.---,0,3,.720,-.--,9.00,23,"3.0 IP, 0 ER, 3 K, 0 BB",0,0,0.00,0.88,0,.---,0
686470,Ryan Hawks,2025,Peoria Javelinas,Surprise Saguaros,2025-11-10,False,True,825575,R,4,9,.150,0,0,9,0,0,0,.---,0,0,0,0.82,1,0,1,1,1,0,2,2.38,0,0,0,0.00,0,0,0.00,0,0,3.0,0,0,36,.000,.000,9,0,12.00,0,0.00,0,0,0,0,0,.000,.---,0,3,.640,-.--,9.00,23,"3.0 IP, 0 ER, 3 K, 0 BB",0,0,0.00,0.64,0,.---,0
808052,Johan Moreno,2025,Peoria Javelinas,Scottsdale Scorpions,2025-10-06,False,True,825618,R,1,3,.000,0,1,4,0,0,0,.000,0,0,0,0.00,1,0,1,1,0,0,1,1.00,0,0,0,0.00,1,0,0.00,0,0,1.0,0,0,21,.250,.250,3,0,21.00,0,0.00,0,0,0,0,0,.000,1.000,1,1,.570,1.00,9.00,12,"1.0 IP, 0 ER, K, BB",0,0,9.00,1.00,0,.---,0
808052,Johan Moreno,2025,Peoria Javelinas,Scottsdale Scorpions,2025-10-14,True,False,825649,R,1,7,.100,0,0,7,0,0,0,.---,0,0,1,3.00,1,0,1,1,0,0,2,1.50,0,0,1,4.50,0,1,4.50,0,0,2.0,0,0,32,.143,.714,6,0,16.00,1,4.50,0,0,0,0,0,.571,.---,0,3,.690,-.--,13.50,22,"2.0 IP, ER, 3 K, 0 BB",4,0,0.00,0.67,0,.---,0
808052,Johan Moreno,2025,Peoria Javelinas,Salt River Rafters,2025-10-18,True,False,825644,R,1,3,.077,0,0,3,0,0,0,.---,0,0,0,2.25,1,0,1,1,0,0,1,1.33,0,0,0,0.00,1,0,0.00,0,0,1.0,0,0,10,.000,.000,3,0,10.00,0,0.00,0,0,0,0,0,.000,.---,0,1,.600,-.--,9.00,6,"1.0 IP, 0 ER, K, 0 BB",0,0,0.00,0.50,0,.---,0
808052,Johan Moreno,2025,Peoria Javelinas,Scottsdale Scorpions,2025-10-21,True,True,825616,R,1,3,.125,0,2,6,0,0,0,.---,0,0,1,3.86,1,0,1,1,0,0,0,1.00,1,1,1,13.50,1,0,0.00,0,0,0.2,0,0,30,.667,1.000,2,0,45.00,1,13.50,0,0,0,0,0,.333,.---,0,1,.530,0.50,13.50,16,"0.2 IP, ER, K, 2 BB",1,0,27.00,1.07,0,.---,0
808052,Johan Moreno,2025,Peoria Javelinas,Salt River Rafters,2025-10-28,True,True,825639,R,0,3,.105,0,1,4,0,0,0,.---,0,0,0,3.18,0,1,1,1,0,0,2,1.50,0,0,0,0.00,0,0,0.00,0,0,1.0,0,0,18,.250,.250,3,0,18.00,0,0.00,0,0,0,0,0,.000,.---,0,1,.500,1.00,9.00,9,"1.0 IP, 0 ER, K, BB",0,0,9.00,1.06,0,.---,0
808052,Johan Moreno,2025,Peoria Javelinas,Scottsdale Scorpions,2025-11-02,False,False,825610,R,0,3,.091,0,0,3,0,0,0,.---,0,0,0,2.70,0,0,1,1,0,0,2,2.00,0,0,0,0.00,0,0,0.00,0,0,1.0,0,0,14,.000,.000,3,0,14.00,0,0.00,0,0,0,0,0,.000,.---,0,1,.640,-.--,9.00,9,"1.0 IP, 0 ER, K, 0 BB",0,0,0.00,0.90,0,.---,0
808052,Johan Moreno,2025,Peoria Javelinas,Glendale Desert Dogs,2025-11-06,True,False,825641,R,1,6,.143,0,0,6,0,0,0,.000,0,0,0,2.25,1,0,1,1,0,0,1,1.80,0,0,2,13.50,0,0,0.00,1,0,1.1,0,0,26,.333,.666,4,0,19.50,0,0.00,0,0,0,0,0,.333,1.000,1,2,.690,-.--,13.50,18,"1.1 IP, 0 ER, 2 K, 0 BB",2,0,0.00,1.00,0,.---,0
808052,Johan Moreno,2025,Peoria Javelinas,Surprise Saguaros,2025-11-14,False,False,825572,W,0,3,.000,0,3,6,0,0,1,.500,0,0,0,0.00,0,0,1,1,0,0,1,1.00,0,0,0,0.00,1,0,0.00,0,0,1.1,0,0,34,.500,.500,4,0,25.50,0,0.00,0,0,0,0,0,.000,.500,1,2,.440,0.67,13.50,15,"1.1 IP, 0 ER, 2 K, 3 BB",0,0,20.25,2.25,0,.---,0
814491,Tucker Musgrove,2025,Peoria Javelinas,Scottsdale Scorpions,2025-10-06,False,True,825618,R,0,3,.000,0,0,3,0,0,0,.---,0,0,0,0.00,0,0,1,1,0,0,1,1.00,0,0,0,0.00,1,0,0.00,0,0,1.0,0,0,14,.000,.000,3,0,14.00,0,0.00,0,0,0,0,0,.000,.---,0,2,.640,-.--,18.00,9,"1.0 IP, 0 ER, 2 K, 0 BB",0,0,0.00,0.00,0,.---,0
814491,Tucker Musgrove,2025,Peoria Javelinas,Scottsdale Scorpions,2025-10-14,True,False,825649,R,0,3,.000,0,1,4,0,0,0,.---,0,0,0,0.00,0,0,1,1,0,0,2,3.00,0,0,0,0.00,0,0,0.00,0,0,1.0,0,0,18,.250,.250,3,0,18.00,0,0.00,0,0,0,0,0,.000,.---,0,1,.610,1.00,9.00,11,"1.0 IP, 0 ER, K, BB",0,0,9.00,0.50,0,.---,0
814491,Tucker Musgrove,2025,Peoria Javelinas,Scottsdale Scorpions,2025-10-21,True,True,825616,R,1,3,.000,0,2,5,0,0,0,.---,0,0,2,6.00,1,0,1,1,0,0,1,4.00,0,0,0,0.00,0,0,0.00,0,0,1.0,0,0,26,.400,.400,3,0,26.00,2,18.00,0,0,0,0,0,.000,.---,0,1,.380,0.50,9.00,10,"1.0 IP, 2 ER, K, 2 BB",0,0,18.00,1.00,2,.---,0
814491,Tucker Musgrove,2025,Peoria Javelinas,Surprise Saguaros,2025-10-26,False,False,825584,R,0,3,.083,0,1,4,0,0,0,.---,0,0,0,4.50,0,0,1,1,0,1,1,5.00,0,0,1,9.00,0,0,0.00,0,0,1.0,0,0,15,.500,.833,3,0,15.00,0,0.00,0,0,0,0,0,.333,.---,0,1,.600,1.00,9.00,9,"1.0 IP, 0 ER, K, BB",1,0,9.00,1.25,0,.---,0
814491,Tucker Musgrove,2025,Peoria Javelinas,Glendale Desert Dogs,2025-10-31,False,False,825659,R,0,3,.133,0,0,3,0,0,0,.---,0,0,0,3.60,0,0,1,1,0,0,0,5.00,0,0,1,9.00,0,0,0.00,0,0,1.0,0,0,15,.333,.666,3,0,15.00,0,0.00,0,0,0,0,0,.333,.---,0,2,.470,-.--,18.00,7,"1.0 IP, 0 ER, 2 K, 0 BB",1,0,0.00,1.20,0,.---,0
814491,Tucker Musgrove,2025,Peoria Javelinas,Glendale Desert Dogs,2025-11-04,False,False,825657,R,0,4,.263,0,1,5,0,0,0,.---,0,1,1,5.06,0,0,1,1,0,0,0,5.00,0,0,3,81.00,0,0,0.00,1,1,0.1,0,0,26,.800,1.800,1,0,78.00,1,27.00,0,0,0,0,0,1.000,.---,0,1,.620,1.00,27.00,16,"0.1 IP, ER, K, BB",4,0,27.00,1.88,0,.---,0
814491,Tucker Musgrove,2025,Peoria Javelinas,Scottsdale Scorpions,2025-11-13,False,True,825571,L,3,5,.000,0,2,8,0,0,0,.000,0,0,1,5.40,2,0,1,1,0,0,1,0.33,1,1,0,0.00,0,0,0.00,2,1,1.2,0,0,33,.375,.375,5,0,19.80,1,5.40,0,0,0,0,0,.000,1.000,1,1,.520,0.50,5.40,17,"1.2 IP, ER, K, 2 BB",0,0,10.80,1.20,2,.---,0
688609,Hunter Parks,2025,Peoria Javelinas,Scottsdale Scorpions,2025-10-06,False,True,825618,R,1,3,.000,0,0,3,0,0,0,.---,0,0,0,0.00,0,0,1,1,0,0,0,0.00,0,0,0,0.00,1,0,0.00,0,0,1.0,0,0,18,.000,.000,3,0,18.00,0,0.00,0,0,0,0,0,.000,.---,0,2,.560,-.--,18.00,10,"1.0 IP, 0 ER, 2 K, 0 BB",0,0,0.00,0.00,0,.---,0
688609,Hunter Parks,2025,Peoria Javelinas,Scottsdale Scorpions,2025-10-14,True,False,825649,R,1,2,.000,0,4,6,0,0,0,.---,0,0,1,5.40,1,0,1,1,0,0,0,0.00,0,0,0,0.00,0,0,0.00,0,0,0.2,0,0,26,.667,.667,2,0,39.00,1,13.50,0,0,0,0,0,.000,.---,0,1,.270,0.25,13.50,7,"0.2 IP, ER, K, 4 BB",0,0,54.00,2.40,1,.---,0
801415,Zander Sechrist,2025,Peoria Javelinas,Surprise Saguaros,2025-10-09,True,False,825652,R,0,4,.250,0,0,4,0,0,0,.---,0,0,1,9.00,0,0,1,1,0,0,1,1.00,0,0,1,9.00,0,1,9.00,0,0,1.0,0,0,20,.250,1.250,3,0,20.00,1,9.00,0,0,0,0,0,1.000,.---,0,2,.750,-.--,18.00,15,"1.0 IP, ER, 2 K, 0 BB",4,0,0.00,1.00,0,.---,0
801415,Zander Sechrist,2025,Peoria Javelinas,Glendale Desert Dogs,2025-10-15,True,False,825648,R,3,6,.100,0,1,7,0,0,0,.---,0,0,0,3.00,3,0,1,1,0,0,2,1.00,0,0,0,0.00,0,0,0.00,0,0,2.0,0,0,21,.143,.143,6,0,10.50,0,0.00,0,0,0,0,0,.000,.---,0,1,.570,1.00,4.50,12,"2.0 IP, 0 ER, K, BB",0,0,4.50,0.67,0,.---,0
801415,Zander Sechrist,2025,Peoria Javelinas,Mesa Solar Sox,2025-10-19,True,False,825645,R,0,4,.143,0,1,5,0,0,0,.---,0,0,0,2.25,0,0,1,1,0,0,2,1.67,0,0,1,9.00,0,0,0.00,0,0,1.0,0,0,21,.400,.650,3,0,21.00,0,0.00,0,0,0,0,0,.250,.---,0,1,.570,1.00,9.00,12,"1.0 IP, 0 ER, K, BB",1,0,9.00,1.00,0,.---,0
801415,Zander Sechrist,2025,Peoria Javelinas,Glendale Desert Dogs,2025-10-22,True,True,825643,R,1,3,.235,0,0,4,1,0,1,1.000,0,0,1,3.60,1,0,1,1,0,0,1,1.50,0,0,2,18.00,0,1,9.00,3,3,1.0,0,0,11,.500,2.167,3,0,11.00,1,9.00,0,1,1,0,0,1.667,.000,0,0,.910,-.--,0.00,10,"1.0 IP, ER, 0 K, 0 BB",5,0,0.00,1.20,0,.---,0
801415,Zander Sechrist,2025,Peoria Javelinas,Surprise Saguaros,2025-10-30,True,False,825642,R,0,2,.211,0,1,3,0,0,1,1.000,0,0,0,3.00,0,0,1,1,0,0,1,1.75,0,0,0,0.00,0,0,0.00,0,0,1.0,0,0,11,.333,.333,3,0,11.00,0,0.00,0,0,0,0,0,.000,.000,0,1,.640,1.00,9.00,7,"1.0 IP, 0 ER, K, BB",0,0,9.00,1.17,0,.---,0
801415,Zander Sechrist,2025,Peoria Javelinas,Glendale Desert Dogs,2025-11-04,False,False,825657,R,2,5,.208,0,1,6,0,0,0,.000,0,0,0,2.57,0,0,1,1,0,0,1,1.33,0,0,1,9.00,0,0,0.00,0,0,1.0,0,0,24,.333,.533,3,0,24.00,1,9.00,0,0,0,0,0,.200,1.000,3,1,.540,1.00,9.00,13,"1.0 IP, 0 ER, K, BB",1,0,9.00,1.29,0,.---,0
801415,Zander Sechrist,2025,Peoria Javelinas,Mesa Solar Sox,2025-11-11,False,False,825592,R,0,1,.240,0,0,1,0,0,0,.---,0,0,0,2.45,0,1,1,1,0,0,0,1.33,0,0,1,27.00,0,0,0.00,2,1,0.1,0,0,4,1.000,2.000,1,0,12.00,0,0.00,0,0,0,0,0,1.000,.---,0,0,.750,-.--,0.00,3,"0.1 IP, 0 ER, 0 K, 0 BB",1,0,0.00,1.36,0,.---,0
802680,Tyler Bradt,2025,Glendale Desert Dogs,Scottsdale Scorpions,2025-10-09,True,True,825666,R,0,3,.000,0,3,6,0,0,0,.000,0,0,0,0.00,0,0,1,1,0,0,1,1.00,0,0,0,0.00,0,0,0.00,0,0,1.0,0,0,30,.500,.500,3,0,30.00,0,0.00,0,0,0,0,0,.000,1.000,1,2,.430,0.67,18.00,13,"1.0 IP, 0 ER, 2 K, 3 BB",0,0,27.00,3.00,0,.---,0
802680,Tyler Bradt,2025,Glendale Desert Dogs,Surprise Saguaros,2025-10-17,False,True,825587,R,1,3,.000,0,1,4,0,0,0,.---,0,0,0,0.00,0,1,1,1,0,0,1,2.00,0,0,0,0.00,0,0,0.00,0,0,1.0,0,0,15,.250,.250,3,0,15.00,0,0.00,0,0,0,0,0,.000,.---,0,1,.470,1.00,9.00,7,"1.0 IP, 0 ER, K, BB",0,0,9.00,2.00,0,.---,0
802680,Tyler Bradt,2025,Glendale Desert Dogs,Surprise Saguaros,2025-10-21,False,False,825581,R,0,4,.300,0,2,6,0,0,0,.---,0,0,3,11.57,0,0,1,1,0,0,0,2.00,0,0,3,81.00,0,0,0.00,0,0,0.1,0,0,29,.833,1.583,1,0,87.00,3,81.00,0,0,0,0,0,.750,.---,0,1,.450,0.50,27.00,13,"0.1 IP, 3 ER, K, 2 BB",3,0,54.00,3.86,0,.---,0
802680,Tyler Bradt,2025,Glendale Desert Dogs,Peoria Javelinas,2025-10-25,True,False,825662,R,0,2,.250,0,1,3,0,0,0,.---,0,0,0,8.10,0,0,1,1,0,1,1,3.00,0,0,0,0.00,0,0,0.00,0,0,1.0,0,0,12,.333,.333,3,0,12.00,0,0.00,0,0,0,0,0,.000,.---,0,1,.330,1.00,9.00,4,"1.0 IP, 0 ER, K, BB",0,0,9.00,3.00,0,.---,0
802680,Tyler Bradt,2025,Glendale Desert Dogs,Mesa Solar Sox,2025-10-28,False,False,825599,R,2,5,.294,0,1,6,0,0,0,.---,0,0,0,6.23,1,0,1,1,0,0,0,1.00,0,0,2,18.00,0,0,0.00,0,0,1.0,0,0,20,.500,.900,3,0,20.00,0,0.00,0,0,0,0,0,.400,.---,0,1,.600,1.00,9.00,12,"1.0 IP, 0 ER, K, BB",2,0,9.00,3.00,0,.---,0
802680,Tyler Bradt,2025,Glendale Desert Dogs,Peoria Javelinas,2025-10-31,True,True,825659,R,2,4,.286,0,0,4,0,0,0,.---,0,0,1,6.75,1,0,1,1,0,0,0,0.60,0,0,1,9.00,0,1,9.00,0,0,1.0,0,0,12,.250,1.250,3,0,12.00,1,9.00,0,0,0,0,0,1.000,.---,0,1,.500,-.--,9.00,6,"1.0 IP, ER, K, 0 BB",4,0,0.00,2.63,0,.---,0
802680,Tyler Bradt,2025,Glendale Desert Dogs,Peoria Javelinas,2025-11-06,False,True,825641,R,1,3,.250,0,0,3,0,0,0,.---,0,0,0,5.68,1,0,1,1,0,0,1,0.67,0,0,0,0.00,0,0,0.00,0,0,1.0,0,0,12,.000,.000,3,0,12.00,0,0.00,0,0,0,0,0,.000,.---,0,1,.670,-.--,9.00,8,"1.0 IP, 0 ER, K, 0 BB",0,0,0.00,2.21,0,.---,0
802680,Tyler Bradt,2025,Glendale Desert Dogs,Mesa Solar Sox,2025-11-10,True,False,825653,R,1,6,.233,0,3,9,0,0,0,.000,0,0,0,4.50,0,0,1,1,0,0,2,0.86,0,0,1,5.40,0,0,0.00,0,0,1.2,0,0,48,.444,.611,5,0,28.80,0,0.00,0,0,0,0,0,.167,1.000,1,2,.560,0.67,10.80,27,"1.2 IP, 0 ER, 2 K, 3 BB",1,0,16.20,2.25,1,.---,0
681884,D.J. Carpenter,2025,Glendale Desert Dogs,Scottsdale Scorpions,2025-10-09,True,True,825666,R,0,2,.000,0,0,2,0,0,0,.---,0,0,0,0.00,0,0,1,1,0,0,0,-.--,0,0,0,0.00,0,0,0.00,1,0,0.2,0,0,8,.000,.000,2,0,12.00,0,0.00,0,0,0,0,0,.000,.---,0,2,.750,-.--,27.00,6,"0.2 IP, 0 ER, 2 K, 0 BB",0,0,0.00,0.00,0,.---,0
681884,D.J. Carpenter,2025,Glendale Desert Dogs,Peoria Javelinas,2025-10-15,False,True,825648,R,1,1,.000,0,0,2,0,0,0,.---,0,0,0,0.00,1,0,1,1,0,0,1,1.00,0,0,0,0.00,0,0,0.00,2,1,0.2,0,0,7,.000,.000,2,0,10.50,0,0.00,0,1,0,0,0,.000,.---,0,0,.710,-.--,0.00,5,"0.2 IP, 0 ER, 0 K, 0 BB",0,0,0.00,0.00,0,.---,0
681884,D.J. Carpenter,2025,Glendale Desert Dogs,Salt River Rafters,2025-10-19,True,False,825647,R,0,2,.200,0,2,4,0,0,0,.---,0,0,2,10.80,0,0,1,1,0,0,0,1.00,0,0,1,27.00,0,1,27.00,1,1,0.1,0,0,21,.750,2.750,1,0,63.00,2,54.00,0,0,0,0,0,2.000,.---,0,1,.480,0.50,27.00,10,"0.1 IP, 2 ER, K, 2 BB",4,0,54.00,1.80,1,.---,0
681884,D.J. Carpenter,2025,Glendale Desert Dogs,Peoria Javelinas,2025-10-22,False,False,825643,R,2,3,.125,0,0,3,0,0,0,.---,0,0,0,6.75,2,1,1,1,0,0,0,0.33,0,0,0,0.00,0,0,0.00,0,0,1.0,0,0,18,.000,.000,3,0,18.00,0,0.00,0,0,0,0,0,.000,.---,0,1,.610,-.--,9.00,11,"1.0 IP, 0 ER, K, 0 BB",0,0,0.00,1.13,0,.---,0
681884,D.J. Carpenter,2025,Glendale Desert Dogs,Salt River Rafters,2025-10-26,True,True,825660,R,0,1,.111,0,0,1,0,0,0,.---,0,0,0,6.00,0,0,1,1,0,0,0,0.33,0,0,0,0.00,1,0,0.00,2,0,0.1,0,0,5,.000,.000,1,0,15.00,0,0.00,0,0,0,0,0,.000,.---,0,1,.800,-.--,27.00,4,"0.1 IP, 0 ER, K, 0 BB",0,0,0.00,1.00,0,.---,0
681884,D.J. Carpenter,2025,Glendale Desert Dogs,Scottsdale Scorpions,2025-10-30,False,False,825612,R,0,7,.313,0,1,8,0,0,0,.---,0,1,3,11.25,0,1,1,1,0,0,1,0.67,0,0,4,36.00,0,0,0.00,0,0,1.0,0,0,25,.625,1.339,3,0,25.00,3,27.00,0,0,0,0,0,.714,.---,0,2,.680,2.00,18.00,17,"1.0 IP, 3 ER, 2 K, BB",5,0,9.00,2.00,0,.---,0
681884,D.J. Carpenter,2025,Glendale Desert Dogs,Surprise Saguaros,2025-11-02,True,False,825658,R,1,5,.333,0,1,6,0,0,0,.---,0,0,1,10.80,0,1,1,1,0,0,1,0.75,0,0,2,18.00,0,0,0.00,0,0,1.0,0,0,14,.500,.900,3,0,14.00,2,18.00,0,0,0,0,0,.400,.---,0,1,.640,1.00,9.00,9,"1.0 IP, ER, K, BB",2,0,9.00,2.20,0,.---,0
681884,D.J. Carpenter,2025,Glendale Desert Dogs,Scottsdale Scorpions,2025-11-07,True,True,825655,R,0,3,.292,0,0,3,0,0,0,.---,0,0,0,9.00,0,0,1,1,0,0,3,1.50,0,0,0,0.00,1,0,0.00,0,0,1.0,0,0,6,.000,.000,3,0,6.00,0,0.00,0,0,0,0,0,.000,.---,0,0,.670,-.--,0.00,4,"1.0 IP, 0 ER, 0 K, 0 BB",0,0,0.00,1.83,0,.---,0
801941,Carson Jacobs,2025,Glendale Desert Dogs,Surprise Saguaros,2025-10-08,False,False,825591,R,0,3,.333,0,2,5,0,0,0,.---,0,1,0,0.00,0,0,1,1,0,0,0,-.--,0,0,1,13.50,1,0,0.00,0,0,0.2,0,0,27,.600,1.267,2,0,40.50,0,0.00,0,0,0,0,0,.667,.---,0,2,.480,1.00,27.00,13,"0.2 IP, 0 ER, 2 K, 2 BB",2,0,27.00,4.50,1,.---,0
801941,Carson Jacobs,2025,Glendale Desert Dogs,Peoria Javelinas,2025-10-15,False,True,825648,R,0,3,.333,0,2,5,0,0,0,.---,0,0,1,6.75,0,0,1,1,0,0,0,-.--,0,0,1,13.50,1,0,0.00,0,0,0.2,0,0,27,.600,.933,2,0,40.50,1,13.50,0,0,0,0,0,.333,.---,0,2,.480,1.00,27.00,13,"0.2 IP, ER, 2 K, 2 BB",1,0,27.00,4.50,0,.---,0
801941,Carson Jacobs,2025,Glendale Desert Dogs,Salt River Rafters,2025-10-19,True,False,825647,R,0,1,.286,0,0,1,0,0,0,.000,0,0,0,5.40,0,0,1,1,0,0,0,-.--,0,0,0,0.00,0,0,0.00,1,0,0.1,0,0,4,.000,.000,1,0,12.00,0,0.00,0,0,0,0,0,.000,1.000,1,1,.750,-.--,27.00,3,"0.1 IP, 0 ER, K, 0 BB",0,0,0.00,3.60,0,.---,0
801941,Carson Jacobs,2025,Glendale Desert Dogs,Surprise Saguaros,2025-10-21,False,False,825664,R,2,3,.200,0,3,7,0,0,0,.000,0,0,0,3.00,2,0,1,1,0,0,0,0.00,0,0,0,0.00,0,0,0.00,2,2,1.1,0,0,40,.429,.429,4,0,30.00,0,0.00,0,1,0,0,0,.000,1.000,6,2,.530,0.67,13.50,21,"1.1 IP, 0 ER, 2 K, 3 BB",0,0,20.25,3.00,0,.---,0
801941,Carson Jacobs,2025,Glendale Desert Dogs,Mesa Solar Sox,2025-10-29,True,True,825656,R,1,3,.154,0,0,3,0,0,0,.---,0,0,0,2.25,1,0,1,1,0,0,1,0.33,0,0,0,0.00,1,0,0.00,0,0,1.0,0,0,9,.000,.000,3,0,9.00,0,0.00,0,0,0,0,0,.000,.---,0,1,.890,-.--,9.00,8,"1.0 IP, 0 ER, K, 0 BB",0,0,0.00,2.25,0,.---,0
801941,Carson Jacobs,2025,Glendale Desert Dogs,Mesa Solar Sox,2025-11-01,False,False,825598,R,0,2,.133,0,1,3,0,0,0,.000,0,0,0,1.93,0,0,1,1,0,0,0,0.33,0,0,0,0.00,0,0,0.00,1,0,0.2,0,0,18,.333,.333,2,0,27.00,0,0.00,0,0,0,0,0,.000,1.000,3,2,.560,2.00,27.00,10,"0.2 IP, 0 ER, 2 K, BB",0,0,13.50,2.14,0,.---,0
801941,Carson Jacobs,2025,Glendale Desert Dogs,Peoria Javelinas,2025-11-04,True,True,825657,R,2,4,.158,0,0,4,0,0,0,.---,0,1,0,1.59,2,0,1,1,0,0,0,0.20,0,0,1,9.00,1,0,0.00,0,0,1.0,0,0,14,.250,.750,3,0,14.00,0,0.00,0,0,0,0,0,.500,.---,0,1,.640,-.--,9.00,9,"1.0 IP, 0 ER, K, 0 BB",2,0,0.00,1.94,0,.---,0
801941,Carson Jacobs,2025,Glendale Desert Dogs,Scottsdale Scorpions,2025-11-11,False,True,825608,R,0,2,.190,0,3,5,0,0,0,.---,0,0,2,4.50,0,0,1,1,0,0,0,0.20,0,0,1,27.00,1,0,0.00,0,0,0.1,0,0,22,.800,1.300,1,0,66.00,2,54.00,0,0,0,0,0,.500,.---,0,1,.360,0.33,27.00,8,"0.1 IP, 2 ER, K, 3 BB",1,0,81.00,2.50,0,.---,0
801317,Alex Makarewich,2025,Glendale Desert Dogs,Surprise Saguaros,2025-10-08,False,False,825591,R,1,1,.000,0,0,1,0,0,0,.---,0,0,0,0.00,1,0,1,1,0,0,0,0.00,0,0,0,0.00,0,0,0.00,0,0,0.1,0,0,6,.000,.000,1,0,18.00,0,0.00,0,0,0,0,0,.000,.---,0,0,.500,-.--,0.00,3,"0.1 IP, 0 ER, 0 K, 0 BB",0,0,0.00,0.00,0,.---,0
801317,Alex Makarewich,2025,Glendale Desert Dogs,Salt River Rafters,2025-10-14,False,False,825636,R,0,1,.000,0,1,2,0,0,0,.---,0,0,0,0.00,0,0,1,1,0,0,0,0.00,0,0,0,0.00,0,0,0.00,2,0,0.1,0,0,10,.500,.500,1,0,30.00,0,0.00,0,0,0,0,0,.000,.---,0,1,.500,1.00,27.00,5,"0.1 IP, 0 ER, K, BB",0,0,27.00,1.50,1,.---,0
801317,Alex Makarewich,2025,Glendale Desert Dogs,Surprise Saguaros,2025-10-17,False,True,825587,R,0,2,.250,0,1,3,0,0,0,.---,0,1,0,0.00,0,0,1,1,0,0,1,1.00,0,0,1,27.00,0,0,0.00,1,1,0.1,0,0,16,.667,1.667,1,0,48.00,0,0.00,0,0,0,0,0,1.000,.---,0,0,.440,0.00,0.00,7,"0.1 IP, 0 ER, 0 K, BB",2,0,27.00,3.00,1,.---,0
801317,Alex Makarewich,2025,Glendale Desert Dogs,Salt River Rafters,2025-10-19,True,False,825647,R,2,3,.143,0,0,3,0,0,0,.---,0,0,0,0.00,1,0,1,1,0,0,1,0.67,0,0,0,0.00,0,0,0.00,0,0,1.0,0,0,5,.000,.000,3,0,5.00,0,0.00,0,0,0,0,0,.000,.---,0,0,.800,-.--,0.00,4,"1.0 IP, 0 ER, 0 K, 0 BB",0,0,0.00,1.50,0,.---,0
801317,Alex Makarewich,2025,Glendale Desert Dogs,Surprise Saguaros,2025-10-21,False,False,825664,R,2,5,.167,0,2,7,0,0,0,.000,0,0,1,2.45,0,0,1,1,0,0,1,0.60,0,0,1,5.40,0,0,0.00,2,0,1.2,0,0,28,.429,.629,5,0,16.80,1,5.40,0,0,0,0,0,.200,1.000,1,1,.460,0.50,5.40,13,"1.2 IP, ER, K, 2 BB",1,0,10.80,1.64,0,.---,0
801317,Alex Makarewich,2025,Glendale Desert Dogs,Salt River Rafters,2025-10-26,True,True,825660,R,0,5,.235,0,0,6,0,0,0,.---,0,0,0,1.93,0,1,1,1,0,0,1,0.80,1,1,2,18.00,0,0,0.00,0,0,1.0,0,0,24,.500,.900,3,0,24.00,0,0.00,0,0,0,0,0,.400,.---,0,2,.630,-.--,18.00,15,"1.0 IP, 0 ER, 2 K, 0 BB",2,0,0.00,1.71,0,.---,0
801317,Alex Makarewich,2025,Glendale Desert Dogs,Scottsdale Scorpions,2025-10-30,False,False,825612,R,0,5,.227,0,3,8,0,0,0,.000,0,1,0,1.35,0,0,1,1,0,1,2,1.20,0,0,1,4.50,0,0,0.00,0,0,2.0,0,0,36,.500,.900,6,0,18.00,0,0.00,0,0,0,0,0,.400,1.000,1,2,.420,0.67,9.00,15,"2.0 IP, 0 ER, 2 K, 3 BB",2,0,13.50,1.80,0,.---,0
801317,Alex Makarewich,2025,Glendale Desert Dogs,Mesa Solar Sox,2025-11-05,False,True,825594,R,3,6,.214,0,3,9,0,0,0,.---,0,0,1,2.16,2,0,1,1,0,0,1,0.88,0,0,1,5.40,0,0,0.00,0,0,1.2,0,0,36,.444,.611,5,0,21.60,1,5.40,0,0,0,0,0,.167,.---,0,1,.530,0.33,5.40,19,"1.2 IP, ER, K, 3 BB",1,0,16.20,1.92,0,.---,0
801317,Alex Makarewich,2025,Glendale Desert Dogs,Peoria Javelinas,2025-11-12,False,False,825573,D,0,1,1.000,0,2,3,0,0,0,.---,0,0,3,-.--,0,0,1,1,0,0,0,-.--,0,0,1,-.--,0,0,-.--,0,0,0.0,0,0,18,1.000,2.000,0,0,-.--,3,-.--,0,0,0,0,0,1.000,.---,0,0,.560,0.00,-.--,10,"0.0 IP, 3 ER, 0 K, 2 BB",1,0,-.--,-.--,0,.---,0
815322,Kai Peterson,2025,Glendale Desert Dogs,Salt River Rafters,2025-10-07,False,False,825635,R,1,2,.000,0,1,3,0,0,1,1.000,0,0,0,0.00,1,0,1,1,0,0,0,0.00,0,0,0,0.00,0,0,0.00,0,0,1.0,0,0,14,.333,.333,3,0,14.00,0,0.00,0,0,0,0,0,.000,.000,0,1,.500,1.00,9.00,7,"1.0 IP, 0 ER, K, BB",0,0,9.00,1.00,0,.---,0
815322,Kai Peterson,2025,Glendale Desert Dogs,Salt River Rafters,2025-10-14,False,False,825636,R,1,4,.167,0,0,4,0,0,0,.000,0,0,0,0.00,0,1,1,1,0,0,0,0.00,0,0,1,9.00,0,0,0.00,0,0,1.0,0,0,17,.250,.500,3,0,17.00,0,0.00,0,0,0,0,0,.250,1.000,1,2,.590,-.--,18.00,10,"1.0 IP, 0 ER, 2 K, 0 BB",1,0,0.00,1.00,0,.---,0
815322,Kai Peterson,2025,Glendale Desert Dogs,Mesa Solar Sox,2025-10-18,True,False,825663,R,1,4,.300,0,0,4,1,0,0,.---,0,1,1,3.38,0,0,1,1,0,0,0,0.00,0,0,2,27.00,0,0,0.00,3,3,0.2,0,0,18,.500,1.250,2,0,27.00,1,13.50,0,0,1,0,0,.750,.---,0,1,.500,-.--,13.50,9,"0.2 IP, ER, K, 0 BB",3,0,0.00,1.50,1,.---,0
815322,Kai Peterson,2025,Glendale Desert Dogs,Surprise Saguaros,2025-10-21,False,False,825664,R,0,3,.231,0,1,4,0,0,0,.000,0,0,0,2.45,0,1,1,1,0,0,1,0.33,0,0,0,0.00,0,0,0.00,0,0,1.0,0,0,19,.250,.250,3,0,19.00,0,0.00,0,0,0,0,0,.000,1.000,1,2,.470,2.00,18.00,9,"1.0 IP, 0 ER, 2 K, BB",0,0,9.00,1.36,0,.---,0
815322,Kai Peterson,2025,Glendale Desert Dogs,Peoria Javelinas,2025-10-25,True,False,825662,R,1,4,.235,0,1,5,0,0,0,.---,0,0,0,1.93,1,1,1,1,0,0,1,0.50,0,0,1,9.00,0,0,0.00,0,0,1.0,0,0,23,.400,.650,3,0,23.00,0,0.00,0,0,0,0,0,.250,.---,0,1,.480,1.00,9.00,11,"1.0 IP, 0 ER, K, BB",1,0,9.00,1.50,0,.---,0
815322,Kai Peterson,2025,Glendale Desert Dogs,Mesa Solar Sox,2025-10-28,False,False,825599,R,0,3,.250,0,1,5,0,0,0,.---,0,0,3,6.75,0,0,1,1,0,0,2,1.00,1,1,1,13.50,0,0,0.00,0,0,0.2,0,0,26,.600,1.600,2,0,39.00,3,40.50,0,0,0,0,0,1.000,.---,0,0,.500,0.00,0.00,13,"0.2 IP, 3 ER, 0 K, BB",3,1,13.50,1.69,0,.---,0
815322,Kai Peterson,2025,Glendale Desert Dogs,Peoria Javelinas,2025-10-31,True,True,825659,R,2,5,.280,0,1,6,0,0,0,.---,0,0,0,5.68,0,0,1,1,0,0,0,0.67,0,0,2,18.00,0,0,0.00,0,0,1.0,0,0,24,.500,.900,3,0,24.00,0,0.00,0,0,0,0,0,.400,.---,0,1,.630,1.00,9.00,15,"1.0 IP, 0 ER, K, BB",2,0,9.00,1.89,0,.---,0
815322,Kai Peterson,2025,Glendale Desert Dogs,Mesa Solar Sox,2025-11-05,False,True,825594,R,2,4,.276,0,3,7,0,0,0,.000,0,0,2,7.36,0,0,1,1,0,0,1,0.63,0,0,1,9.00,0,0,0.00,0,0,1.0,0,0,24,.571,.821,3,0,24.00,2,18.00,0,0,0,0,0,.250,1.000,1,0,.380,0.00,0.00,9,"1.0 IP, 2 ER, 0 K, 3 BB",1,0,27.00,2.18,0,.---,0
815322,Kai Peterson,2025,Glendale Desert Dogs,Peoria Javelinas,2025-11-12,False,False,825573,D,1,1,.000,0,0,1,0,0,0,.---,0,0,0,0.00,0,1,1,1,0,0,0,0.00,0,0,0,0.00,0,0,0.00,2,0,0.1,0,0,5,.000,.000,1,0,15.00,0,0.00,0,0,0,0,0,.000,.---,0,0,.800,-.--,0.00,4,"0.1 IP, 0 ER, 0 K, 0 BB",0,0,0.00,0.00,0,.---,0
700292,Yondrei Rojas,2025,Glendale Desert Dogs,Salt River Rafters,2025-10-07,False,False,825635,R,0,7,.429,0,0,7,0,0,0,.000,0,0,3,27.00,0,1,1,1,0,0,3,3.00,0,0,3,27.00,0,1,9.00,0,0,1.0,0,0,27,.429,1.572,3,0,27.00,3,27.00,0,0,0,0,0,1.143,1.000,1,1,.700,-.--,9.00,19,"1.0 IP, 3 ER, K, 0 BB",8,1,0.00,3.00,0,.---,0
700292,Yondrei Rojas,2025,Glendale Desert Dogs,Surprise Saguaros,2025-10-17,False,True,825587,R,1,1,.375,0,0,1,0,0,0,.---,0,0,0,20.25,1,0,1,1,0,0,0,3.00,0,0,0,0.00,0,0,0.00,0,0,0.1,0,0,5,.000,.000,1,0,15.00,0,0.00,0,0,0,0,0,.000,.---,0,0,.600,-.--,0.00,3,"0.1 IP, 0 ER, 0 K, 0 BB",0,0,0.00,2.25,0,.---,0
700292,Yondrei Rojas,2025,Glendale Desert Dogs,Salt River Rafters,2025-10-19,True,False,825647,R,1,4,.333,0,0,4,0,0,0,.---,0,0,1,15.43,1,0,1,1,0,0,1,2.00,0,0,1,9.00,0,1,9.00,0,0,1.0,0,0,21,.250,1.250,3,0,21.00,1,9.00,0,0,0,0,0,1.000,.---,0,1,.670,-.--,9.00,14,"1.0 IP, ER, K, 0 BB",4,0,0.00,1.71,0,.---,0
700292,Yondrei Rojas,2025,Glendale Desert Dogs,Salt River Rafters,2025-10-23,False,False,825630,R,0,1,.385,0,2,4,0,0,0,.---,0,0,4,30.86,0,0,1,1,0,0,0,2.00,1,1,1,-.--,0,0,-.--,1,1,0.0,0,0,18,1.000,2.000,0,0,-.--,4,-.--,0,0,0,0,0,1.000,.---,0,0,.440,0.00,-.--,8,"0.0 IP, 4 ER, 0 K, 2 BB",1,0,-.--,3.00,0,.---,0
820827,Luke Sinnard,2025,Glendale Desert Dogs,Salt River Rafters,2025-10-14,False,False,825636,R,0,7,.143,0,0,7,0,0,0,.---,0,1,1,4.50,0,0,1,1,1,0,4,4.00,0,0,1,4.50,0,0,0.00,0,0,2.0,0,0,29,.143,.429,6,0,14.50,1,4.50,0,0,0,0,0,.286,.---,0,2,.620,-.--,9.00,18,"2.0 IP, ER, 2 K, 0 BB",2,0,0.00,0.50,0,.---,0
820827,Luke Sinnard,2025,Glendale Desert Dogs,Mesa Solar Sox,2025-10-18,True,False,825663,R,3,11,.222,0,0,11,0,0,0,.---,0,1,0,1.80,2,0,1,1,1,1,1,1.67,0,0,3,9.00,0,0,0.00,0,0,3.0,0,0,39,.273,.637,9,0,13.00,0,0.00,0,0,0,0,0,.364,.---,0,4,.770,-.--,12.00,30,"3.0 IP, 0 ER, 4 K, 0 BB",4,0,0.00,0.80,0,.---,0
820827,Luke Sinnard,2025,Glendale Desert Dogs,Peoria Javelinas,2025-10-25,True,False,825662,R,3,10,.214,0,2,12,0,0,1,.333,0,0,0,1.13,3,0,1,1,1,0,0,0.83,0,0,2,6.00,0,0,0.00,0,0,3.0,0,0,53,.333,.533,9,0,17.67,0,0.00,0,0,0,0,0,.200,.667,2,5,.640,2.50,15.00,34,"3.0 IP, 0 ER, 5 K, 2 BB",2,0,6.00,1.00,0,.---,0
820827,Luke Sinnard,2025,Glendale Desert Dogs,Mesa Solar Sox,2025-11-01,False,False,825598,R,3,16,.250,0,1,17,0,0,1,.500,0,1,4,3.86,1,0,1,1,1,0,3,0.89,0,0,5,12.27,0,2,4.91,0,0,3.2,0,0,63,.353,1.103,11,0,17.18,4,9.82,0,0,0,0,0,.750,.500,1,5,.680,5.00,12.27,43,"3.2 IP, 4 ER, 5 K, BB",12,0,2.45,1.20,0,.---,0
820827,Luke Sinnard,2025,Glendale Desert Dogs,Scottsdale Scorpions,2025-11-07,True,True,825655,R,0,14,.276,1,3,17,0,0,0,.000,0,1,3,4.60,0,0,1,1,1,2,5,1.44,0,0,5,11.25,0,1,2.25,0,0,4.0,0,0,64,.471,1.114,12,1,16.00,3,6.75,0,0,0,0,0,.643,1.000,3,4,.530,1.33,9.00,34,"4.0 IP, 3 ER, 4 K, 3 BB",9,0,6.75,1.40,0,.---,0
696146,Hagen Smith,2025,Glendale Desert Dogs,Surprise Saguaros,2025-10-08,False,False,825591,R,2,11,.273,0,2,14,0,0,0,.000,0,1,0,0.00,1,0,1,1,1,0,2,1.00,1,1,3,9.00,0,0,0.00,0,0,3.0,0,0,48,.429,.793,9,0,16.00,0,0.00,0,0,0,0,0,.364,1.000,1,4,.580,2.00,12.00,28,"3.0 IP, 0 ER, 4 K, 2 BB",4,0,6.00,1.67,0,.---,0
696146,Hagen Smith,2025,Glendale Desert Dogs,Scottsdale Scorpions,2025-10-16,False,False,825621,R,0,10,.190,0,2,12,0,0,0,.000,0,0,0,0.00,0,0,1,1,1,0,4,3.00,0,0,1,3.00,0,0,0.00,0,0,3.0,0,0,60,.250,.350,9,0,20.00,0,0.00,0,0,0,0,0,.100,1.000,2,5,.600,2.50,15.00,36,"3.0 IP, 0 ER, 5 K, 2 BB",1,0,6.00,1.33,0,.---,0
696146,Hagen Smith,2025,Glendale Desert Dogs,Peoria Javelinas,2025-10-22,False,False,825643,R,1,12,.182,0,1,14,0,0,0,.000,0,1,3,3.00,0,0,1,1,1,0,2,2.67,1,1,2,6.00,0,1,3.00,0,0,3.0,0,0,56,.286,.786,9,0,18.67,3,9.00,0,0,0,0,0,.500,1.000,3,7,.590,7.00,21.00,33,"3.0 IP, 3 ER, 7 K, BB",6,0,3.00,1.22,1,.---,0
696146,Hagen Smith,2025,Glendale Desert Dogs,Mesa Solar Sox,2025-10-29,True,True,825656,R,3,10,.163,0,1,11,0,0,0,.000,0,1,1,3.00,2,0,1,1,1,0,5,2.17,0,0,1,3.00,0,0,0.00,0,0,3.0,0,0,40,.182,.382,9,0,13.33,1,3.00,0,0,0,0,0,.200,1.000,1,1,.680,1.00,3.00,27,"3.0 IP, ER, K, BB",2,0,3.00,1.08,0,.---,0
696146,Hagen Smith,2025,Glendale Desert Dogs,Peoria Javelinas,2025-11-04,True,True,825657,R,0,6,.143,0,0,6,0,0,0,.---,0,0,0,2.57,0,0,1,1,1,0,2,2.50,0,0,0,0.00,0,0,0.00,0,0,2.0,0,0,23,.000,.000,6,0,11.50,0,0.00,0,0,0,0,0,.000,.---,0,4,.700,-.--,18.00,16,"2.0 IP, 0 ER, 4 K, 0 BB",0,0,0.00,0.93,0,.---,0
701207,Dennis Colleran Jr.,2025,Surprise Saguaros,Glendale Desert Dogs,2025-10-08,True,True,825591,R,1,3,.000,0,2,5,0,0,0,.---,0,0,0,0.00,1,0,1,1,0,0,1,1.00,0,0,0,0.00,0,0,0.00,0,0,1.0,0,0,18,.400,.400,3,0,18.00,0,0.00,0,0,0,0,0,.000,.---,0,1,.390,0.50,9.00,7,"1.0 IP, 0 ER, K, 2 BB",0,0,18.00,2.00,0,.---,0
701207,Dennis Colleran Jr.,2025,Surprise Saguaros,Salt River Rafters,2025-10-16,False,True,825633,R,0,2,.000,0,0,3,0,0,0,.---,0,0,0,0.00,0,0,1,1,0,1,1,2.00,1,1,0,0.00,1,0,0.00,0,0,1.0,0,0,11,.333,.333,3,0,11.00,0,0.00,0,0,0,0,0,.000,.---,0,1,.550,-.--,9.00,6,"1.0 IP, 0 ER, K, 0 BB",0,0,0.00,1.00,0,.---,0
701207,Dennis Colleran Jr.,2025,Surprise Saguaros,Scottsdale Scorpions,2025-10-18,False,False,825614,R,0,4,.111,0,0,4,0,0,0,.---,0,0,0,0.00,0,1,1,1,0,0,1,3.00,0,0,1,9.00,0,0,0.00,0,0,1.0,0,0,15,.250,1.000,3,0,15.00,0,0.00,0,0,0,0,0,.750,.---,0,2,.730,-.--,18.00,11,"1.0 IP, 0 ER, 2 K, 0 BB",3,1,0.00,1.00,0,.---,0
701207,Dennis Colleran Jr.,2025,Surprise Saguaros,Mesa Solar Sox,2025-10-25,True,False,825585,R,0,4,.154,0,0,4,0,0,0,.---,0,0,1,2.25,0,0,1,1,0,0,2,5.00,0,0,1,9.00,0,1,9.00,0,0,1.0,0,0,19,.250,1.250,3,0,19.00,1,9.00,0,0,0,0,0,1.000,.---,0,1,.740,-.--,9.00,14,"1.0 IP, ER, K, 0 BB",4,0,0.00,1.00,0,.---,0
701207,Dennis Colleran Jr.,2025,Surprise Saguaros,Peoria Javelinas,2025-10-30,False,False,825642,R,1,3,.125,0,0,3,0,0,0,.---,0,0,0,1.80,1,0,1,1,0,0,1,3.00,0,0,0,0.00,0,0,0.00,0,0,1.0,0,0,15,.000,.000,3,0,15.00,0,0.00,0,0,0,0,0,.000,.---,0,1,.600,-.--,9.00,9,"1.0 IP, 0 ER, K, 0 BB",0,0,0.00,0.80,0,.---,0
701207,Dennis Colleran Jr.,2025,Surprise Saguaros,Glendale Desert Dogs,2025-11-02,False,True,825658,R,0,5,.095,0,0,5,0,0,0,.---,0,0,0,1.35,0,1,1,1,0,1,2,4.00,0,0,0,0.00,0,0,0.00,3,0,1.2,0,0,22,.000,.000,5,0,13.20,0,0.00,0,0,0,0,0,.000,.---,0,3,.640,-.--,16.20,14,"1.2 IP, 0 ER, 3 K, 0 BB",0,0,0.00,0.60,0,.---,0
701207,Dennis Colleran Jr.,2025,Surprise Saguaros,Salt River Rafters,2025-11-07,True,True,825576,R,0,3,.083,0,1,4,0,0,0,.---,0,0,0,1.17,0,0,1,1,0,0,1,4.50,0,0,0,0.00,0,0,0.00,0,0,1.0,0,0,20,.250,.250,3,0,20.00,0,0.00,0,0,0,0,0,.000,.---,0,2,.500,2.00,18.00,10,"1.0 IP, 0 ER, 2 K, BB",0,0,9.00,0.65,0,.---,0
701207,Dennis Colleran Jr.,2025,Surprise Saguaros,Mesa Solar Sox,2025-11-13,True,True,825580,L,1,2,.000,0,2,5,0,0,0,.000,0,0,0,0.00,1,0,1,1,0,0,1,1.00,0,0,0,0.00,0,0,0.00,0,0,1.0,0,0,21,.500,.500,3,0,21.00,0,0.00,1,0,0,0,0,.000,1.000,1,1,.480,0.50,9.00,10,"1.0 IP, 0 ER, K, 2 BB",0,0,18.00,2.00,0,.---,0
806585,Jack Dallas,2025,Surprise Saguaros,Peoria Javelinas,2025-10-09,False,True,825652,R,3,9,.222,0,2,12,0,0,1,1.000,0,2,0,0.00,1,0,1,1,0,0,1,0.33,1,1,2,6.00,1,0,0.00,0,0,3.0,0,0,49,.417,.861,9,0,16.33,0,0.00,0,0,0,0,0,.444,.000,0,3,.570,1.50,9.00,28,"3.0 IP, 0 ER, 3 K, 2 BB",4,0,6.00,1.33,0,.---,0
806585,Jack Dallas,2025,Surprise Saguaros,Mesa Solar Sox,2025-10-15,True,True,825589,R,1,7,.188,0,1,8,0,0,0,.---,0,1,0,0.00,1,0,1,1,0,0,0,0.25,0,0,1,4.50,0,0,0.00,0,0,2.0,0,0,34,.250,.536,6,0,17.00,0,0.00,0,0,0,0,0,.286,.---,0,5,.620,5.00,22.50,21,"2.0 IP, 0 ER, 5 K, BB",2,0,4.50,1.20,0,.---,0
806585,Jack Dallas,2025,Surprise Saguaros,Peoria Javelinas,2025-10-26,True,True,825584,R,0,6,.136,0,0,6,0,0,0,.---,0,0,0,0.00,0,0,1,1,0,0,3,1.00,0,0,0,0.00,1,0,0.00,0,0,2.0,0,0,26,.000,.000,6,0,13.00,0,0.00,0,0,0,0,0,.000,.---,0,3,.650,-.--,13.50,17,"2.0 IP, 0 ER, 3 K, 0 BB",0,0,0.00,0.86,0,.---,0
806585,Jack Dallas,2025,Surprise Saguaros,Peoria Javelinas,2025-11-01,True,True,825578,R,1,7,.172,0,4,11,0,0,0,.---,0,0,1,1.00,0,0,1,1,1,0,0,0.80,0,0,2,9.00,0,0,0.00,0,0,2.0,0,0,47,.545,.831,6,0,23.50,1,4.50,0,0,0,0,0,.286,.---,0,4,.600,1.00,18.00,28,"2.0 IP, ER, 4 K, 4 BB",2,0,18.00,1.33,0,.---,0
806585,Jack Dallas,2025,Surprise Saguaros,Mesa Solar Sox,2025-11-13,True,True,825580,L,0,8,.375,0,2,10,0,0,0,.---,0,0,3,16.20,0,0,1,1,0,0,2,2.00,0,0,3,16.20,1,0,0.00,0,0,1.2,0,0,46,.500,.875,5,0,27.60,3,16.20,0,0,0,0,0,.375,.---,0,3,.650,1.50,16.20,30,"1.2 IP, 3 ER, 3 K, 2 BB",3,0,10.80,3.00,0,.---,0
828506,Joey Danielson,2025,Surprise Saguaros,Peoria Javelinas,2025-10-09,False,True,825652,R,0,5,.200,0,2,7,0,0,0,.---,0,1,0,0.00,0,0,1,1,0,0,3,3.00,0,0,1,9.00,0,0,0.00,0,0,1.0,0,0,27,.429,.829,3,0,27.00,1,9.00,0,0,0,0,0,.400,.---,0,1,.520,0.50,9.00,14,"1.0 IP, 0 ER, K, 2 BB",2,0,18.00,3.00,0,.---,0
828506,Joey Danielson,2025,Surprise Saguaros,Glendale Desert Dogs,2025-10-17,True,False,825587,R,0,4,.333,0,3,8,0,0,0,.000,0,0,4,21.60,0,0,1,1,0,0,0,3.00,1,1,2,27.00,0,0,0.00,0,0,0.2,0,0,28,.750,1.250,2,0,42.00,4,54.00,0,0,0,0,0,.500,1.000,1,2,.390,0.67,27.00,11,"0.2 IP, 4 ER, 2 K, 3 BB",2,0,40.50,4.80,0,.---,0
828506,Joey Danielson,2025,Surprise Saguaros,Glendale Desert Dogs,2025-10-21,True,True,825664,R,0,3,.250,0,2,5,0,0,0,.000,0,0,0,13.50,0,0,1,1,0,0,1,4.00,0,0,0,0.00,0,0,0.00,0,0,1.0,0,0,31,.400,.400,3,0,31.00,0,0.00,0,0,0,0,0,.000,1.000,3,2,.450,1.00,18.00,14,"1.0 IP, 0 ER, 2 K, 2 BB",0,0,18.00,3.75,0,.---,0
828506,Joey Danielson,2025,Surprise Saguaros,Peoria Javelinas,2025-10-26,True,True,825584,R,0,3,.333,0,2,5,1,0,0,.---,0,0,1,15.00,0,0,1,1,0,0,1,5.00,0,0,2,54.00,0,0,0.00,0,0,0.1,0,0,25,.800,1.467,1,0,75.00,1,27.00,0,0,1,0,0,.667,.---,0,0,.520,0.00,0.00,13,"0.1 IP, ER, 0 K, 2 BB",2,0,54.00,4.67,0,.---,0
828506,Joey Danielson,2025,Surprise Saguaros,Mesa Solar Sox,2025-10-31,True,False,825582,R,0,4,.316,0,0,4,0,0,0,.---,0,1,0,11.25,0,0,1,1,0,0,0,5.00,0,0,1,9.00,0,0,0.00,0,0,1.0,0,0,17,.250,.750,3,0,17.00,0,0.00,0,0,0,0,0,.500,.---,0,3,.710,-.--,27.00,12,"1.0 IP, 0 ER, 3 K, 0 BB",2,0,0.00,3.75,0,.---,0
828506,Joey Danielson,2025,Surprise Saguaros,Salt River Rafters,2025-11-06,False,True,825624,R,2,3,.273,0,0,3,0,0,0,.---,0,0,0,9.00,1,1,1,1,0,0,0,2.50,0,0,0,0.00,0,0,0.00,0,0,1.0,0,0,6,.000,.000,3,0,6.00,0,0.00,0,0,0,0,0,.000,.---,0,1,.830,-.--,9.00,5,"1.0 IP, 0 ER, K, 0 BB",0,0,0.00,3.00,0,.---,0
828506,Joey Danielson,2025,Surprise Saguaros,Salt River Rafters,2025-11-11,False,False,825617,R,0,4,.269,0,1,5,0,0,0,.000,0,0,0,7.50,0,1,1,1,0,0,2,3.50,0,0,1,9.00,0,0,0.00,0,0,1.0,0,0,21,.400,.650,3,0,21.00,0,0.00,0,0,0,0,0,.250,1.000,1,1,.760,1.00,9.00,16,"1.0 IP, 0 ER, K, BB",1,0,9.00,2.83,0,.---,0
692838,Jaydenn Estanista,2025,Surprise Saguaros,Glendale Desert Dogs,2025-10-08,True,True,825591,R,0,4,.750,0,0,4,0,0,0,.000,0,0,2,27.00,0,0,1,1,0,0,0,-.--,0,0,3,40.50,0,0,0.00,1,1,0.2,0,0,17,.750,1.500,2,0,25.50,2,27.00,0,0,0,0,0,.750,1.000,1,1,.650,-.--,13.50,11,"0.2 IP, 2 ER, K, 0 BB",3,0,0.00,4.50,1,.---,0
692838,Jaydenn Estanista,2025,Surprise Saguaros,Glendale Desert Dogs,2025-10-17,True,False,825587,R,2,8,.500,0,0,8,0,0,1,1.000,0,0,1,10.13,2,0,1,1,0,0,1,0.50,0,0,3,13.50,0,0,0.00,1,0,2.0,0,0,28,.375,.750,6,0,14.00,1,4.50,0,0,0,0,0,.375,.000,0,2,.710,-.--,9.00,20,"2.0 IP, ER, 2 K, 0 BB",3,0,0.00,2.25,0,.---,0
692838,Jaydenn Estanista,2025,Surprise Saguaros,Glendale Desert Dogs,2025-10-21,True,True,825664,R,0,3,.400,0,1,4,0,0,0,.---,0,0,0,7.36,0,0,1,1,0,0,0,0.50,0,0,0,0.00,1,0,0.00,0,0,1.0,0,0,19,.250,.250,3,0,19.00,0,0.00,0,0,0,0,0,.000,.---,0,3,.530,3.00,27.00,10,"1.0 IP, 0 ER, 3 K, BB",0,0,9.00,1.91,0,.---,0
692838,Jaydenn Estanista,2025,Surprise Saguaros,Mesa Solar Sox,2025-10-25,True,False,825585,R,1,2,.412,0,2,4,0,0,0,.000,0,0,2,11.25,0,0,1,1,0,0,0,0.33,0,0,1,27.00,0,1,27.00,3,3,0.1,0,0,18,.750,2.750,1,0,54.00,2,54.00,0,0,0,0,0,2.000,1.000,1,0,.330,0.00,0.00,6,"0.1 IP, 2 ER, 0 K, 2 BB",4,0,54.00,2.50,0,.---,0
692838,Jaydenn Estanista,2025,Surprise Saguaros,Peoria Javelinas,2025-10-30,False,False,825642,R,0,3,.350,0,2,5,0,0,0,.---,0,0,0,9.00,0,0,1,1,0,0,2,1.00,0,0,0,0.00,0,0,0.00,0,0,1.0,0,0,22,.400,.400,3,0,22.00,0,0.00,0,0,0,0,0,.000,.---,0,1,.550,0.50,9.00,12,"1.0 IP, 0 ER, K, 2 BB",0,0,18.00,2.40,0,.---,0
692838,Jaydenn Estanista,2025,Surprise Saguaros,Peoria Javelinas,2025-11-01,True,True,825578,R,2,3,.304,0,0,3,0,0,0,.---,0,0,0,7.50,2,0,1,1,0,0,0,0.60,0,0,0,0.00,0,0,0.00,0,0,1.0,0,0,13,.000,.000,3,0,13.00,0,0.00,0,0,0,0,0,.000,.---,0,1,.540,-.--,9.00,7,"1.0 IP, 0 ER, K, 0 BB",0,0,0.00,2.00,0,.---,0
692838,Jaydenn Estanista,2025,Surprise Saguaros,Salt River Rafters,2025-11-06,False,True,825624,R,2,3,.269,0,2,5,0,0,0,.---,0,0,0,6.43,1,0,1,1,0,0,0,0.43,0,0,0,0.00,0,0,0.00,0,0,1.0,0,0,27,.400,.400,3,0,27.00,0,0.00,0,0,0,0,0,.000,.---,0,1,.440,0.50,9.00,12,"1.0 IP, 0 ER, K, 2 BB",0,0,18.00,2.00,0,.---,0
692838,Jaydenn Estanista,2025,Surprise Saguaros,Salt River Rafters,2025-11-11,False,False,825617,R,0,3,.241,0,0,3,0,0,0,.---,0,0,0,5.63,0,0,1,1,0,0,2,0.71,0,0,0,0.00,0,0,0.00,0,0,1.0,0,0,15,.000,.000,3,0,15.00,0,0.00,0,0,0,0,0,.000,.---,0,1,.670,-.--,9.00,10,"1.0 IP, 0 ER, K, 0 BB",0,0,0.00,1.75,0,.---,0
692838,Jaydenn Estanista,2025,Surprise Saguaros,Peoria Javelinas,2025-11-14,True,True,825572,W,2,3,.000,0,1,4,0,0,0,.---,0,0,0,0.00,2,0,1,1,0,0,0,0.00,0,0,0,0.00,0,0,0.00,0,0,1.0,0,0,16,.250,.250,3,0,16.00,0,0.00,0,0,0,0,0,.000,.---,0,1,.690,1.00,9.00,11,"1.0 IP, 0 ER, K, BB",0,0,9.00,1.00,0,.---,0
800260,Anthony Flores,2025,Surprise Saguaros,Mesa Solar Sox,2025-10-07,False,True,825607,R,2,3,.000,0,0,3,0,0,0,.---,0,0,0,0.00,1,0,1,1,0,0,0,0.00,0,0,0,0.00,1,0,0.00,0,0,1.0,0,0,13,.000,.000,3,0,13.00,0,0.00,0,0,0,0,0,.000,.---,0,1,.690,-.--,9.00,9,"1.0 IP, 0 ER, K, 0 BB",0,0,0.00,0.00,0,.---,0
800260,Anthony Flores,2025,Surprise Saguaros,Salt River Rafters,2025-10-16,False,True,825633,R,2,5,.250,0,3,9,0,0,0,.000,0,0,1,3.86,2,0,1,1,0,0,0,0.00,0,0,2,13.50,0,0,0.00,0,0,1.1,0,0,40,.556,.956,4,0,30.00,1,6.75,0,1,0,0,0,.400,1.000,2,2,.400,0.67,13.50,16,"1.1 IP, ER, 2 K, 3 BB",2,0,20.25,2.14,1,.---,0
800260,Anthony Flores,2025,Surprise Saguaros,Scottsdale Scorpions,2025-10-19,False,False,825615,R,2,7,.200,0,1,8,0,0,0,.---,0,0,1,4.15,2,0,1,1,0,0,3,0.50,0,0,1,4.50,0,1,4.50,0,0,2.0,0,0,24,.250,.821,6,0,12.00,1,4.50,0,0,0,0,0,.571,.---,0,1,.540,1.00,4.50,13,"2.0 IP, ER, K, BB",4,0,4.50,1.62,0,.---,0
800260,Anthony Flores,2025,Surprise Saguaros,Mesa Solar Sox,2025-10-25,True,False,825585,R,0,4,.211,0,0,6,0,0,0,.---,0,1,0,3.38,0,0,1,1,0,0,0,0.50,2,2,1,9.00,0,0,0.00,0,0,1.0,0,0,25,.500,1.000,3,0,25.00,0,0.00,0,0,0,0,0,.500,.---,0,3,.520,-.--,27.00,13,"1.0 IP, 0 ER, 3 K, 0 BB",2,0,0.00,1.50,0,.---,0
800260,Anthony Flores,2025,Surprise Saguaros,Peoria Javelinas,2025-10-30,False,False,825642,R,0,6,.200,0,2,9,0,0,0,.000,0,0,0,2.45,0,0,1,1,0,0,1,0.67,1,1,1,4.50,0,0,0.00,0,0,2.0,0,0,38,.444,.611,6,0,19.00,0,0.00,0,0,0,0,0,.167,1.000,1,4,.530,2.00,18.00,20,"2.0 IP, 0 ER, 4 K, 2 BB",1,0,9.00,1.50,0,.---,0
800260,Anthony Flores,2025,Surprise Saguaros,Glendale Desert Dogs,2025-11-02,False,True,825658,R,1,5,.200,0,3,8,0,0,0,.---,0,0,0,2.08,1,0,1,1,0,0,1,0.71,0,0,1,6.75,0,0,0.00,0,0,1.1,0,0,37,.500,.700,4,0,27.75,0,0.00,0,0,0,0,0,.200,.---,0,2,.490,0.67,13.50,18,"1.1 IP, 0 ER, 2 K, 3 BB",1,0,20.25,1.73,0,.---,0
800260,Anthony Flores,2025,Surprise Saguaros,Salt River Rafters,2025-11-07,True,True,825576,R,0,3,.212,0,1,4,0,0,1,1.000,0,1,0,1.86,0,0,1,1,0,0,1,0.86,0,0,1,9.00,1,0,0.00,0,0,1.0,0,0,19,.500,1.167,3,0,19.00,0,0.00,0,0,0,0,0,.667,.000,0,1,.580,1.00,9.00,11,"1.0 IP, 0 ER, K, BB",2,0,9.00,1.76,0,.---,0
800260,Anthony Flores,2025,Surprise Saguaros,Peoria Javelinas,2025-11-14,True,True,825572,W,1,8,.250,0,2,11,0,0,0,.---,0,0,2,9.00,0,0,1,1,0,0,2,2.00,1,1,2,9.00,0,0,0.00,0,0,2.0,0,0,41,.455,.705,6,0,20.50,2,9.00,0,0,0,0,0,.250,.---,0,3,.540,1.50,13.50,22,"2.0 IP, 2 ER, 3 K, 2 BB",2,0,9.00,2.00,1,.---,0
679702,Daniel Harper,2025,Surprise Saguaros,Peoria Javelinas,2025-10-09,False,True,825652,R,0,2,.000,0,1,3,0,0,0,.---,0,0,0,0.00,0,1,1,1,0,1,1,1.00,0,0,0,0.00,0,0,0.00,0,0,1.0,0,0,18,.333,.333,3,0,18.00,0,0.00,0,0,0,0,0,.000,.---,0,1,.500,1.00,9.00,9,"1.0 IP, 0 ER, K, BB",0,0,9.00,1.00,0,.---,0
679702,Daniel Harper,2025,Surprise Saguaros,Glendale Desert Dogs,2025-10-17,True,False,825587,R,0,1,.000,0,1,2,0,0,0,.---,0,0,0,0.00,0,1,1,1,0,0,0,1.00,0,0,0,0.00,0,0,0.00,3,1,0.1,0,0,8,.500,.500,1,0,24.00,0,0.00,0,0,0,0,0,.000,.---,0,1,.500,1.00,27.00,4,"0.1 IP, 0 ER, K, BB",0,0,27.00,1.50,0,.---,0
679702,Daniel Harper,2025,Surprise Saguaros,Scottsdale Scorpions,2025-10-19,False,False,825615,R,0,7,.600,0,0,7,0,0,0,.000,0,2,4,18.00,0,0,1,1,0,1,1,2.00,0,0,6,81.00,0,0,0.00,1,1,0.2,0,0,25,.857,2.000,2,0,37.50,4,54.00,0,0,0,0,0,1.143,1.000,2,0,.720,-.--,0.00,18,"0.2 IP, 4 ER, 0 K, 0 BB",8,0,0.00,4.00,0,.---,0
679702,Daniel Harper,2025,Surprise Saguaros,Mesa Solar Sox,2025-10-23,False,True,825600,R,0,3,.462,0,0,3,0,0,0,.---,0,0,0,12.00,0,0,1,1,0,0,2,4.00,0,0,0,0.00,1,0,0.00,0,0,1.0,0,0,10,.000,.000,3,0,10.00,0,0.00,0,0,0,0,0,.000,.---,0,1,.600,-.--,9.00,6,"1.0 IP, 0 ER, K, 0 BB",0,0,0.00,2.67,0,.---,0
679702,Daniel Harper,2025,Surprise Saguaros,Scottsdale Scorpions,2025-10-28,False,False,825613,R,0,2,.400,0,1,3,0,0,0,.---,0,0,0,9.82,0,1,1,1,0,0,1,5.00,0,0,0,0.00,0,0,0.00,1,0,0.2,0,0,12,.333,.333,2,0,18.00,0,0.00,0,0,0,0,0,.000,.---,0,1,.500,1.00,13.50,6,"0.2 IP, 0 ER, K, BB",0,0,13.50,2.45,0,.---,0
679702,Daniel Harper,2025,Surprise Saguaros,Peoria Javelinas,2025-11-01,True,True,825578,R,5,7,.318,0,2,9,0,0,0,.---,0,0,0,6.35,3,0,1,1,0,0,0,1.00,0,0,1,4.50,1,0,0.00,0,0,2.0,0,0,34,.333,.476,6,0,17.00,0,0.00,0,0,0,0,0,.143,.---,0,1,.410,0.50,4.50,14,"2.0 IP, 0 ER, K, 2 BB",1,0,9.00,2.12,0,.---,0
679702,Daniel Harper,2025,Surprise Saguaros,Salt River Rafters,2025-11-07,True,True,825576,R,1,4,.308,0,1,5,0,0,0,.---,0,0,1,6.75,0,0,1,1,0,0,1,1.00,0,0,1,9.00,0,0,0.00,0,0,1.0,0,0,21,.400,.650,3,0,21.00,1,9.00,0,0,0,0,0,.250,.---,0,1,.480,1.00,9.00,10,"1.0 IP, ER, K, BB",1,0,9.00,2.10,1,.---,0
679702,Daniel Harper,2025,Surprise Saguaros,Peoria Javelinas,2025-11-14,True,True,825572,W,1,3,.000,0,1,4,0,0,0,.---,0,0,0,0.00,0,0,1,1,0,0,0,0.00,0,0,0,0.00,0,0,0.00,0,0,1.0,0,0,20,.250,.250,3,0,20.00,0,0.00,0,0,0,0,0,.000,.---,0,2,.600,2.00,18.00,12,"1.0 IP, 0 ER, 2 K, BB",0,0,9.00,1.00,0,.---,0
694818,Hunter Owen,2025,Surprise Saguaros,Glendale Desert Dogs,2025-10-08,True,True,825591,R,3,14,.500,0,0,14,0,0,0,.000,0,3,5,19.29,1,0,1,1,0,0,1,0.33,0,0,7,27.00,0,1,3.86,0,0,2.1,0,0,53,.500,1.429,7,0,22.71,5,19.29,0,0,0,0,0,.929,1.000,1,3,.640,-.--,11.57,34,"2.1 IP, 5 ER, 3 K, 0 BB",13,0,0.00,3.00,0,.---,0
694818,Hunter Owen,2025,Surprise Saguaros,Glendale Desert Dogs,2025-10-17,True,False,825587,R,4,9,.478,0,1,11,0,0,0,.---,0,0,1,12.46,1,0,1,1,0,0,1,0.29,0,0,4,18.00,0,0,0.00,0,0,2.0,0,0,38,.455,.899,6,0,19.00,1,4.50,0,1,0,0,0,.444,.---,0,1,.680,1.00,4.50,26,"2.0 IP, ER, K, BB",4,0,4.50,2.77,1,.---,0
699707,Danyony Pulido,2025,Surprise Saguaros,Salt River Rafters,2025-11-06,False,True,825624,R,1,4,.500,0,0,4,0,0,0,.---,0,0,0,0.00,1,0,1,1,0,0,0,0.00,0,0,2,27.00,0,0,0.00,0,0,0.2,0,0,15,.500,1.000,2,0,22.50,0,0.00,0,0,0,0,0,.500,.---,0,1,.670,-.--,13.50,10,"0.2 IP, 0 ER, K, 0 BB",2,0,0.00,3.00,0,.---,0
699707,Danyony Pulido,2025,Surprise Saguaros,Peoria Javelinas,2025-11-10,True,False,825575,R,0,2,.333,0,2,4,0,0,0,.000,0,0,0,0.00,0,0,1,1,0,1,1,1.00,0,0,0,0.00,0,0,0.00,0,0,1.0,0,0,16,.500,.500,3,0,16.00,0,0.00,0,0,0,0,0,.000,1.000,1,1,.440,0.50,9.00,7,"1.0 IP, 0 ER, K, 2 BB",0,0,18.00,2.40,0,.---,0
699707,Danyony Pulido,2025,Adelaide Giants,Sydney Blue Sox,2025-11-28,False,False,825530,R,1,7,.385,0,0,7,0,0,0,.000,0,2,2,6.00,0,0,1,1,0,0,0,0.50,0,0,3,20.25,0,0,0.00,1,0,1.1,0,0,34,.429,1.143,4,0,25.50,2,13.50,0,0,0,0,0,.714,1.000,1,3,.710,-.--,20.25,24,"1.1 IP, 2 ER, 3 K, 0 BB",5,0,0.00,2.33,0,.---,0
699707,Danyony Pulido,2025,Adelaide Giants,Brisbane Bandits,2025-12-05,True,True,825524,R,0,3,.313,0,1,4,0,0,0,.000,0,0,0,4.91,0,0,1,1,0,0,2,1.50,0,0,0,0.00,0,0,0.00,0,0,0.2,0,0,24,.250,.250,2,0,36.00,1,13.50,0,0,0,0,0,.000,1.000,1,1,.540,1.00,13.50,13,"0.2 IP, 0 ER, K, BB",0,0,13.50,2.18,0,.---,0
699707,Danyony Pulido,2025,Adelaide Giants,Brisbane Bandits,2025-12-07,True,False,825518,R,2,3,.263,0,0,3,0,0,0,.---,0,0,0,3.86,1,0,1,1,0,0,1,1.00,0,0,0,0.00,0,0,0.00,0,0,1.0,0,0,16,.000,.000,3,0,16.00,0,0.00,0,0,0,0,0,.000,.---,0,0,.630,-.--,0.00,10,"1.0 IP, 0 ER, 0 K, 0 BB",0,0,0.00,1.71,0,.---,0
699707,Danyony Pulido,2025,Adelaide Giants,Brisbane Bandits,2025-12-11,False,False,825517,R,0,2,.286,0,0,2,1,0,0,.---,0,0,1,5.40,0,0,1,1,0,0,1,1.25,0,0,1,27.00,0,1,27.00,2,2,0.1,0,1,4,.500,2.500,1,0,12.00,1,27.00,0,0,1,0,0,2.000,.---,0,0,.500,-.--,0.00,2,"0.1 IP, ER, 0 K, 0 BB",4,0,0.00,1.80,0,.000,0
699707,Danyony Pulido,2025,Adelaide Giants,Brisbane Bandits,2025-12-13,False,True,825513,R,0,3,.250,0,1,4,0,0,0,.---,0,0,0,4.50,0,1,1,1,0,0,1,1.50,0,0,0,0.00,0,0,0.00,0,0,1.0,0,0,18,.250,.250,3,0,18.00,0,0.00,0,0,0,0,0,.000,.---,0,2,.500,2.00,18.00,9,"1.0 IP, 0 ER, 2 K, BB",0,0,9.00,1.67,0,.---,0
699707,Danyony Pulido,2025,Adelaide Giants,Sydney Blue Sox,2025-12-18,False,False,825505,R,0,1,.240,0,2,4,0,0,0,.---,0,0,2,7.11,0,0,1,1,0,0,0,1.50,1,1,0,0.00,0,0,0.00,1,1,0.1,0,0,19,.750,.750,1,0,57.00,2,54.00,0,0,0,0,0,.000,.---,0,1,.370,0.50,27.00,7,"0.1 IP, 2 ER, K, 2 BB",0,0,54.00,1.89,0,.---,0
699707,Danyony Pulido,2025,Adelaide Giants,Sydney Blue Sox,2025-12-20,False,True,825501,R,0,4,.207,0,0,5,0,1,0,.---,0,0,0,5.87,0,0,1,1,0,0,1,1.75,0,0,0,0.00,1,0,0.00,2,0,1.1,0,0,24,.000,.000,4,0,18.00,0,0.00,0,0,0,0,0,.000,.---,0,3,.670,-.--,20.25,16,"1.1 IP, 0 ER, 3 K, 0 BB",0,0,0.00,1.57,0,.---,0
699707,Danyony Pulido,2025,Adelaide Giants,Perth Heat,2025-12-26,True,True,825500,R,0,2,.194,0,2,4,0,0,0,.---,0,0,0,5.19,0,0,1,1,0,1,1,2.00,0,0,0,0.00,0,0,0.00,0,0,1.0,0,0,16,.500,.500,3,0,16.00,0,0.00,0,0,0,0,0,.000,.---,0,1,.500,0.50,9.00,8,"1.0 IP, 0 ER, K, 2 BB",0,0,18.00,1.62,1,.---,0
699707,Danyony Pulido,2025,Adelaide Giants,Perth Heat,2025-12-28,True,True,825496,R,2,5,.222,0,4,9,0,0,1,1.000,0,1,3,7.45,0,0,1,1,0,0,1,1.50,0,0,2,18.00,1,1,9.00,1,0,1.0,0,0,45,.667,1.867,3,0,45.00,4,36.00,0,0,0,0,0,1.200,.000,0,0,.530,0.00,0.00,24,"1.0 IP, 3 ER, 0 K, 4 BB",6,0,36.00,2.07,1,.---,0
699707,Danyony Pulido,2025,Adelaide Giants,Sydney Blue Sox,2026-01-01,True,True,825493,R,0,3,.205,0,0,3,0,0,0,.---,0,0,0,6.75,0,0,1,1,0,0,2,1.83,0,0,0,0.00,0,0,0.00,0,0,1.0,0,0,15,.000,.000,3,0,15.00,0,0.00,0,0,0,0,0,.000,.---,0,1,.800,-.--,9.00,12,"1.0 IP, 0 ER, K, 0 BB",0,0,0.00,1.88,0,.---,0
699707,Danyony Pulido,2025,Adelaide Giants,Sydney Blue Sox,2026-01-04,True,False,825485,R,0,6,.222,0,1,7,0,0,0,.---,0,1,2,7.71,0,0,1,1,0,0,1,2.00,0,0,2,18.00,0,0,0.00,0,0,1.0,0,0,30,.429,.929,3,0,30.00,2,18.00,0,0,0,0,0,.500,.---,0,3,.500,3.00,27.00,15,"1.0 IP, 2 ER, 3 K, BB",3,0,9.00,1.97,1,.---,0
699707,Danyony Pulido,2025,Adelaide Giants,Brisbane Bandits,2026-01-08,False,True,825483,R,0,3,.208,0,0,3,0,0,0,.---,0,0,0,7.11,0,0,1,1,0,0,1,2.17,0,0,0,0.00,0,0,0.00,0,0,1.0,0,0,18,.000,.000,3,0,18.00,0,0.00,0,0,0,0,0,.000,.---,0,2,.670,-.--,18.00,12,"1.0 IP, 0 ER, 2 K, 0 BB",0,0,0.00,1.82,0,.---,0
699707,Danyony Pulido,2025,Adelaide Giants,Brisbane Bandits,2026-01-10,False,True,825480,R,1,5,.189,0,1,6,0,0,0,.---,0,0,0,6.28,0,1,1,1,0,0,2,2.14,0,0,0,0.00,0,0,0.00,0,0,1.2,0,0,23,.167,.167,5,0,13.80,0,0.00,0,0,0,0,0,.000,.---,0,2,.650,2.00,10.80,15,"1.2 IP, 0 ER, 2 K, BB",0,0,5.40,1.67,0,1.000,1
699707,Danyony Pulido,2025,Adelaide Giants,Perth Heat,2026-01-16,True,True,825475,R,1,3,.179,0,0,3,0,0,0,.---,0,0,0,5.87,0,1,1,1,0,0,2,2.13,0,0,0,0.00,0,0,0.00,0,0,1.0,0,0,10,.000,.000,3,0,10.00,0,0.00,0,0,0,0,0,.000,.---,0,0,.600,-.--,0.00,6,"1.0 IP, 0 ER, 0 K, 0 BB",0,0,0.00,1.57,0,.---,0
699707,Danyony Pulido,2025,Adelaide Giants,Perth Heat,2026-01-18,True,False,825470,R,2,4,.183,0,0,4,0,0,0,.---,0,0,0,5.51,0,1,1,1,0,0,0,1.70,0,0,1,9.00,0,0,0.00,0,0,1.0,0,0,15,.250,.500,3,0,15.00,0,0.00,0,0,0,0,0,.250,.---,0,1,.670,-.--,9.00,10,"1.0 IP, 0 ER, K, 0 BB",1,0,0.00,1.53,0,.---,0
699707,Danyony Pulido,2025,Adelaide Giants,Sydney Blue Sox,2026-01-25,False,True,838661,W,0,3,.333,0,0,3,0,0,0,.---,0,0,0,0.00,0,1,1,1,0,1,1,1.00,0,0,1,9.00,0,0,0.00,0,0,1.0,0,0,18,.333,.666,3,0,18.00,0,0.00,0,0,0,0,0,.333,.---,0,1,.560,-.--,9.00,10,"1.0 IP, 0 ER, K, 0 BB",1,0,0.00,1.00,0,.---,0
692454,Pablo Aldonis,2025,Scottsdale Scorpions,Salt River Rafters,2025-10-08,True,True,825619,R,1,7,.143,0,0,7,0,0,0,.---,0,0,1,4.50,0,0,1,1,1,0,0,0.00,0,0,1,4.50,0,1,4.50,0,0,2.0,0,0,30,.143,.714,6,0,15.00,1,4.50,0,0,0,0,0,.571,.---,0,5,.730,-.--,22.50,22,"2.0 IP, ER, 5 K, 0 BB",4,0,0.00,0.50,0,.---,0
692454,Pablo Aldonis,2025,Scottsdale Scorpions,Salt River Rafters,2025-10-15,True,False,825622,R,1,9,.250,0,0,9,0,0,0,.---,0,0,3,9.00,1,0,1,1,0,0,3,1.50,0,0,3,13.50,0,1,4.50,0,0,2.0,0,0,33,.333,1.222,6,0,16.50,3,13.50,0,0,0,0,0,.889,.---,0,2,.640,-.--,9.00,21,"2.0 IP, 3 ER, 2 K, 0 BB",8,1,0.00,1.00,0,.---,0
692454,Pablo Aldonis,2025,Scottsdale Scorpions,Surprise Saguaros,2025-10-18,True,True,825614,R,2,7,.217,0,1,8,0,0,0,.---,0,0,1,7.50,1,0,1,1,0,0,4,1.75,0,0,1,4.50,1,0,0.00,0,0,2.0,0,0,27,.250,.393,6,0,13.50,1,4.50,0,0,0,0,0,.143,.---,0,0,.520,0.00,0.00,14,"2.0 IP, ER, 0 K, BB",1,0,4.50,1.00,0,.---,0
692454,Pablo Aldonis,2025,Scottsdale Scorpions,Peoria Javelinas,2025-10-23,False,True,825638,R,0,5,.179,0,2,7,0,0,0,.---,0,0,0,5.63,0,0,1,1,0,1,2,2.25,0,0,0,0.00,0,0,0.00,0,0,2.0,0,0,32,.286,.286,6,0,16.00,0,0.00,0,0,0,0,0,.000,.---,0,3,.660,1.50,13.50,21,"2.0 IP, 0 ER, 3 K, 2 BB",0,0,9.00,1.00,0,.---,0
692454,Pablo Aldonis,2025,Scottsdale Scorpions,Glendale Desert Dogs,2025-10-30,True,True,825612,R,2,6,.206,0,1,7,0,0,0,.000,0,1,1,5.79,1,0,1,1,0,0,0,1.50,0,0,2,13.50,0,0,0.00,1,1,1.1,0,0,35,.429,.929,4,0,26.25,1,6.75,0,0,0,0,0,.500,1.000,2,2,.570,2.00,13.50,20,"1.1 IP, ER, 2 K, BB",3,0,6.75,1.18,1,.---,0
692454,Pablo Aldonis,2025,Scottsdale Scorpions,Mesa Solar Sox,2025-11-04,False,False,825596,R,2,9,.233,0,1,10,0,0,0,.---,0,1,1,5.56,0,0,1,1,1,0,2,1.38,0,0,3,13.50,0,0,0.00,0,0,2.0,0,0,38,.400,.844,6,0,19.00,1,4.50,0,0,0,0,0,.444,.---,0,2,.580,2.00,9.00,22,"2.0 IP, ER, 2 K, BB",4,0,4.50,1.32,0,.---,0
692454,Pablo Aldonis,2025,Scottsdale Scorpions,Peoria Javelinas,2025-11-13,True,False,825571,L,2,4,.000,0,0,4,0,0,0,.---,0,0,0,0.00,0,0,1,1,0,0,1,0.50,0,0,0,0.00,0,0,0.00,2,0,1.1,0,0,17,.000,.000,4,0,12.75,0,0.00,0,0,0,0,0,.000,.---,0,1,.710,-.--,6.75,12,"1.1 IP, 0 ER, K, 0 BB",0,0,0.00,0.00,0,.---,0
694544,Austin Amaral,2025,Scottsdale Scorpions,Peoria Javelinas,2025-10-06,True,False,825618,R,0,2,.000,0,1,3,0,0,0,.---,0,0,0,0.00,0,1,1,1,0,1,2,2.00,0,0,0,0.00,0,0,0.00,0,0,1.0,0,0,12,.333,.333,3,0,12.00,0,0.00,0,0,0,0,0,.000,.---,0,0,.420,0.00,0.00,5,"1.0 IP, 0 ER, 0 K, BB",0,0,9.00,1.00,0,.---,0
694544,Austin Amaral,2025,Scottsdale Scorpions,Glendale Desert Dogs,2025-10-09,False,False,825666,R,0,5,.429,0,3,8,0,0,0,.000,0,2,4,21.60,0,0,1,1,0,0,0,2.00,0,0,3,40.50,0,0,0.00,0,0,0.2,0,0,34,.750,1.750,2,0,51.00,4,54.00,0,0,0,0,0,1.000,1.000,1,2,.440,0.67,27.00,15,"0.2 IP, 4 ER, 2 K, 3 BB",5,0,40.50,4.20,0,.---,0
694544,Austin Amaral,2025,Scottsdale Scorpions,Salt River Rafters,2025-10-15,True,False,825622,R,0,2,.333,0,0,2,0,0,0,.---,0,0,0,15.43,0,1,1,1,0,0,2,4.00,0,0,0,0.00,0,0,0.00,1,0,0.2,0,0,12,.000,.000,2,0,18.00,0,0.00,0,0,0,0,0,.000,.---,0,0,.500,-.--,0.00,6,"0.2 IP, 0 ER, 0 K, 0 BB",0,0,0.00,3.00,0,.---,0
694544,Austin Amaral,2025,Scottsdale Scorpions,Surprise Saguaros,2025-10-19,True,True,825615,R,2,6,.200,0,0,6,0,0,0,.---,0,0,0,8.31,1,0,1,1,0,0,1,2.50,0,0,0,0.00,0,0,0.00,0,0,2.0,0,0,25,.000,.000,6,0,12.50,0,0.00,0,0,0,0,0,.000,.---,0,3,.680,-.--,13.50,17,"2.0 IP, 0 ER, 3 K, 0 BB",0,0,0.00,1.62,0,.---,0
694544,Austin Amaral,2025,Scottsdale Scorpions,Peoria Javelinas,2025-10-23,False,True,825638,R,3,4,.211,0,2,6,0,0,0,.---,0,0,1,8.44,1,0,1,1,0,0,0,1.00,0,0,1,9.00,0,0,0.00,0,0,1.0,0,0,26,.500,.750,3,0,26.00,1,9.00,0,0,0,0,0,.250,.---,0,0,.380,0.00,0.00,10,"1.0 IP, ER, 0 K, 2 BB",1,0,18.00,1.88,0,.---,0
694544,Austin Amaral,2025,Scottsdale Scorpions,Glendale Desert Dogs,2025-10-30,True,True,825612,R,2,6,.200,0,2,8,1,0,1,.500,0,0,1,7.36,1,0,1,1,0,0,2,1.00,0,0,1,4.50,0,0,0.00,0,0,2.0,0,0,37,.375,.542,6,0,18.50,1,4.50,0,0,1,0,0,.167,.500,1,1,.490,0.50,4.50,18,"2.0 IP, ER, K, 2 BB",1,0,9.00,1.77,0,.---,0
694544,Austin Amaral,2025,Scottsdale Scorpions,Mesa Solar Sox,2025-11-04,False,False,825596,R,1,10,.286,0,1,11,1,0,1,1.000,0,2,2,7.71,0,0,1,1,0,1,3,1.25,0,0,5,22.50,0,0,0.00,0,0,2.0,0,0,41,.545,1.245,6,0,20.50,4,18.00,0,0,1,0,0,.700,.000,0,1,.590,1.00,4.50,24,"2.0 IP, 2 ER, K, BB",7,0,4.50,2.04,2,.---,0
694544,Austin Amaral,2025,Scottsdale Scorpions,Glendale Desert Dogs,2025-11-07,False,False,825655,R,0,1,.278,0,0,1,0,0,0,.---,0,0,0,7.45,0,1,1,1,0,0,1,1.38,0,0,0,0.00,0,0,0.00,3,0,0.1,0,0,3,.000,.000,1,0,9.00,0,0.00,0,0,0,0,0,.000,.---,0,0,.330,-.--,0.00,1,"0.1 IP, 0 ER, 0 K, 0 BB",0,0,0.00,1.97,0,.---,0
694544,Austin Amaral,2025,Scottsdale Scorpions,Salt River Rafters,2025-11-10,False,False,825623,R,0,3,.256,0,0,3,0,0,0,.---,0,0,0,6.75,0,0,1,1,0,0,1,1.50,0,0,0,0.00,0,0,0.00,0,0,1.0,0,0,9,.000,.000,3,0,9.00,0,0.00,0,0,0,0,0,.000,.---,0,2,.780,-.--,18.00,7,"1.0 IP, 0 ER, 2 K, 0 BB",0,0,0.00,1.78,0,.---,0
694544,Austin Amaral,2025,Scottsdale Scorpions,Peoria Javelinas,2025-11-13,True,False,825571,L,0,4,.250,0,1,5,0,0,0,.---,0,0,1,9.00,0,1,1,1,0,0,0,-.--,0,0,1,9.00,0,1,9.00,0,0,1.0,0,0,20,.400,1.400,3,0,20.00,1,9.00,0,0,0,0,0,1.000,.---,0,3,.600,3.00,27.00,12,"1.0 IP, ER, 3 K, BB",4,0,9.00,2.00,0,.---,0
698962,Ricardo Estrada,2025,Scottsdale Scorpions,Glendale Desert Dogs,2025-10-09,False,False,825666,R,2,4,.250,0,2,7,0,0,0,.---,0,0,1,6.75,1,0,1,1,0,0,2,1.00,0,0,1,6.75,0,0,0.00,3,0,1.1,0,0,21,.429,.679,4,0,15.75,1,6.75,0,1,0,0,0,.250,.---,0,0,.330,0.00,0.00,7,"1.1 IP, ER, 0 K, 2 BB",1,0,13.50,2.25,0,.---,0
698962,Ricardo Estrada,2025,Scottsdale Scorpions,Glendale Desert Dogs,2025-10-16,True,True,825621,R,1,8,.250,1,1,9,0,0,0,.000,0,0,1,6.00,1,0,1,1,0,0,4,2.00,0,0,2,10.80,0,0,0.00,0,0,1.2,0,0,28,.333,.583,5,0,16.80,1,5.40,0,0,0,0,0,.250,1.000,1,1,.640,1.00,5.40,18,"1.2 IP, ER, K, BB",2,0,5.40,2.00,0,.---,0
698962,Ricardo Estrada,2025,Scottsdale Scorpions,Peoria Javelinas,2025-10-21,False,True,825646,R,1,8,.300,0,1,9,0,0,0,.---,0,0,0,3.60,0,0,1,1,1,1,3,2.25,0,0,3,13.50,0,0,0.00,0,0,2.0,0,0,39,.444,.819,6,0,19.50,1,4.50,0,0,0,0,0,.375,.---,0,1,.620,1.00,4.50,24,"2.0 IP, 0 ER, K, BB",3,0,4.50,2.00,0,.---,0
698962,Ricardo Estrada,2025,Scottsdale Scorpions,Surprise Saguaros,2025-10-28,True,True,825613,R,1,9,.276,0,1,11,1,0,0,.---,0,1,0,2.57,1,0,1,1,0,0,3,2.40,1,1,2,9.00,0,0,0.00,0,0,2.0,0,0,41,.364,.697,6,0,20.50,3,13.50,0,0,1,0,0,.333,.---,0,3,.680,3.00,13.50,28,"2.0 IP, 0 ER, 3 K, BB",3,0,4.50,1.86,1,.---,0
698962,Ricardo Estrada,2025,Scottsdale Scorpions,Peoria Javelinas,2025-11-02,True,True,825610,R,0,8,.270,0,1,9,0,0,0,.---,0,0,1,3.00,0,0,1,1,0,0,2,2.80,0,0,2,9.00,0,0,0.00,0,0,2.0,0,0,31,.333,.583,6,0,15.50,1,4.50,0,0,0,0,0,.250,.---,0,4,.680,4.00,18.00,21,"2.0 IP, ER, 4 K, BB",2,0,4.50,1.78,0,.---,0
698962,Ricardo Estrada,2025,Scottsdale Scorpions,Mesa Solar Sox,2025-11-06,False,True,825593,R,1,8,.267,0,1,9,0,0,0,.---,0,0,1,3.27,0,0,1,1,0,0,3,2.83,0,0,2,9.00,1,0,0.00,0,0,2.0,0,0,37,.333,.583,6,0,18.50,2,9.00,0,0,0,0,0,.250,.---,0,2,.590,2.00,9.00,22,"2.0 IP, ER, 2 K, BB",2,0,4.50,1.73,0,.---,0
698962,Ricardo Estrada,2025,Scottsdale Scorpions,Peoria Javelinas,2025-11-13,True,False,825571,L,3,5,.000,0,1,7,0,0,0,.---,0,0,0,0.00,2,0,1,1,0,0,2,0.67,0,0,0,0.00,0,0,0.00,2,1,2.0,0,0,34,.143,.143,6,0,17.00,0,0.00,0,1,0,0,0,.000,.---,0,1,.620,1.00,4.50,21,"2.0 IP, 0 ER, K, BB",0,0,4.50,0.50,0,.---,0
802363,Jordan Geber,2025,Scottsdale Scorpions,Peoria Javelinas,2025-10-23,False,True,825638,R,1,6,.500,0,0,6,0,0,0,.---,0,1,2,18.00,0,0,1,1,0,0,0,0.00,0,0,3,27.00,0,0,0.00,0,0,1.0,0,0,18,.500,1.167,3,0,18.00,2,18.00,0,0,0,0,0,.667,.---,0,2,.780,-.--,18.00,14,"1.0 IP, 2 ER, 2 K, 0 BB",4,0,0.00,3.00,0,.---,0
802363,Jordan Geber,2025,Scottsdale Scorpions,Salt River Rafters,2025-11-01,True,True,825611,R,0,3,.333,0,0,3,0,0,0,.---,0,0,0,9.00,0,0,1,1,0,0,1,1.00,0,0,0,0.00,0,0,0.00,0,0,1.0,0,0,16,.000,.000,3,0,16.00,0,0.00,0,0,0,0,0,.000,.---,0,2,.630,-.--,18.00,10,"1.0 IP, 0 ER, 2 K, 0 BB",0,0,0.00,1.50,0,.---,0
802363,Jordan Geber,2025,Scottsdale Scorpions,Surprise Saguaros,2025-11-05,False,True,825577,R,1,4,.231,0,0,5,0,0,1,1.000,0,0,0,5.40,1,0,1,1,0,0,2,1.50,1,1,0,0.00,1,0,0.00,2,0,1.1,0,0,17,.200,.200,4,0,12.75,0,0.00,0,0,0,0,0,.000,.000,0,1,.590,-.--,6.75,10,"1.1 IP, 0 ER, K, 0 BB",0,0,0.00,0.90,0,.---,0
802363,Jordan Geber,2025,Scottsdale Scorpions,Glendale Desert Dogs,2025-11-11,True,False,825608,R,0,3,.250,0,0,3,0,0,0,.---,0,0,1,6.75,0,1,1,1,0,0,2,2.50,0,0,1,13.50,0,0,0.00,1,1,0.2,0,0,12,.333,1.333,2,0,18.00,1,13.50,0,0,0,0,0,1.000,.---,0,0,.580,-.--,0.00,7,"0.2 IP, ER, 0 K, 0 BB",3,1,0.00,1.00,0,.---,0
800344,Sean Paul Liñan,2025,Scottsdale Scorpions,Peoria Javelinas,2025-10-06,True,False,825618,R,1,6,.000,0,4,10,0,0,0,.000,0,0,0,0.00,1,0,1,1,0,0,2,2.00,0,0,0,0.00,0,0,0.00,0,0,2.0,0,0,45,.400,.400,6,0,22.50,0,0.00,0,0,0,0,0,.000,1.000,2,3,.490,0.75,13.50,22,"2.0 IP, 0 ER, 3 K, 4 BB",0,0,18.00,2.00,1,.---,0
800344,Sean Paul Liñan,2025,Scottsdale Scorpions,Salt River Rafters,2025-10-15,True,False,825622,R,3,10,.063,0,0,10,0,0,0,.---,0,0,1,1.80,1,0,1,1,1,0,3,1.25,0,0,1,3.00,0,1,3.00,0,0,3.0,0,0,26,.100,.500,9,0,8.67,1,3.00,0,0,0,0,0,.400,.---,0,3,.690,-.--,9.00,18,"3.0 IP, ER, 3 K, 0 BB",4,0,0.00,1.00,0,.---,0
800233,Ernesto Mercedes,2025,Scottsdale Scorpions,Mesa Solar Sox,2025-10-26,True,True,825609,R,2,4,.500,1,1,6,1,0,0,.---,0,0,2,18.00,1,0,1,1,0,0,0,0.00,1,1,2,18.00,0,0,0.00,0,0,1.0,0,0,17,.667,1.167,3,0,17.00,2,18.00,0,0,1,0,0,.500,.---,0,0,.470,0.00,0.00,8,"1.0 IP, 2 ER, 0 K, BB",2,0,9.00,3.00,1,.---,0
800233,Ernesto Mercedes,2025,Scottsdale Scorpions,Salt River Rafters,2025-11-01,True,True,825611,R,0,4,.625,0,1,6,0,0,0,.---,0,2,5,63.00,0,0,1,1,0,0,1,0.50,1,1,3,-.--,0,0,-.--,0,0,0.0,0,0,28,.833,2.083,0,0,-.--,5,-.--,0,0,0,0,0,1.250,.---,0,0,.610,0.00,-.--,17,"0.0 IP, 5 ER, 0 K, BB",5,0,-.--,7.00,1,.---,0
800233,Ernesto Mercedes,2025,Scottsdale Scorpions,Surprise Saguaros,2025-11-05,False,True,825577,R,0,4,.667,0,2,6,0,0,1,1.000,0,3,2,48.60,0,0,1,1,0,0,1,1.00,0,0,3,40.50,1,0,0.00,0,0,0.2,0,0,26,.833,2.333,2,0,39.00,2,27.00,0,0,0,0,0,1.500,.000,0,0,.580,0.00,0.00,15,"0.2 IP, 2 ER, 0 K, 2 BB",6,0,27.00,7.20,0,.---,0
800233,Ernesto Mercedes,2025,Scottsdale Scorpions,Glendale Desert Dogs,2025-11-11,True,False,825608,R,1,4,.563,0,0,4,0,0,0,.---,0,1,0,30.38,1,0,1,1,0,0,1,1.00,0,0,1,9.00,0,0,0.00,0,0,1.0,0,0,14,.250,.750,3,0,14.00,0,0.00,0,0,0,0,0,.500,.---,0,1,.640,-.--,9.00,9,"1.0 IP, 0 ER, K, 0 BB",2,0,0.00,4.88,0,.---,0
694793,Jadon Bercovich,2025,Mesa Solar Sox,Scottsdale Scorpions,2025-10-10,False,False,825620,R,1,4,.250,0,0,4,0,0,0,.---,0,0,0,0.00,1,0,1,1,0,0,0,0.00,0,0,1,9.00,0,0,0.00,0,0,1.0,0,0,17,.250,.500,3,0,17.00,0,0.00,0,0,0,0,0,.250,.---,0,2,.590,-.--,18.00,10,"1.0 IP, 0 ER, 2 K, 0 BB",1,0,0.00,1.00,1,.---,0
694793,Jadon Bercovich,2025,Mesa Solar Sox,Surprise Saguaros,2025-10-15,False,False,825589,R,1,5,.333,0,1,8,0,0,0,.000,0,0,2,7.71,1,0,1,1,0,0,1,0.50,2,2,2,13.50,0,0,0.00,0,0,1.1,0,0,33,.625,1.025,4,0,24.75,2,13.50,0,0,0,0,0,.400,1.000,2,1,.580,1.00,6.75,19,"1.1 IP, 2 ER, K, BB",2,0,6.75,1.71,0,.---,0
694793,Jadon Bercovich,2025,Mesa Solar Sox,Surprise Saguaros,2025-10-23,True,False,825600,R,2,4,.308,0,1,5,0,0,0,.000,0,0,0,5.40,0,0,1,1,0,0,0,0.25,0,0,1,9.00,0,0,0.00,0,0,1.0,0,0,25,.400,.650,3,0,25.00,0,0.00,0,0,0,0,0,.250,1.000,1,1,.560,1.00,9.00,14,"1.0 IP, 0 ER, K, BB",1,0,9.00,1.80,0,.---,0
694793,Jadon Bercovich,2025,Mesa Solar Sox,Glendale Desert Dogs,2025-10-29,False,False,825656,R,2,4,.294,0,0,4,0,0,0,.---,0,0,0,4.15,2,1,1,1,0,0,1,0.33,0,0,1,9.00,0,0,0.00,0,0,1.0,0,0,7,.250,.500,3,0,7.00,0,0.00,0,0,0,0,0,.250,.---,0,0,.860,-.--,0.00,6,"1.0 IP, 0 ER, 0 K, 0 BB",1,0,0.00,1.62,0,.---,0
694793,Jadon Bercovich,2025,Mesa Solar Sox,Salt River Rafters,2025-11-02,True,True,825597,R,1,1,.278,0,1,2,0,0,0,.000,0,0,0,3.86,1,0,1,1,0,0,0,0.29,0,0,0,0.00,0,0,0.00,2,0,0.1,0,0,14,.500,.500,1,0,42.00,0,0.00,0,0,0,0,0,.000,1.000,1,0,.500,0.00,0.00,7,"0.1 IP, 0 ER, 0 K, BB",0,0,27.00,1.71,0,.---,0
694793,Jadon Bercovich,2025,Mesa Solar Sox,Scottsdale Scorpions,2025-11-06,True,False,825593,R,3,4,.227,0,1,5,0,0,0,.---,0,0,0,3.00,0,1,1,1,0,0,0,0.20,0,0,0,0.00,0,0,0.00,2,0,1.1,0,0,20,.200,.200,4,0,15.00,0,0.00,0,0,0,0,0,.000,.---,0,1,.650,1.00,6.75,13,"1.1 IP, 0 ER, K, BB",0,0,6.75,1.50,0,.---,0
694793,Jadon Bercovich,2025,Mesa Solar Sox,Surprise Saguaros,2025-11-13,False,False,825580,L,0,1,.000,0,0,1,0,0,0,.---,0,0,0,0.00,0,0,1,1,0,0,0,-.--,0,0,0,0.00,0,0,0.00,2,0,0.1,0,0,6,.000,.000,1,0,18.00,0,0.00,0,0,0,0,0,.000,.---,0,1,.670,-.--,27.00,4,"0.1 IP, 0 ER, K, 0 BB",0,0,0.00,0.00,0,.---,0
700579,Nathan Dettmer,2025,Mesa Solar Sox,Salt River Rafters,2025-10-09,False,True,825637,R,2,11,.455,0,2,14,0,0,2,.500,0,1,4,13.50,0,0,1,1,0,0,3,1.50,1,1,5,16.88,0,1,3.38,0,0,2.2,0,0,58,.571,1.389,8,0,21.75,4,13.50,0,0,0,0,0,.818,.500,2,1,.600,0.50,3.38,35,"2.2 IP, 4 ER, K, 2 BB",9,0,6.75,2.63,0,.---,0
700579,Nathan Dettmer,2025,Mesa Solar Sox,Scottsdale Scorpions,2025-10-17,True,False,825595,R,3,14,.360,0,1,16,0,0,0,.---,0,1,5,13.50,2,0,1,1,0,0,3,1.20,1,1,4,10.80,0,1,2.70,1,0,3.1,0,0,66,.375,.946,10,0,19.80,5,13.50,0,0,0,0,0,.571,.---,0,4,.680,4.00,10.80,45,"3.1 IP, 5 ER, 4 K, BB",8,0,2.70,2.00,0,.---,0
700579,Nathan Dettmer,2025,Mesa Solar Sox,Surprise Saguaros,2025-10-25,False,True,825585,R,3,11,.361,0,2,13,0,0,1,1.000,0,0,3,12.00,2,0,1,1,1,1,1,0.88,0,0,4,12.00,0,1,3.00,0,0,3.0,0,0,57,.462,1.098,9,0,19.00,3,9.00,0,0,0,0,0,.636,.000,0,3,.630,1.50,9.00,36,"3.0 IP, 3 ER, 3 K, 2 BB",7,0,6.00,2.00,1,.---,0
700579,Nathan Dettmer,2025,Mesa Solar Sox,Glendale Desert Dogs,2025-11-01,True,True,825598,R,3,10,.413,0,0,10,0,0,0,.---,0,1,4,13.09,1,0,1,1,1,1,1,0.73,0,0,6,27.00,0,1,4.50,0,0,2.0,0,0,26,.600,1.600,6,0,13.00,4,18.00,0,0,0,0,0,1.000,.---,0,0,.770,-.--,0.00,20,"2.0 IP, 4 ER, 0 K, 0 BB",10,0,0.00,2.18,0,.---,0
700579,Nathan Dettmer,2025,Mesa Solar Sox,Glendale Desert Dogs,2025-11-05,True,False,825594,R,3,6,.442,0,3,12,0,0,0,.---,0,0,6,16.50,3,0,1,1,0,0,0,0.57,2,2,4,36.00,0,1,9.00,0,0,1.0,0,0,46,.750,1.917,3,0,46.00,6,54.00,0,1,0,0,0,1.167,.---,0,0,.460,0.00,0.00,21,"1.0 IP, 6 ER, 0 K, 3 BB",7,0,27.00,2.58,0,.---,0
700579,Nathan Dettmer,2025,Mesa Solar Sox,Peoria Javelinas,2025-11-11,True,True,825592,R,2,12,.406,0,1,13,0,0,0,.---,0,1,2,14.40,1,0,1,1,1,0,2,0.63,0,0,3,9.00,0,1,3.00,0,0,3.0,0,0,51,.308,.891,9,0,17.00,2,6.00,0,0,0,0,0,.583,.---,0,5,.690,5.00,15.00,35,"3.0 IP, 2 ER, 5 K, BB",7,0,3.00,2.33,0,.---,0
801995,Aiden May,2025,Mesa Solar Sox,Scottsdale Scorpions,2025-10-10,False,False,825620,R,3,12,.167,1,1,15,0,0,1,1.000,0,1,2,4.50,1,0,1,1,1,1,3,1.00,2,2,2,4.50,0,0,0.00,0,0,4.0,0,0,52,.333,.583,12,0,13.00,2,4.50,0,0,0,0,0,.250,.000,0,4,.620,4.00,9.00,32,"4.0 IP, 2 ER, 4 K, BB",3,0,2.25,0.75,0,.---,0
801995,Aiden May,2025,Mesa Solar Sox,Glendale Desert Dogs,2025-10-18,False,True,825663,R,5,12,.125,0,1,14,0,0,0,.000,0,0,1,3.38,3,0,1,1,1,1,3,0.75,1,1,1,2.25,0,0,0.00,0,0,4.0,0,0,56,.214,.297,12,0,14.00,1,2.25,0,0,0,0,0,.083,1.000,1,3,.590,3.00,6.75,33,"4.0 IP, ER, 3 K, BB",1,0,2.25,0.63,0,.---,0
801995,Aiden May,2025,Mesa Solar Sox,Scottsdale Scorpions,2025-10-26,False,False,825609,R,1,8,.156,0,1,10,0,0,0,.000,0,0,0,2.79,1,0,1,1,1,0,0,0.67,1,1,2,10.80,0,0,0.00,0,0,1.2,0,0,45,.400,.650,5,0,27.00,2,10.80,0,0,0,0,0,.250,1.000,1,5,.640,5.00,27.00,29,"1.2 IP, 0 ER, 5 K, BB",2,0,5.40,0.83,1,.---,0
801995,Aiden May,2025,Mesa Solar Sox,Salt River Rafters,2025-11-02,True,True,825597,R,2,12,.182,0,4,16,0,0,0,.---,0,0,2,3.38,1,0,1,1,1,2,5,1.00,0,0,3,7.36,0,0,0.00,0,0,3.2,0,0,59,.438,.688,11,0,16.09,2,4.91,0,0,0,0,0,.250,.---,0,2,.560,0.50,4.91,33,"3.2 IP, 2 ER, 2 K, 4 BB",3,0,9.82,1.13,0,.---,0
801995,Aiden May,2025,Mesa Solar Sox,Glendale Desert Dogs,2025-11-10,False,True,825653,R,3,7,.176,0,1,8,0,0,1,1.000,0,0,0,2.93,2,0,1,1,1,0,2,0.93,0,0,1,4.50,0,0,0.00,0,0,2.0,0,0,34,.250,.393,6,0,17.00,0,0.00,0,0,0,0,0,.143,.000,0,1,.590,1.00,4.50,20,"2.0 IP, 0 ER, K, BB",1,0,4.50,1.11,0,.---,0
681415,Jack Sellinger,2025,Mesa Solar Sox,Surprise Saguaros,2025-10-07,True,False,825607,R,1,3,.000,0,1,4,0,0,0,.---,0,0,0,0.00,0,1,1,1,0,0,1,1.00,0,0,0,0.00,0,0,0.00,0,0,1.0,0,0,21,.250,.250,3,0,21.00,0,0.00,0,0,0,0,0,.000,.---,0,1,.520,1.00,9.00,11,"1.0 IP, 0 ER, K, BB",0,0,9.00,1.00,0,.---,0
681415,Jack Sellinger,2025,Mesa Solar Sox,Scottsdale Scorpions,2025-10-10,False,False,825620,R,0,7,.400,0,1,8,0,0,0,.000,0,0,3,13.50,0,0,1,1,0,0,1,2.00,0,0,4,36.00,0,0,0.00,2,2,1.0,0,0,27,.625,1.196,3,0,27.00,4,36.00,0,0,0,0,0,.571,1.000,2,2,.560,2.00,18.00,15,"1.0 IP, 3 ER, 2 K, BB",4,0,9.00,3.00,1,.---,0
681415,Jack Sellinger,2025,Mesa Solar Sox,Scottsdale Scorpions,2025-10-26,False,False,825609,R,0,4,.357,0,0,4,0,0,1,1.000,0,1,1,12.00,0,0,1,1,0,0,1,3.00,0,0,1,9.00,0,0,0.00,0,0,1.0,0,0,19,.250,.750,3,0,19.00,1,9.00,0,0,0,0,0,.500,.000,0,2,.630,-.--,18.00,12,"1.0 IP, ER, 2 K, 0 BB",2,0,0.00,2.33,1,.---,0
681415,Jack Sellinger,2025,Mesa Solar Sox,Surprise Saguaros,2025-10-31,False,True,825582,R,0,3,.353,0,0,4,0,0,0,.000,0,0,1,11.25,0,0,1,1,0,1,1,4.00,1,1,1,9.00,0,0,0.00,0,0,1.0,0,0,15,.500,.833,3,0,15.00,1,9.00,0,0,0,0,0,.333,1.000,1,1,.670,-.--,9.00,10,"1.0 IP, ER, K, 0 BB",1,0,0.00,2.00,0,.---,0
681415,Jack Sellinger,2025,Mesa Solar Sox,Scottsdale Scorpions,2025-11-04,True,True,825596,R,0,3,.350,0,0,3,0,0,0,.---,0,0,0,9.00,0,0,1,1,0,1,1,5.00,0,0,1,9.00,0,0,0.00,2,0,1.0,0,0,14,.333,.666,3,0,14.00,0,0.00,0,0,0,0,0,.333,.---,0,1,.500,-.--,9.00,7,"1.0 IP, 0 ER, K, 0 BB",1,0,0.00,1.80,0,.---,0
681415,Jack Sellinger,2025,Mesa Solar Sox,Peoria Javelinas,2025-11-07,False,False,825640,R,1,4,.292,0,0,4,0,0,0,.000,0,0,0,7.50,1,0,1,1,0,0,0,2.50,0,0,0,0.00,0,0,0.00,0,0,1.0,0,0,14,.000,.000,3,0,14.00,0,0.00,0,0,0,0,0,.000,1.000,1,3,.860,-.--,27.00,12,"1.0 IP, 0 ER, 3 K, 0 BB",0,0,0.00,1.50,0,.---,0
681415,Jack Sellinger,2025,Mesa Solar Sox,Glendale Desert Dogs,2025-11-10,False,True,825653,R,0,5,.310,0,0,5,1,0,0,.000,0,1,1,7.71,0,0,1,1,0,0,1,3.00,0,0,2,18.00,0,0,0.00,0,0,1.0,0,0,20,.400,1.000,3,0,20.00,1,9.00,0,0,1,0,0,.600,1.000,1,2,.600,-.--,18.00,12,"1.0 IP, ER, 2 K, 0 BB",3,0,0.00,1.57,0,.---,0
681415,Jack Sellinger,2025,Mesa Solar Sox,Surprise Saguaros,2025-11-13,False,False,825580,L,2,7,.143,0,1,8,0,0,0,.---,0,0,0,0.00,2,0,1,1,0,0,2,1.00,0,0,1,4.50,0,0,0.00,0,0,2.0,0,0,27,.250,.393,6,0,13.50,0,0.00,0,0,0,0,0,.143,.---,0,2,.700,2.00,9.00,19,"2.0 IP, 0 ER, 2 K, BB",1,0,4.50,1.00,0,.---,0
688636,Adam Stone,2025,Mesa Solar Sox,Salt River Rafters,2025-10-09,False,True,825637,R,0,3,.333,0,1,4,0,0,0,.000,0,0,2,27.00,0,0,1,1,0,0,0,-.--,0,0,1,13.50,0,0,0.00,0,0,0.2,0,0,22,.500,.833,2,0,33.00,2,27.00,0,0,0,0,0,.333,1.000,3,2,.590,2.00,27.00,13,"0.2 IP, 2 ER, 2 K, BB",1,0,13.50,3.00,0,.---,0
688636,Adam Stone,2025,Mesa Solar Sox,Peoria Javelinas,2025-10-16,True,False,825603,R,0,4,.571,0,0,4,0,0,0,.000,0,1,3,45.00,0,0,1,1,0,0,0,-.--,0,0,3,81.00,0,0,0.00,0,0,0.1,0,0,20,.750,1.750,1,0,60.00,3,81.00,0,0,0,0,0,1.000,1.000,1,1,.700,-.--,27.00,14,"0.1 IP, 3 ER, K, 0 BB",4,0,0.00,5.00,0,.---,0
688636,Adam Stone,2025,Mesa Solar Sox,Salt River Rafters,2025-10-21,True,False,825601,R,1,3,.400,0,1,4,0,0,0,.---,0,0,0,22.50,0,0,1,1,0,0,2,2.00,0,0,0,0.00,0,0,0.00,0,0,1.0,0,0,16,.250,.250,3,0,16.00,0,0.00,0,0,0,0,0,.000,.---,0,0,.500,0.00,0.00,8,"1.0 IP, 0 ER, 0 K, BB",0,0,9.00,3.00,0,.---,0
688636,Adam Stone,2025,Mesa Solar Sox,Scottsdale Scorpions,2025-10-26,False,False,825609,R,1,4,.429,0,0,4,0,0,0,.000,0,0,1,18.00,0,0,1,1,0,0,1,1.50,0,0,2,18.00,0,0,0.00,0,0,1.0,0,0,19,.500,1.000,3,0,19.00,1,9.00,0,0,0,0,0,.500,1.000,1,0,.680,-.--,0.00,13,"1.0 IP, ER, 0 K, 0 BB",2,0,0.00,2.67,0,.---,0
688636,Adam Stone,2025,Mesa Solar Sox,Surprise Saguaros,2025-10-31,False,True,825582,R,1,3,.412,0,0,3,0,0,0,.---,0,0,0,13.50,1,0,1,1,0,1,1,1.33,0,0,1,9.00,0,0,0.00,0,0,1.0,0,0,9,.333,.666,3,0,9.00,0,0.00,0,0,0,0,0,.333,.---,0,0,.670,-.--,0.00,6,"1.0 IP, 0 ER, 0 K, 0 BB",1,0,0.00,2.25,0,.---,0
688636,Adam Stone,2025,Mesa Solar Sox,Scottsdale Scorpions,2025-11-06,True,False,825593,R,0,4,.476,0,1,5,0,0,1,.500,0,0,1,14.54,0,0,1,1,0,0,1,1.67,0,0,3,81.00,0,0,0.00,0,0,0.1,0,0,19,.800,1.550,1,0,57.00,2,54.00,0,0,0,0,0,.750,.500,1,0,.470,0.00,0.00,9,"0.1 IP, ER, 0 K, BB",3,0,27.00,3.00,0,.---,0
688636,Adam Stone,2025,Mesa Solar Sox,Peoria Javelinas,2025-11-11,True,True,825592,R,2,4,.440,0,0,4,0,0,0,.---,0,0,0,11.81,1,0,1,1,0,0,0,1.00,0,0,1,9.00,0,0,0.00,0,0,1.0,0,0,10,.250,.500,3,0,10.00,0,0.00,0,0,0,0,0,.250,.---,0,1,.900,-.--,9.00,9,"1.0 IP, 0 ER, K, 0 BB",1,0,0.00,2.63,0,.---,0
694900,Kyle Amendt,2025,Salt River Rafters,Scottsdale Scorpions,2025-10-08,False,False,825619,R,0,6,.500,0,1,7,0,0,0,.000,0,0,2,27.00,0,0,1,1,0,0,2,2.00,0,0,3,40.50,0,0,0.00,0,0,0.2,0,0,25,.571,1.071,2,0,37.50,4,54.00,0,0,0,0,0,.500,1.000,1,1,.560,1.00,13.50,14,"0.2 IP, 2 ER, K, BB",3,0,13.50,6.00,2,.---,0
694900,Kyle Amendt,2025,Salt River Rafters,Glendale Desert Dogs,2025-10-14,True,True,825636,R,0,3,.333,0,0,3,0,0,0,.---,0,0,0,10.80,0,0,1,1,0,0,0,2.00,0,0,0,0.00,1,0,0.00,0,0,1.0,0,0,15,.000,.000,3,0,15.00,0,0.00,0,0,0,0,0,.000,.---,0,3,.600,-.--,27.00,9,"1.0 IP, 0 ER, 3 K, 0 BB",0,0,0.00,2.40,0,.---,0
694900,Kyle Amendt,2025,Salt River Rafters,Peoria Javelinas,2025-10-18,False,True,825644,R,0,5,.429,0,0,5,0,0,0,.---,0,1,2,15.43,0,0,1,1,0,0,0,2.00,0,0,3,40.50,0,0,0.00,0,0,0.2,0,0,27,.600,1.400,2,0,40.50,2,27.00,0,0,0,0,0,.800,.---,0,2,.560,-.--,27.00,15,"0.2 IP, 2 ER, 2 K, 0 BB",4,0,0.00,3.00,0,.---,0
694900,Kyle Amendt,2025,Salt River Rafters,Mesa Solar Sox,2025-10-21,False,True,825601,R,1,3,.353,0,0,3,0,0,0,.---,0,0,0,10.80,1,0,1,1,0,0,0,2.00,0,0,0,0.00,1,0,0.00,0,0,1.0,0,0,11,.000,.000,3,0,11.00,0,0.00,0,0,0,0,0,.000,.---,0,2,.640,-.--,18.00,7,"1.0 IP, 0 ER, 2 K, 0 BB",0,0,0.00,2.10,0,.---,0
694900,Kyle Amendt,2025,Salt River Rafters,Scottsdale Scorpions,2025-10-24,True,False,825629,R,0,3,.300,0,2,5,0,0,0,.---,0,0,0,8.31,0,0,1,1,0,0,1,3.00,0,0,0,0.00,0,0,0.00,0,0,1.0,0,0,23,.400,.400,3,0,23.00,0,0.00,0,0,0,0,0,.000,.---,0,2,.610,1.00,18.00,14,"1.0 IP, 0 ER, 2 K, 2 BB",0,0,18.00,2.08,0,.---,0
694900,Kyle Amendt,2025,Salt River Rafters,Peoria Javelinas,2025-10-29,True,False,825628,R,1,1,.286,0,4,6,0,0,0,.---,0,0,1,9.00,0,0,1,1,0,0,0,1.50,0,0,0,0.00,0,0,0.00,2,2,0.2,0,0,26,.667,.667,2,0,39.00,1,13.50,0,1,0,0,0,.000,.---,0,1,.350,0.25,13.50,9,"0.2 IP, ER, K, 4 BB",0,0,54.00,2.60,0,.---,0
679555,Brandon Dufault,2025,Salt River Rafters,Mesa Solar Sox,2025-10-09,True,False,825637,R,1,9,.222,0,3,12,1,0,0,.000,0,1,3,13.50,0,0,1,1,0,0,4,4.00,0,0,2,9.00,0,0,0.00,0,0,2.0,0,0,50,.417,.750,6,0,25.00,5,22.50,0,0,1,0,0,.333,1.000,1,2,.480,0.67,9.00,24,"2.0 IP, 3 ER, 2 K, 3 BB",3,0,13.50,2.50,2,.---,0
679555,Brandon Dufault,2025,Salt River Rafters,Peoria Javelinas,2025-10-18,False,True,825644,R,2,8,.176,0,2,12,0,0,0,.---,0,0,2,9.00,1,0,1,1,1,0,5,3.00,1,1,1,3.00,0,0,0.00,0,0,3.0,0,0,55,.364,.489,9,0,18.33,2,6.00,1,0,0,0,0,.125,.---,0,1,.450,0.50,3.00,25,"3.0 IP, 2 ER, K, 2 BB",1,0,6.00,1.60,1,.---,0
679555,Brandon Dufault,2025,Salt River Rafters,Glendale Desert Dogs,2025-10-26,False,False,825660,R,3,8,.160,0,4,12,0,0,1,.333,0,0,2,8.22,2,0,1,1,0,0,1,1.67,0,0,1,3.38,0,0,0.00,0,0,2.2,0,0,58,.417,.542,8,0,21.75,3,10.13,0,0,0,0,0,.125,.667,2,3,.480,0.75,10.13,28,"2.2 IP, 2 ER, 3 K, 4 BB",1,0,13.50,1.70,1,.---,0
679555,Brandon Dufault,2025,Salt River Rafters,Mesa Solar Sox,2025-11-02,False,False,825597,R,0,11,.167,0,4,16,0,0,0,.000,0,1,3,8.18,0,0,1,1,1,1,6,2.67,1,1,2,5.40,0,0,0.00,0,0,3.1,0,0,59,.438,.711,10,0,17.70,3,8.10,0,0,0,0,0,.273,1.000,2,3,.530,0.75,8.10,31,"3.1 IP, 3 ER, 3 K, 4 BB",3,0,10.80,1.73,0,.---,0
679555,Brandon Dufault,2025,Salt River Rafters,Scottsdale Scorpions,2025-11-10,True,True,825623,R,2,10,.152,0,2,12,0,0,1,1.000,0,0,0,6.43,1,0,1,1,1,0,4,2.50,0,0,1,3.00,0,0,0.00,0,0,3.0,0,0,53,.250,.350,9,0,17.67,0,0.00,0,0,0,0,0,.100,.000,0,3,.550,1.50,9.00,29,"3.0 IP, 0 ER, 3 K, 2 BB",1,0,6.00,1.57,0,.---,0
695293,Jojo Ingrassia,2025,Salt River Rafters,Scottsdale Scorpions,2025-10-08,False,False,825619,R,0,8,.375,0,2,11,0,0,0,.000,0,1,1,5.40,0,0,1,1,1,0,2,2.00,1,1,3,16.20,0,0,0.00,0,0,1.2,0,0,47,.545,1.045,5,0,28.20,1,5.40,0,0,0,0,0,.500,1.000,1,3,.490,1.50,16.20,23,"1.2 IP, ER, 3 K, 2 BB",4,0,10.80,3.00,2,.---,0
695293,Jojo Ingrassia,2025,Salt River Rafters,Surprise Saguaros,2025-10-16,True,False,825633,R,3,11,.316,0,2,14,0,0,0,.---,0,0,4,10.38,1,0,1,1,0,0,2,1.33,0,0,3,10.13,0,1,3.38,0,0,2.2,0,0,51,.357,.902,8,0,19.13,5,16.88,0,1,0,0,0,.545,.---,0,4,.490,2.00,13.50,25,"2.2 IP, 4 ER, 4 K, 2 BB",6,0,6.75,2.31,0,.---,0
695293,Jojo Ingrassia,2025,Salt River Rafters,Glendale Desert Dogs,2025-10-23,True,True,825630,R,1,10,.345,0,2,12,0,0,0,.000,0,2,4,13.50,1,0,1,1,1,0,2,1.50,0,0,4,21.60,0,0,0.00,0,0,1.2,0,0,57,.500,1.100,5,0,34.20,4,21.60,0,0,0,0,0,.600,1.000,2,3,.580,1.50,16.20,33,"1.2 IP, 4 ER, 3 K, 2 BB",6,0,10.80,2.67,1,.---,0
695293,Jojo Ingrassia,2025,Salt River Rafters,Mesa Solar Sox,2025-10-30,True,False,825627,R,3,13,.333,0,1,14,1,0,0,.---,0,1,1,10.00,2,0,1,1,0,0,4,1.43,0,0,4,12.00,0,0,0.00,0,0,3.0,0,0,40,.357,.742,9,0,13.33,1,3.00,0,0,1,0,0,.385,.---,0,2,.650,2.00,6.00,26,"3.0 IP, ER, 2 K, BB",5,0,3.00,2.33,0,.---,0
695293,Jojo Ingrassia,2025,Salt River Rafters,Surprise Saguaros,2025-11-06,True,False,825624,R,1,3,.311,0,2,5,0,0,0,.---,0,0,0,9.00,0,0,1,1,0,0,1,1.38,0,0,0,0.00,0,0,0.00,0,0,1.0,0,0,23,.400,.400,3,0,23.00,0,0.00,0,0,0,0,0,.000,.---,0,1,.350,0.50,9.00,8,"1.0 IP, 0 ER, K, 2 BB",0,0,18.00,2.30,1,.---,0
